{"timestamp":"2025-12-07T09:07:38.347181","level":"info","event":"Filling up the DagBag from /opt/airflow/dags/tsetmc_history_dag.py","logger":"airflow.models.dagbag.DagBag"}
{"timestamp":"2025-12-07T09:08:12.654641","level":"info","event":"Filling up the DagBag from /opt/airflow/dags/tsetmc_history_dag.py","logger":"airflow.models.dagbag.DagBag"}
{"timestamp":"2025-12-07T09:08:43.498872","level":"info","event":"Filling up the DagBag from /opt/airflow/dags/tsetmc_history_dag.py","logger":"airflow.models.dagbag.DagBag"}
{"timestamp":"2025-12-07T09:09:31.392787","level":"info","event":"Filling up the DagBag from /opt/airflow/dags/tsetmc_history_dag.py","logger":"airflow.models.dagbag.DagBag"}
{"timestamp":"2025-12-07T09:10:04.552128","level":"info","event":"Filling up the DagBag from /opt/airflow/dags/tsetmc_history_dag.py","logger":"airflow.models.dagbag.DagBag"}
{"timestamp":"2025-12-07T09:10:35.807564","level":"info","event":"Filling up the DagBag from /opt/airflow/dags/tsetmc_history_dag.py","logger":"airflow.models.dagbag.DagBag"}
{"timestamp":"2025-12-07T09:11:09.809418","level":"info","event":"Filling up the DagBag from /opt/airflow/dags/tsetmc_history_dag.py","logger":"airflow.models.dagbag.DagBag"}
{"timestamp":"2025-12-07T09:11:41.170019","level":"info","event":"Filling up the DagBag from /opt/airflow/dags/tsetmc_history_dag.py","logger":"airflow.models.dagbag.DagBag"}
{"timestamp":"2025-12-07T09:12:12.305978","level":"info","event":"Filling up the DagBag from /opt/airflow/dags/tsetmc_history_dag.py","logger":"airflow.models.dagbag.DagBag"}
{"timestamp":"2025-12-07T09:12:43.499120","level":"info","event":"Filling up the DagBag from /opt/airflow/dags/tsetmc_history_dag.py","logger":"airflow.models.dagbag.DagBag"}
{"timestamp":"2025-12-07T09:13:14.521702","level":"info","event":"Filling up the DagBag from /opt/airflow/dags/tsetmc_history_dag.py","logger":"airflow.models.dagbag.DagBag"}
{"timestamp":"2025-12-07T09:13:45.546745","level":"info","event":"Filling up the DagBag from /opt/airflow/dags/tsetmc_history_dag.py","logger":"airflow.models.dagbag.DagBag"}
{"timestamp":"2025-12-07T09:14:16.619251","level":"info","event":"Filling up the DagBag from /opt/airflow/dags/tsetmc_history_dag.py","logger":"airflow.models.dagbag.DagBag"}
{"timestamp":"2025-12-07T09:14:47.655715","level":"info","event":"Filling up the DagBag from /opt/airflow/dags/tsetmc_history_dag.py","logger":"airflow.models.dagbag.DagBag"}
{"timestamp":"2025-12-07T09:15:18.709461","level":"info","event":"Filling up the DagBag from /opt/airflow/dags/tsetmc_history_dag.py","logger":"airflow.models.dagbag.DagBag"}
{"timestamp":"2025-12-07T09:16:01.502015","level":"info","event":"Filling up the DagBag from /opt/airflow/dags/tsetmc_history_dag.py","logger":"airflow.models.dagbag.DagBag"}
{"timestamp":"2025-12-07T09:16:34.442899","level":"info","event":"Filling up the DagBag from /opt/airflow/dags/tsetmc_history_dag.py","logger":"airflow.models.dagbag.DagBag"}
{"timestamp":"2025-12-07T09:17:05.533957","level":"info","event":"Filling up the DagBag from /opt/airflow/dags/tsetmc_history_dag.py","logger":"airflow.models.dagbag.DagBag"}
{"timestamp":"2025-12-07T09:17:36.636826","level":"info","event":"Filling up the DagBag from /opt/airflow/dags/tsetmc_history_dag.py","logger":"airflow.models.dagbag.DagBag"}
{"timestamp":"2025-12-07T09:18:07.767396","level":"info","event":"Filling up the DagBag from /opt/airflow/dags/tsetmc_history_dag.py","logger":"airflow.models.dagbag.DagBag"}
{"timestamp":"2025-12-07T09:18:38.920222","level":"info","event":"Filling up the DagBag from /opt/airflow/dags/tsetmc_history_dag.py","logger":"airflow.models.dagbag.DagBag"}
{"timestamp":"2025-12-07T09:19:10.086993","level":"info","event":"Filling up the DagBag from /opt/airflow/dags/tsetmc_history_dag.py","logger":"airflow.models.dagbag.DagBag"}
{"timestamp":"2025-12-07T09:19:41.664674","level":"info","event":"Filling up the DagBag from /opt/airflow/dags/tsetmc_history_dag.py","logger":"airflow.models.dagbag.DagBag"}
{"timestamp":"2025-12-07T09:20:12.909294","level":"info","event":"Filling up the DagBag from /opt/airflow/dags/tsetmc_history_dag.py","logger":"airflow.models.dagbag.DagBag"}
{"timestamp":"2025-12-07T09:20:20.994147","level":"info","event":"Filling up the DagBag from /opt/airflow/dags/tsetmc_history_dag.py","logger":"airflow.models.dagbag.DagBag"}
{"timestamp":"2025-12-07T09:20:22.091193","level":"error","event":"Failed to import: /opt/airflow/dags/tsetmc_history_dag.py","logger":"airflow.models.dagbag.DagBag","error_detail":[{"exc_type":"NameError","exc_value":"name 'impo' is not defined","exc_notes":[],"syntax_error":null,"is_cause":false,"frames":[{"filename":"/home/airflow/.local/lib/python3.12/site-packages/airflow/models/dagbag.py","lineno":394,"name":"parse"},{"filename":"<frozen importlib._bootstrap_external>","lineno":999,"name":"exec_module"},{"filename":"<frozen importlib._bootstrap>","lineno":488,"name":"_call_with_frames_removed"},{"filename":"/opt/airflow/dags/tsetmc_history_dag.py","lineno":11,"name":"<module>"}],"is_group":false,"exceptions":[]}]}
{"timestamp":"2025-12-07T09:20:24.381029","level":"info","event":"Filling up the DagBag from /opt/airflow/dags/tsetmc_history_dag.py","logger":"airflow.models.dagbag.DagBag"}
{"timestamp":"2025-12-07T09:20:24.476514","level":"error","event":"Failed to import: /opt/airflow/dags/tsetmc_history_dag.py","logger":"airflow.models.dagbag.DagBag","error_detail":[{"exc_type":"SyntaxError","exc_value":"invalid syntax (tsetmc_history_dag.py, line 11)","exc_notes":[],"syntax_error":{"offset":8,"filename":"/opt/airflow/dags/tsetmc_history_dag.py","line":"import \n","lineno":11,"msg":"invalid syntax"},"is_cause":false,"frames":[{"filename":"/home/airflow/.local/lib/python3.12/site-packages/airflow/models/dagbag.py","lineno":394,"name":"parse"},{"filename":"<frozen importlib._bootstrap_external>","lineno":995,"name":"exec_module"},{"filename":"<frozen importlib._bootstrap_external>","lineno":1133,"name":"get_code"},{"filename":"<frozen importlib._bootstrap_external>","lineno":1063,"name":"source_to_code"},{"filename":"<frozen importlib._bootstrap>","lineno":488,"name":"_call_with_frames_removed"}],"is_group":false,"exceptions":[]}]}
{"timestamp":"2025-12-07T09:20:26.642202","level":"info","event":"Filling up the DagBag from /opt/airflow/dags/tsetmc_history_dag.py","logger":"airflow.models.dagbag.DagBag"}
{"timestamp":"2025-12-07T09:20:27.846451","level":"error","event":"Failed to import: /opt/airflow/dags/tsetmc_history_dag.py","logger":"airflow.models.dagbag.DagBag","error_detail":[{"exc_type":"ModuleNotFoundError","exc_value":"No module named 'bea'","exc_notes":[],"syntax_error":null,"is_cause":false,"frames":[{"filename":"/home/airflow/.local/lib/python3.12/site-packages/airflow/models/dagbag.py","lineno":394,"name":"parse"},{"filename":"<frozen importlib._bootstrap_external>","lineno":999,"name":"exec_module"},{"filename":"<frozen importlib._bootstrap>","lineno":488,"name":"_call_with_frames_removed"},{"filename":"/opt/airflow/dags/tsetmc_history_dag.py","lineno":11,"name":"<module>"}],"is_group":false,"exceptions":[]}]}
{"timestamp":"2025-12-07T09:20:58.758996","level":"info","event":"Filling up the DagBag from /opt/airflow/dags/tsetmc_history_dag.py","logger":"airflow.models.dagbag.DagBag"}
{"timestamp":"2025-12-07T09:20:59.434995","level":"error","event":"Failed to import: /opt/airflow/dags/tsetmc_history_dag.py","logger":"airflow.models.dagbag.DagBag","error_detail":[{"exc_type":"ModuleNotFoundError","exc_value":"No module named 'bea'","exc_notes":[],"syntax_error":null,"is_cause":false,"frames":[{"filename":"/home/airflow/.local/lib/python3.12/site-packages/airflow/models/dagbag.py","lineno":394,"name":"parse"},{"filename":"<frozen importlib._bootstrap_external>","lineno":999,"name":"exec_module"},{"filename":"<frozen importlib._bootstrap>","lineno":488,"name":"_call_with_frames_removed"},{"filename":"/opt/airflow/dags/tsetmc_history_dag.py","lineno":11,"name":"<module>"}],"is_group":false,"exceptions":[]}]}
{"timestamp":"2025-12-07T09:21:29.950617","level":"info","event":"Filling up the DagBag from /opt/airflow/dags/tsetmc_history_dag.py","logger":"airflow.models.dagbag.DagBag"}
{"timestamp":"2025-12-07T09:21:30.582614","level":"error","event":"Failed to import: /opt/airflow/dags/tsetmc_history_dag.py","logger":"airflow.models.dagbag.DagBag","error_detail":[{"exc_type":"ModuleNotFoundError","exc_value":"No module named 'bea'","exc_notes":[],"syntax_error":null,"is_cause":false,"frames":[{"filename":"/home/airflow/.local/lib/python3.12/site-packages/airflow/models/dagbag.py","lineno":394,"name":"parse"},{"filename":"<frozen importlib._bootstrap_external>","lineno":999,"name":"exec_module"},{"filename":"<frozen importlib._bootstrap>","lineno":488,"name":"_call_with_frames_removed"},{"filename":"/opt/airflow/dags/tsetmc_history_dag.py","lineno":11,"name":"<module>"}],"is_group":false,"exceptions":[]}]}
{"timestamp":"2025-12-07T09:22:01.001621","level":"info","event":"Filling up the DagBag from /opt/airflow/dags/tsetmc_history_dag.py","logger":"airflow.models.dagbag.DagBag"}
{"timestamp":"2025-12-07T09:22:01.663852","level":"error","event":"Failed to import: /opt/airflow/dags/tsetmc_history_dag.py","logger":"airflow.models.dagbag.DagBag","error_detail":[{"exc_type":"ModuleNotFoundError","exc_value":"No module named 'bea'","exc_notes":[],"syntax_error":null,"is_cause":false,"frames":[{"filename":"/home/airflow/.local/lib/python3.12/site-packages/airflow/models/dagbag.py","lineno":394,"name":"parse"},{"filename":"<frozen importlib._bootstrap_external>","lineno":999,"name":"exec_module"},{"filename":"<frozen importlib._bootstrap>","lineno":488,"name":"_call_with_frames_removed"},{"filename":"/opt/airflow/dags/tsetmc_history_dag.py","lineno":11,"name":"<module>"}],"is_group":false,"exceptions":[]}]}
{"timestamp":"2025-12-07T09:22:06.825360","level":"info","event":"Filling up the DagBag from /opt/airflow/dags/tsetmc_history_dag.py","logger":"airflow.models.dagbag.DagBag"}
{"timestamp":"2025-12-07T09:22:06.846646","level":"error","event":"Failed to import: /opt/airflow/dags/tsetmc_history_dag.py","logger":"airflow.models.dagbag.DagBag","error_detail":[{"exc_type":"SyntaxError","exc_value":"invalid syntax (tsetmc_history_dag.py, line 11)","exc_notes":[],"syntax_error":{"offset":8,"filename":"/opt/airflow/dags/tsetmc_history_dag.py","line":"import \n","lineno":11,"msg":"invalid syntax"},"is_cause":false,"frames":[{"filename":"/home/airflow/.local/lib/python3.12/site-packages/airflow/models/dagbag.py","lineno":394,"name":"parse"},{"filename":"<frozen importlib._bootstrap_external>","lineno":995,"name":"exec_module"},{"filename":"<frozen importlib._bootstrap_external>","lineno":1133,"name":"get_code"},{"filename":"<frozen importlib._bootstrap_external>","lineno":1063,"name":"source_to_code"},{"filename":"<frozen importlib._bootstrap>","lineno":488,"name":"_call_with_frames_removed"}],"is_group":false,"exceptions":[]}]}
{"timestamp":"2025-12-07T09:22:08.949277","level":"info","event":"Filling up the DagBag from /opt/airflow/dags/tsetmc_history_dag.py","logger":"airflow.models.dagbag.DagBag"}
{"timestamp":"2025-12-07T09:22:09.616447","level":"error","event":"Failed to import: /opt/airflow/dags/tsetmc_history_dag.py","logger":"airflow.models.dagbag.DagBag","error_detail":[{"exc_type":"ModuleNotFoundError","exc_value":"No module named 'bea'","exc_notes":[],"syntax_error":null,"is_cause":false,"frames":[{"filename":"/home/airflow/.local/lib/python3.12/site-packages/airflow/models/dagbag.py","lineno":394,"name":"parse"},{"filename":"<frozen importlib._bootstrap_external>","lineno":999,"name":"exec_module"},{"filename":"<frozen importlib._bootstrap>","lineno":488,"name":"_call_with_frames_removed"},{"filename":"/opt/airflow/dags/tsetmc_history_dag.py","lineno":11,"name":"<module>"}],"is_group":false,"exceptions":[]}]}
{"timestamp":"2025-12-07T09:22:39.753036","level":"info","event":"Filling up the DagBag from /opt/airflow/dags/tsetmc_history_dag.py","logger":"airflow.models.dagbag.DagBag"}
{"timestamp":"2025-12-07T09:22:40.589591","level":"error","event":"Failed to import: /opt/airflow/dags/tsetmc_history_dag.py","logger":"airflow.models.dagbag.DagBag","error_detail":[{"exc_type":"ModuleNotFoundError","exc_value":"No module named 'bea'","exc_notes":[],"syntax_error":null,"is_cause":false,"frames":[{"filename":"/home/airflow/.local/lib/python3.12/site-packages/airflow/models/dagbag.py","lineno":394,"name":"parse"},{"filename":"<frozen importlib._bootstrap_external>","lineno":999,"name":"exec_module"},{"filename":"<frozen importlib._bootstrap>","lineno":488,"name":"_call_with_frames_removed"},{"filename":"/opt/airflow/dags/tsetmc_history_dag.py","lineno":11,"name":"<module>"}],"is_group":false,"exceptions":[]}]}
{"timestamp":"2025-12-07T09:23:11.075350","level":"info","event":"Filling up the DagBag from /opt/airflow/dags/tsetmc_history_dag.py","logger":"airflow.models.dagbag.DagBag"}
{"timestamp":"2025-12-07T09:23:11.719921","level":"error","event":"Failed to import: /opt/airflow/dags/tsetmc_history_dag.py","logger":"airflow.models.dagbag.DagBag","error_detail":[{"exc_type":"ModuleNotFoundError","exc_value":"No module named 'bea'","exc_notes":[],"syntax_error":null,"is_cause":false,"frames":[{"filename":"/home/airflow/.local/lib/python3.12/site-packages/airflow/models/dagbag.py","lineno":394,"name":"parse"},{"filename":"<frozen importlib._bootstrap_external>","lineno":999,"name":"exec_module"},{"filename":"<frozen importlib._bootstrap>","lineno":488,"name":"_call_with_frames_removed"},{"filename":"/opt/airflow/dags/tsetmc_history_dag.py","lineno":11,"name":"<module>"}],"is_group":false,"exceptions":[]}]}
{"timestamp":"2025-12-07T09:23:42.133891","level":"info","event":"Filling up the DagBag from /opt/airflow/dags/tsetmc_history_dag.py","logger":"airflow.models.dagbag.DagBag"}
{"timestamp":"2025-12-07T09:23:42.776940","level":"error","event":"Failed to import: /opt/airflow/dags/tsetmc_history_dag.py","logger":"airflow.models.dagbag.DagBag","error_detail":[{"exc_type":"ModuleNotFoundError","exc_value":"No module named 'bea'","exc_notes":[],"syntax_error":null,"is_cause":false,"frames":[{"filename":"/home/airflow/.local/lib/python3.12/site-packages/airflow/models/dagbag.py","lineno":394,"name":"parse"},{"filename":"<frozen importlib._bootstrap_external>","lineno":999,"name":"exec_module"},{"filename":"<frozen importlib._bootstrap>","lineno":488,"name":"_call_with_frames_removed"},{"filename":"/opt/airflow/dags/tsetmc_history_dag.py","lineno":11,"name":"<module>"}],"is_group":false,"exceptions":[]}]}
{"timestamp":"2025-12-07T09:24:13.453640","level":"info","event":"Filling up the DagBag from /opt/airflow/dags/tsetmc_history_dag.py","logger":"airflow.models.dagbag.DagBag"}
{"timestamp":"2025-12-07T09:24:16.063052","level":"error","event":"Failed to import: /opt/airflow/dags/tsetmc_history_dag.py","logger":"airflow.models.dagbag.DagBag","error_detail":[{"exc_type":"ModuleNotFoundError","exc_value":"No module named 'bea'","exc_notes":[],"syntax_error":null,"is_cause":false,"frames":[{"filename":"/home/airflow/.local/lib/python3.12/site-packages/airflow/models/dagbag.py","lineno":394,"name":"parse"},{"filename":"<frozen importlib._bootstrap_external>","lineno":999,"name":"exec_module"},{"filename":"<frozen importlib._bootstrap>","lineno":488,"name":"_call_with_frames_removed"},{"filename":"/opt/airflow/dags/tsetmc_history_dag.py","lineno":11,"name":"<module>"}],"is_group":false,"exceptions":[]}]}
{"timestamp":"2025-12-07T09:24:46.568900","level":"info","event":"Filling up the DagBag from /opt/airflow/dags/tsetmc_history_dag.py","logger":"airflow.models.dagbag.DagBag"}
{"timestamp":"2025-12-07T09:24:47.193852","level":"error","event":"Failed to import: /opt/airflow/dags/tsetmc_history_dag.py","logger":"airflow.models.dagbag.DagBag","error_detail":[{"exc_type":"ModuleNotFoundError","exc_value":"No module named 'bea'","exc_notes":[],"syntax_error":null,"is_cause":false,"frames":[{"filename":"/home/airflow/.local/lib/python3.12/site-packages/airflow/models/dagbag.py","lineno":394,"name":"parse"},{"filename":"<frozen importlib._bootstrap_external>","lineno":999,"name":"exec_module"},{"filename":"<frozen importlib._bootstrap>","lineno":488,"name":"_call_with_frames_removed"},{"filename":"/opt/airflow/dags/tsetmc_history_dag.py","lineno":11,"name":"<module>"}],"is_group":false,"exceptions":[]}]}
{"timestamp":"2025-12-07T09:24:56.928146","level":"info","event":"Filling up the DagBag from /opt/airflow/dags/tsetmc_history_dag.py","logger":"airflow.models.dagbag.DagBag"}
{"timestamp":"2025-12-07T09:24:56.949221","level":"error","event":"Failed to import: /opt/airflow/dags/tsetmc_history_dag.py","logger":"airflow.models.dagbag.DagBag","error_detail":[{"exc_type":"SyntaxError","exc_value":"invalid syntax (tsetmc_history_dag.py, line 11)","exc_notes":[],"syntax_error":{"offset":9,"filename":"/opt/airflow/dags/tsetmc_history_dag.py","line":"from bea\n","lineno":11,"msg":"invalid syntax"},"is_cause":false,"frames":[{"filename":"/home/airflow/.local/lib/python3.12/site-packages/airflow/models/dagbag.py","lineno":394,"name":"parse"},{"filename":"<frozen importlib._bootstrap_external>","lineno":995,"name":"exec_module"},{"filename":"<frozen importlib._bootstrap_external>","lineno":1133,"name":"get_code"},{"filename":"<frozen importlib._bootstrap_external>","lineno":1063,"name":"source_to_code"},{"filename":"<frozen importlib._bootstrap>","lineno":488,"name":"_call_with_frames_removed"}],"is_group":false,"exceptions":[]}]}
{"timestamp":"2025-12-07T09:24:59.154333","level":"info","event":"Filling up the DagBag from /opt/airflow/dags/tsetmc_history_dag.py","logger":"airflow.models.dagbag.DagBag"}
{"timestamp":"2025-12-07T09:24:59.181353","level":"error","event":"Failed to import: /opt/airflow/dags/tsetmc_history_dag.py","logger":"airflow.models.dagbag.DagBag","error_detail":[{"exc_type":"SyntaxError","exc_value":"invalid syntax (tsetmc_history_dag.py, line 11)","exc_notes":[],"syntax_error":{"offset":8,"filename":"/opt/airflow/dags/tsetmc_history_dag.py","line":"from bs\n","lineno":11,"msg":"invalid syntax"},"is_cause":false,"frames":[{"filename":"/home/airflow/.local/lib/python3.12/site-packages/airflow/models/dagbag.py","lineno":394,"name":"parse"},{"filename":"<frozen importlib._bootstrap_external>","lineno":995,"name":"exec_module"},{"filename":"<frozen importlib._bootstrap_external>","lineno":1133,"name":"get_code"},{"filename":"<frozen importlib._bootstrap_external>","lineno":1063,"name":"source_to_code"},{"filename":"<frozen importlib._bootstrap>","lineno":488,"name":"_call_with_frames_removed"}],"is_group":false,"exceptions":[]}]}
{"timestamp":"2025-12-07T09:25:00.335690","level":"info","event":"Filling up the DagBag from /opt/airflow/dags/tsetmc_history_dag.py","logger":"airflow.models.dagbag.DagBag"}
{"timestamp":"2025-12-07T09:25:00.354887","level":"error","event":"Failed to import: /opt/airflow/dags/tsetmc_history_dag.py","logger":"airflow.models.dagbag.DagBag","error_detail":[{"exc_type":"SyntaxError","exc_value":"invalid syntax (tsetmc_history_dag.py, line 11)","exc_notes":[],"syntax_error":{"offset":9,"filename":"/opt/airflow/dags/tsetmc_history_dag.py","line":"from bs4\n","lineno":11,"msg":"invalid syntax"},"is_cause":false,"frames":[{"filename":"/home/airflow/.local/lib/python3.12/site-packages/airflow/models/dagbag.py","lineno":394,"name":"parse"},{"filename":"<frozen importlib._bootstrap_external>","lineno":995,"name":"exec_module"},{"filename":"<frozen importlib._bootstrap_external>","lineno":1133,"name":"get_code"},{"filename":"<frozen importlib._bootstrap_external>","lineno":1063,"name":"source_to_code"},{"filename":"<frozen importlib._bootstrap>","lineno":488,"name":"_call_with_frames_removed"}],"is_group":false,"exceptions":[]}]}
{"timestamp":"2025-12-07T09:25:03.475736","level":"info","event":"Filling up the DagBag from /opt/airflow/dags/tsetmc_history_dag.py","logger":"airflow.models.dagbag.DagBag"}
{"timestamp":"2025-12-07T09:25:03.492440","level":"error","event":"Failed to import: /opt/airflow/dags/tsetmc_history_dag.py","logger":"airflow.models.dagbag.DagBag","error_detail":[{"exc_type":"SyntaxError","exc_value":"invalid syntax (tsetmc_history_dag.py, line 11)","exc_notes":[],"syntax_error":{"offset":10,"filename":"/opt/airflow/dags/tsetmc_history_dag.py","line":"from bs4 imp\n","lineno":11,"msg":"invalid syntax"},"is_cause":false,"frames":[{"filename":"/home/airflow/.local/lib/python3.12/site-packages/airflow/models/dagbag.py","lineno":394,"name":"parse"},{"filename":"<frozen importlib._bootstrap_external>","lineno":995,"name":"exec_module"},{"filename":"<frozen importlib._bootstrap_external>","lineno":1133,"name":"get_code"},{"filename":"<frozen importlib._bootstrap_external>","lineno":1063,"name":"source_to_code"},{"filename":"<frozen importlib._bootstrap>","lineno":488,"name":"_call_with_frames_removed"}],"is_group":false,"exceptions":[]}]}
{"timestamp":"2025-12-07T09:25:05.618346","level":"info","event":"Filling up the DagBag from /opt/airflow/dags/tsetmc_history_dag.py","logger":"airflow.models.dagbag.DagBag"}
{"timestamp":"2025-12-07T09:25:05.645214","level":"error","event":"Failed to import: /opt/airflow/dags/tsetmc_history_dag.py","logger":"airflow.models.dagbag.DagBag","error_detail":[{"exc_type":"SyntaxError","exc_value":"invalid syntax (tsetmc_history_dag.py, line 11)","exc_notes":[],"syntax_error":{"offset":17,"filename":"/opt/airflow/dags/tsetmc_history_dag.py","line":"from bs4 import \n","lineno":11,"msg":"invalid syntax"},"is_cause":false,"frames":[{"filename":"/home/airflow/.local/lib/python3.12/site-packages/airflow/models/dagbag.py","lineno":394,"name":"parse"},{"filename":"<frozen importlib._bootstrap_external>","lineno":995,"name":"exec_module"},{"filename":"<frozen importlib._bootstrap_external>","lineno":1133,"name":"get_code"},{"filename":"<frozen importlib._bootstrap_external>","lineno":1063,"name":"source_to_code"},{"filename":"<frozen importlib._bootstrap>","lineno":488,"name":"_call_with_frames_removed"}],"is_group":false,"exceptions":[]}]}
{"timestamp":"2025-12-07T09:25:26.963674","level":"info","event":"Filling up the DagBag from /opt/airflow/dags/tsetmc_history_dag.py","logger":"airflow.models.dagbag.DagBag"}
{"timestamp":"2025-12-07T09:25:35.172154","level":"info","event":"Filling up the DagBag from /opt/airflow/dags/tsetmc_history_dag.py","logger":"airflow.models.dagbag.DagBag"}
{"timestamp":"2025-12-07T09:25:35.955626","level":"error","event":"Failed to import: /opt/airflow/dags/tsetmc_history_dag.py","logger":"airflow.models.dagbag.DagBag","error_detail":[{"exc_type":"NameError","exc_value":"name 'bs' is not defined","exc_notes":[],"syntax_error":null,"is_cause":false,"frames":[{"filename":"/home/airflow/.local/lib/python3.12/site-packages/airflow/models/dagbag.py","lineno":394,"name":"parse"},{"filename":"<frozen importlib._bootstrap_external>","lineno":999,"name":"exec_module"},{"filename":"<frozen importlib._bootstrap>","lineno":488,"name":"_call_with_frames_removed"},{"filename":"/opt/airflow/dags/tsetmc_history_dag.py","lineno":14,"name":"<module>"}],"is_group":false,"exceptions":[]}]}
{"timestamp":"2025-12-07T09:25:38.119388","level":"info","event":"Filling up the DagBag from /opt/airflow/dags/tsetmc_history_dag.py","logger":"airflow.models.dagbag.DagBag"}
{"timestamp":"2025-12-07T09:25:38.139516","level":"error","event":"Failed to import: /opt/airflow/dags/tsetmc_history_dag.py","logger":"airflow.models.dagbag.DagBag","error_detail":[{"exc_type":"SyntaxError","exc_value":"invalid syntax (tsetmc_history_dag.py, line 14)","exc_notes":[],"syntax_error":{"offset":6,"filename":"/opt/airflow/dags/tsetmc_history_dag.py","line":"bs = \n","lineno":14,"msg":"invalid syntax"},"is_cause":false,"frames":[{"filename":"/home/airflow/.local/lib/python3.12/site-packages/airflow/models/dagbag.py","lineno":394,"name":"parse"},{"filename":"<frozen importlib._bootstrap_external>","lineno":995,"name":"exec_module"},{"filename":"<frozen importlib._bootstrap_external>","lineno":1133,"name":"get_code"},{"filename":"<frozen importlib._bootstrap_external>","lineno":1063,"name":"source_to_code"},{"filename":"<frozen importlib._bootstrap>","lineno":488,"name":"_call_with_frames_removed"}],"is_group":false,"exceptions":[]}]}
{"timestamp":"2025-12-07T09:25:39.294122","level":"info","event":"Filling up the DagBag from /opt/airflow/dags/tsetmc_history_dag.py","logger":"airflow.models.dagbag.DagBag"}
{"timestamp":"2025-12-07T09:25:40.175649","level":"error","event":"Failed to import: /opt/airflow/dags/tsetmc_history_dag.py","logger":"airflow.models.dagbag.DagBag","error_detail":[{"exc_type":"NameError","exc_value":"name 'B' is not defined","exc_notes":[],"syntax_error":null,"is_cause":false,"frames":[{"filename":"/home/airflow/.local/lib/python3.12/site-packages/airflow/models/dagbag.py","lineno":394,"name":"parse"},{"filename":"<frozen importlib._bootstrap_external>","lineno":999,"name":"exec_module"},{"filename":"<frozen importlib._bootstrap>","lineno":488,"name":"_call_with_frames_removed"},{"filename":"/opt/airflow/dags/tsetmc_history_dag.py","lineno":14,"name":"<module>"}],"is_group":false,"exceptions":[]}]}
{"timestamp":"2025-12-07T09:25:42.311243","level":"info","event":"Filling up the DagBag from /opt/airflow/dags/tsetmc_history_dag.py","logger":"airflow.models.dagbag.DagBag"}
{"timestamp":"2025-12-07T09:25:50.417036","level":"info","event":"Filling up the DagBag from /opt/airflow/dags/tsetmc_history_dag.py","logger":"airflow.models.dagbag.DagBag"}
{"timestamp":"2025-12-07T09:25:50.439617","level":"error","event":"Failed to import: /opt/airflow/dags/tsetmc_history_dag.py","logger":"airflow.models.dagbag.DagBag","error_detail":[{"exc_type":"SyntaxError","exc_value":"invalid syntax (tsetmc_history_dag.py, line 15)","exc_notes":[],"syntax_error":{"offset":4,"filename":"/opt/airflow/dags/tsetmc_history_dag.py","line":"bs.\n","lineno":15,"msg":"invalid syntax"},"is_cause":false,"frames":[{"filename":"/home/airflow/.local/lib/python3.12/site-packages/airflow/models/dagbag.py","lineno":394,"name":"parse"},{"filename":"<frozen importlib._bootstrap_external>","lineno":995,"name":"exec_module"},{"filename":"<frozen importlib._bootstrap_external>","lineno":1133,"name":"get_code"},{"filename":"<frozen importlib._bootstrap_external>","lineno":1063,"name":"source_to_code"},{"filename":"<frozen importlib._bootstrap>","lineno":488,"name":"_call_with_frames_removed"}],"is_group":false,"exceptions":[]}]}
{"timestamp":"2025-12-07T09:25:55.584508","level":"info","event":"Filling up the DagBag from /opt/airflow/dags/tsetmc_history_dag.py","logger":"airflow.models.dagbag.DagBag"}
{"timestamp":"2025-12-07T09:25:57.535176","level":"info","event":"Filling up the DagBag from /opt/airflow/dags/tsetmc_history_dag.py","logger":"airflow.models.dagbag.DagBag"}
{"timestamp":"2025-12-07T09:26:02.400515","level":"info","event":"Filling up the DagBag from /opt/airflow/dags/tsetmc_history_dag.py","logger":"airflow.models.dagbag.DagBag"}
{"timestamp":"2025-12-07T09:26:33.683609","level":"info","event":"Filling up the DagBag from /opt/airflow/dags/tsetmc_history_dag.py","logger":"airflow.models.dagbag.DagBag"}
{"timestamp":"2025-12-07T09:27:04.848254","level":"info","event":"Filling up the DagBag from /opt/airflow/dags/tsetmc_history_dag.py","logger":"airflow.models.dagbag.DagBag"}
{"timestamp":"2025-12-07T09:27:36.150275","level":"info","event":"Filling up the DagBag from /opt/airflow/dags/tsetmc_history_dag.py","logger":"airflow.models.dagbag.DagBag"}
{"timestamp":"2025-12-07T09:28:07.331503","level":"info","event":"Filling up the DagBag from /opt/airflow/dags/tsetmc_history_dag.py","logger":"airflow.models.dagbag.DagBag"}
{"timestamp":"2025-12-07T09:28:38.373925","level":"info","event":"Filling up the DagBag from /opt/airflow/dags/tsetmc_history_dag.py","logger":"airflow.models.dagbag.DagBag"}
{"timestamp":"2025-12-07T09:29:09.450691","level":"info","event":"Filling up the DagBag from /opt/airflow/dags/tsetmc_history_dag.py","logger":"airflow.models.dagbag.DagBag"}
{"timestamp":"2025-12-07T09:29:40.568140","level":"info","event":"Filling up the DagBag from /opt/airflow/dags/tsetmc_history_dag.py","logger":"airflow.models.dagbag.DagBag"}
{"timestamp":"2025-12-07T09:30:11.852341","level":"info","event":"Filling up the DagBag from /opt/airflow/dags/tsetmc_history_dag.py","logger":"airflow.models.dagbag.DagBag"}
{"timestamp":"2025-12-07T09:30:42.998595","level":"info","event":"Filling up the DagBag from /opt/airflow/dags/tsetmc_history_dag.py","logger":"airflow.models.dagbag.DagBag"}
{"timestamp":"2025-12-07T09:31:14.181229","level":"info","event":"Filling up the DagBag from /opt/airflow/dags/tsetmc_history_dag.py","logger":"airflow.models.dagbag.DagBag"}
{"timestamp":"2025-12-07T09:31:45.664628","level":"info","event":"Filling up the DagBag from /opt/airflow/dags/tsetmc_history_dag.py","logger":"airflow.models.dagbag.DagBag"}
{"timestamp":"2025-12-07T09:32:18.083658","level":"info","event":"Filling up the DagBag from /opt/airflow/dags/tsetmc_history_dag.py","logger":"airflow.models.dagbag.DagBag"}
{"timestamp":"2025-12-07T09:32:49.060856","level":"info","event":"Filling up the DagBag from /opt/airflow/dags/tsetmc_history_dag.py","logger":"airflow.models.dagbag.DagBag"}
{"timestamp":"2025-12-07T09:33:20.403762","level":"info","event":"Filling up the DagBag from /opt/airflow/dags/tsetmc_history_dag.py","logger":"airflow.models.dagbag.DagBag"}
{"timestamp":"2025-12-07T09:33:51.461705","level":"info","event":"Filling up the DagBag from /opt/airflow/dags/tsetmc_history_dag.py","logger":"airflow.models.dagbag.DagBag"}
{"timestamp":"2025-12-07T09:34:22.529929","level":"info","event":"Filling up the DagBag from /opt/airflow/dags/tsetmc_history_dag.py","logger":"airflow.models.dagbag.DagBag"}
{"timestamp":"2025-12-07T09:34:53.570628","level":"info","event":"Filling up the DagBag from /opt/airflow/dags/tsetmc_history_dag.py","logger":"airflow.models.dagbag.DagBag"}
{"timestamp":"2025-12-07T09:35:24.634077","level":"info","event":"Filling up the DagBag from /opt/airflow/dags/tsetmc_history_dag.py","logger":"airflow.models.dagbag.DagBag"}
{"timestamp":"2025-12-07T09:35:55.734303","level":"info","event":"Filling up the DagBag from /opt/airflow/dags/tsetmc_history_dag.py","logger":"airflow.models.dagbag.DagBag"}
{"timestamp":"2025-12-07T09:36:26.819604","level":"info","event":"Filling up the DagBag from /opt/airflow/dags/tsetmc_history_dag.py","logger":"airflow.models.dagbag.DagBag"}
{"timestamp":"2025-12-07T09:36:57.888357","level":"info","event":"Filling up the DagBag from /opt/airflow/dags/tsetmc_history_dag.py","logger":"airflow.models.dagbag.DagBag"}
{"timestamp":"2025-12-07T09:37:28.972663","level":"info","event":"Filling up the DagBag from /opt/airflow/dags/tsetmc_history_dag.py","logger":"airflow.models.dagbag.DagBag"}
{"timestamp":"2025-12-07T09:38:00.041060","level":"info","event":"Filling up the DagBag from /opt/airflow/dags/tsetmc_history_dag.py","logger":"airflow.models.dagbag.DagBag"}
{"timestamp":"2025-12-07T09:38:31.151688","level":"info","event":"Filling up the DagBag from /opt/airflow/dags/tsetmc_history_dag.py","logger":"airflow.models.dagbag.DagBag"}
{"timestamp":"2025-12-07T09:39:02.234111","level":"info","event":"Filling up the DagBag from /opt/airflow/dags/tsetmc_history_dag.py","logger":"airflow.models.dagbag.DagBag"}
{"timestamp":"2025-12-07T09:39:33.362443","level":"info","event":"Filling up the DagBag from /opt/airflow/dags/tsetmc_history_dag.py","logger":"airflow.models.dagbag.DagBag"}
{"timestamp":"2025-12-07T09:40:04.461534","level":"info","event":"Filling up the DagBag from /opt/airflow/dags/tsetmc_history_dag.py","logger":"airflow.models.dagbag.DagBag"}
{"timestamp":"2025-12-07T09:40:35.599435","level":"info","event":"Filling up the DagBag from /opt/airflow/dags/tsetmc_history_dag.py","logger":"airflow.models.dagbag.DagBag"}
{"timestamp":"2025-12-07T09:41:06.721679","level":"info","event":"Filling up the DagBag from /opt/airflow/dags/tsetmc_history_dag.py","logger":"airflow.models.dagbag.DagBag"}
{"timestamp":"2025-12-07T09:41:37.922545","level":"info","event":"Filling up the DagBag from /opt/airflow/dags/tsetmc_history_dag.py","logger":"airflow.models.dagbag.DagBag"}
{"timestamp":"2025-12-07T09:42:08.994049","level":"info","event":"Filling up the DagBag from /opt/airflow/dags/tsetmc_history_dag.py","logger":"airflow.models.dagbag.DagBag"}
{"timestamp":"2025-12-07T09:42:40.060190","level":"info","event":"Filling up the DagBag from /opt/airflow/dags/tsetmc_history_dag.py","logger":"airflow.models.dagbag.DagBag"}
{"timestamp":"2025-12-07T09:43:11.130512","level":"info","event":"Filling up the DagBag from /opt/airflow/dags/tsetmc_history_dag.py","logger":"airflow.models.dagbag.DagBag"}
{"timestamp":"2025-12-07T09:43:42.671560","level":"info","event":"Filling up the DagBag from /opt/airflow/dags/tsetmc_history_dag.py","logger":"airflow.models.dagbag.DagBag"}
{"timestamp":"2025-12-07T09:44:13.858463","level":"info","event":"Filling up the DagBag from /opt/airflow/dags/tsetmc_history_dag.py","logger":"airflow.models.dagbag.DagBag"}
{"timestamp":"2025-12-07T09:44:44.935766","level":"info","event":"Filling up the DagBag from /opt/airflow/dags/tsetmc_history_dag.py","logger":"airflow.models.dagbag.DagBag"}
{"timestamp":"2025-12-07T09:45:07.729852","level":"info","event":"Filling up the DagBag from /opt/airflow/dags/tsetmc_history_dag.py","logger":"airflow.models.dagbag.DagBag"}
{"timestamp":"2025-12-07T09:45:19.924474","level":"info","event":"Filling up the DagBag from /opt/airflow/dags/tsetmc_history_dag.py","logger":"airflow.models.dagbag.DagBag"}
{"timestamp":"2025-12-07T09:45:23.068943","level":"info","event":"Filling up the DagBag from /opt/airflow/dags/tsetmc_history_dag.py","logger":"airflow.models.dagbag.DagBag"}
{"timestamp":"2025-12-07T09:45:25.115966","level":"info","event":"Filling up the DagBag from /opt/airflow/dags/tsetmc_history_dag.py","logger":"airflow.models.dagbag.DagBag"}
{"timestamp":"2025-12-07T09:45:28.797914","level":"info","event":"Filling up the DagBag from /opt/airflow/dags/tsetmc_history_dag.py","logger":"airflow.models.dagbag.DagBag"}
{"timestamp":"2025-12-07T09:45:34.124059","level":"info","event":"Filling up the DagBag from /opt/airflow/dags/tsetmc_history_dag.py","logger":"airflow.models.dagbag.DagBag"}
{"timestamp":"2025-12-07T09:45:36.019719","level":"info","event":"Filling up the DagBag from /opt/airflow/dags/tsetmc_history_dag.py","logger":"airflow.models.dagbag.DagBag"}
{"timestamp":"2025-12-07T09:45:40.819116","level":"info","event":"Filling up the DagBag from /opt/airflow/dags/tsetmc_history_dag.py","logger":"airflow.models.dagbag.DagBag"}
{"timestamp":"2025-12-07T09:46:11.911928","level":"info","event":"Filling up the DagBag from /opt/airflow/dags/tsetmc_history_dag.py","logger":"airflow.models.dagbag.DagBag"}
{"timestamp":"2025-12-07T09:46:43.069999","level":"info","event":"Filling up the DagBag from /opt/airflow/dags/tsetmc_history_dag.py","logger":"airflow.models.dagbag.DagBag"}
{"timestamp":"2025-12-07T09:47:14.250338","level":"info","event":"Filling up the DagBag from /opt/airflow/dags/tsetmc_history_dag.py","logger":"airflow.models.dagbag.DagBag"}
{"timestamp":"2025-12-07T09:47:45.442513","level":"info","event":"Filling up the DagBag from /opt/airflow/dags/tsetmc_history_dag.py","logger":"airflow.models.dagbag.DagBag"}
{"timestamp":"2025-12-07T09:48:16.582363","level":"info","event":"Filling up the DagBag from /opt/airflow/dags/tsetmc_history_dag.py","logger":"airflow.models.dagbag.DagBag"}
{"timestamp":"2025-12-07T09:48:47.747416","level":"info","event":"Filling up the DagBag from /opt/airflow/dags/tsetmc_history_dag.py","logger":"airflow.models.dagbag.DagBag"}
{"timestamp":"2025-12-07T09:49:18.839777","level":"info","event":"Filling up the DagBag from /opt/airflow/dags/tsetmc_history_dag.py","logger":"airflow.models.dagbag.DagBag"}
{"timestamp":"2025-12-07T09:49:49.948001","level":"info","event":"Filling up the DagBag from /opt/airflow/dags/tsetmc_history_dag.py","logger":"airflow.models.dagbag.DagBag"}
{"timestamp":"2025-12-07T09:50:21.230765","level":"info","event":"Filling up the DagBag from /opt/airflow/dags/tsetmc_history_dag.py","logger":"airflow.models.dagbag.DagBag"}
{"timestamp":"2025-12-07T09:50:52.319322","level":"info","event":"Filling up the DagBag from /opt/airflow/dags/tsetmc_history_dag.py","logger":"airflow.models.dagbag.DagBag"}
{"timestamp":"2025-12-07T09:51:23.458214","level":"info","event":"Filling up the DagBag from /opt/airflow/dags/tsetmc_history_dag.py","logger":"airflow.models.dagbag.DagBag"}
{"timestamp":"2025-12-07T09:51:54.576790","level":"info","event":"Filling up the DagBag from /opt/airflow/dags/tsetmc_history_dag.py","logger":"airflow.models.dagbag.DagBag"}
{"timestamp":"2025-12-07T09:52:25.682322","level":"info","event":"Filling up the DagBag from /opt/airflow/dags/tsetmc_history_dag.py","logger":"airflow.models.dagbag.DagBag"}
{"timestamp":"2025-12-07T09:52:56.785677","level":"info","event":"Filling up the DagBag from /opt/airflow/dags/tsetmc_history_dag.py","logger":"airflow.models.dagbag.DagBag"}
{"timestamp":"2025-12-07T09:53:27.998689","level":"info","event":"Filling up the DagBag from /opt/airflow/dags/tsetmc_history_dag.py","logger":"airflow.models.dagbag.DagBag"}
{"timestamp":"2025-12-07T09:53:59.197363","level":"info","event":"Filling up the DagBag from /opt/airflow/dags/tsetmc_history_dag.py","logger":"airflow.models.dagbag.DagBag"}
{"timestamp":"2025-12-07T09:54:37.740333","level":"info","event":"Filling up the DagBag from /opt/airflow/dags/tsetmc_history_dag.py","logger":"airflow.models.dagbag.DagBag"}
{"timestamp":"2025-12-07T09:55:09.203020","level":"info","event":"Filling up the DagBag from /opt/airflow/dags/tsetmc_history_dag.py","logger":"airflow.models.dagbag.DagBag"}
{"timestamp":"2025-12-07T09:55:40.385365","level":"info","event":"Filling up the DagBag from /opt/airflow/dags/tsetmc_history_dag.py","logger":"airflow.models.dagbag.DagBag"}
{"timestamp":"2025-12-07T09:56:11.627009","level":"info","event":"Filling up the DagBag from /opt/airflow/dags/tsetmc_history_dag.py","logger":"airflow.models.dagbag.DagBag"}
{"timestamp":"2025-12-07T09:56:42.883196","level":"info","event":"Filling up the DagBag from /opt/airflow/dags/tsetmc_history_dag.py","logger":"airflow.models.dagbag.DagBag"}
{"timestamp":"2025-12-07T09:57:14.091975","level":"info","event":"Filling up the DagBag from /opt/airflow/dags/tsetmc_history_dag.py","logger":"airflow.models.dagbag.DagBag"}
{"timestamp":"2025-12-07T09:57:45.277816","level":"info","event":"Filling up the DagBag from /opt/airflow/dags/tsetmc_history_dag.py","logger":"airflow.models.dagbag.DagBag"}
{"timestamp":"2025-12-07T09:57:51.259047","level":"info","event":"Filling up the DagBag from /opt/airflow/dags/tsetmc_history_dag.py","logger":"airflow.models.dagbag.DagBag"}
{"timestamp":"2025-12-07T09:58:01.268093","level":"info","event":"Filling up the DagBag from /opt/airflow/dags/tsetmc_history_dag.py","logger":"airflow.models.dagbag.DagBag"}
{"timestamp":"2025-12-07T09:58:05.127447","level":"info","event":"Filling up the DagBag from /opt/airflow/dags/tsetmc_history_dag.py","logger":"airflow.models.dagbag.DagBag"}
{"timestamp":"2025-12-07T09:58:07.122135","level":"info","event":"Filling up the DagBag from /opt/airflow/dags/tsetmc_history_dag.py","logger":"airflow.models.dagbag.DagBag"}
{"timestamp":"2025-12-07T09:58:07.149310","level":"error","event":"Failed to import: /opt/airflow/dags/tsetmc_history_dag.py","logger":"airflow.models.dagbag.DagBag","error_detail":[{"exc_type":"SyntaxError","exc_value":"invalid syntax (tsetmc_history_dag.py, line 66)","exc_notes":[],"syntax_error":{"offset":24,"filename":"/opt/airflow/dags/tsetmc_history_dag.py","line":"                    bs.\n","lineno":66,"msg":"invalid syntax"},"is_cause":false,"frames":[{"filename":"/home/airflow/.local/lib/python3.12/site-packages/airflow/models/dagbag.py","lineno":394,"name":"parse"},{"filename":"<frozen importlib._bootstrap_external>","lineno":995,"name":"exec_module"},{"filename":"<frozen importlib._bootstrap_external>","lineno":1133,"name":"get_code"},{"filename":"<frozen importlib._bootstrap_external>","lineno":1063,"name":"source_to_code"},{"filename":"<frozen importlib._bootstrap>","lineno":488,"name":"_call_with_frames_removed"}],"is_group":false,"exceptions":[]}]}
{"timestamp":"2025-12-07T09:58:08.256695","level":"info","event":"Filling up the DagBag from /opt/airflow/dags/tsetmc_history_dag.py","logger":"airflow.models.dagbag.DagBag"}
{"timestamp":"2025-12-07T09:58:39.430780","level":"info","event":"Filling up the DagBag from /opt/airflow/dags/tsetmc_history_dag.py","logger":"airflow.models.dagbag.DagBag"}
{"timestamp":"2025-12-07T09:58:51.392520","level":"info","event":"Filling up the DagBag from /opt/airflow/dags/tsetmc_history_dag.py","logger":"airflow.models.dagbag.DagBag"}
{"timestamp":"2025-12-07T09:58:55.360281","level":"info","event":"Filling up the DagBag from /opt/airflow/dags/tsetmc_history_dag.py","logger":"airflow.models.dagbag.DagBag"}
{"timestamp":"2025-12-07T09:59:08.299427","level":"info","event":"Filling up the DagBag from /opt/airflow/dags/tsetmc_history_dag.py","logger":"airflow.models.dagbag.DagBag"}
{"timestamp":"2025-12-07T09:59:39.452126","level":"info","event":"Filling up the DagBag from /opt/airflow/dags/tsetmc_history_dag.py","logger":"airflow.models.dagbag.DagBag"}
{"timestamp":"2025-12-07T10:00:10.570399","level":"info","event":"Filling up the DagBag from /opt/airflow/dags/tsetmc_history_dag.py","logger":"airflow.models.dagbag.DagBag"}
{"timestamp":"2025-12-07T10:00:41.731405","level":"info","event":"Filling up the DagBag from /opt/airflow/dags/tsetmc_history_dag.py","logger":"airflow.models.dagbag.DagBag"}
{"timestamp":"2025-12-07T10:01:13.082372","level":"info","event":"Filling up the DagBag from /opt/airflow/dags/tsetmc_history_dag.py","logger":"airflow.models.dagbag.DagBag"}
{"timestamp":"2025-12-07T10:01:44.285392","level":"info","event":"Filling up the DagBag from /opt/airflow/dags/tsetmc_history_dag.py","logger":"airflow.models.dagbag.DagBag"}
{"timestamp":"2025-12-07T10:02:15.414374","level":"info","event":"Filling up the DagBag from /opt/airflow/dags/tsetmc_history_dag.py","logger":"airflow.models.dagbag.DagBag"}
{"timestamp":"2025-12-07T10:02:46.527394","level":"info","event":"Filling up the DagBag from /opt/airflow/dags/tsetmc_history_dag.py","logger":"airflow.models.dagbag.DagBag"}
{"timestamp":"2025-12-07T10:03:18.292227","level":"info","event":"Filling up the DagBag from /opt/airflow/dags/tsetmc_history_dag.py","logger":"airflow.models.dagbag.DagBag"}
{"timestamp":"2025-12-07T10:03:50.301978","level":"info","event":"Filling up the DagBag from /opt/airflow/dags/tsetmc_history_dag.py","logger":"airflow.models.dagbag.DagBag"}
{"timestamp":"2025-12-07T10:04:21.423816","level":"info","event":"Filling up the DagBag from /opt/airflow/dags/tsetmc_history_dag.py","logger":"airflow.models.dagbag.DagBag"}
{"timestamp":"2025-12-07T10:04:52.546549","level":"info","event":"Filling up the DagBag from /opt/airflow/dags/tsetmc_history_dag.py","logger":"airflow.models.dagbag.DagBag"}
{"timestamp":"2025-12-07T10:05:23.686621","level":"info","event":"Filling up the DagBag from /opt/airflow/dags/tsetmc_history_dag.py","logger":"airflow.models.dagbag.DagBag"}
{"timestamp":"2025-12-07T10:05:54.874548","level":"info","event":"Filling up the DagBag from /opt/airflow/dags/tsetmc_history_dag.py","logger":"airflow.models.dagbag.DagBag"}
{"timestamp":"2025-12-07T10:06:26.020790","level":"info","event":"Filling up the DagBag from /opt/airflow/dags/tsetmc_history_dag.py","logger":"airflow.models.dagbag.DagBag"}
{"timestamp":"2025-12-07T10:07:34.756844","level":"info","event":"Filling up the DagBag from /opt/airflow/dags/tsetmc_history_dag.py","logger":"airflow.models.dagbag.DagBag"}
{"timestamp":"2025-12-07T10:08:15.885274","level":"info","event":"Filling up the DagBag from /opt/airflow/dags/tsetmc_history_dag.py","logger":"airflow.models.dagbag.DagBag"}
{"timestamp":"2025-12-07T10:08:47.461476","level":"info","event":"Filling up the DagBag from /opt/airflow/dags/tsetmc_history_dag.py","logger":"airflow.models.dagbag.DagBag"}
{"timestamp":"2025-12-07T10:09:18.928471","level":"info","event":"Filling up the DagBag from /opt/airflow/dags/tsetmc_history_dag.py","logger":"airflow.models.dagbag.DagBag"}
{"timestamp":"2025-12-07T10:09:50.795148","level":"info","event":"Filling up the DagBag from /opt/airflow/dags/tsetmc_history_dag.py","logger":"airflow.models.dagbag.DagBag"}
{"timestamp":"2025-12-07T10:10:22.111401","level":"info","event":"Filling up the DagBag from /opt/airflow/dags/tsetmc_history_dag.py","logger":"airflow.models.dagbag.DagBag"}
{"timestamp":"2025-12-07T10:10:46.461246","level":"info","event":"Filling up the DagBag from /opt/airflow/dags/tsetmc_history_dag.py","logger":"airflow.models.dagbag.DagBag"}
{"timestamp":"2025-12-07T10:11:05.635509","level":"info","event":"Filling up the DagBag from /opt/airflow/dags/tsetmc_history_dag.py","logger":"airflow.models.dagbag.DagBag"}
{"timestamp":"2025-12-07T10:11:10.738384","level":"info","event":"Filling up the DagBag from /opt/airflow/dags/tsetmc_history_dag.py","logger":"airflow.models.dagbag.DagBag"}
{"timestamp":"2025-12-07T10:11:13.658743","level":"info","event":"Filling up the DagBag from /opt/airflow/dags/tsetmc_history_dag.py","logger":"airflow.models.dagbag.DagBag"}
{"timestamp":"2025-12-07T10:11:23.573486","level":"info","event":"Filling up the DagBag from /opt/airflow/dags/tsetmc_history_dag.py","logger":"airflow.models.dagbag.DagBag"}
{"timestamp":"2025-12-07T10:11:25.445423","level":"info","event":"Filling up the DagBag from /opt/airflow/dags/tsetmc_history_dag.py","logger":"airflow.models.dagbag.DagBag"}
{"timestamp":"2025-12-07T10:11:31.218182","level":"info","event":"Filling up the DagBag from /opt/airflow/dags/tsetmc_history_dag.py","logger":"airflow.models.dagbag.DagBag"}
{"timestamp":"2025-12-07T10:11:35.314675","level":"info","event":"Filling up the DagBag from /opt/airflow/dags/tsetmc_history_dag.py","logger":"airflow.models.dagbag.DagBag"}
{"timestamp":"2025-12-07T10:11:38.513244","level":"info","event":"Filling up the DagBag from /opt/airflow/dags/tsetmc_history_dag.py","logger":"airflow.models.dagbag.DagBag"}
{"timestamp":"2025-12-07T10:11:38.646130","level":"error","event":"Failed to import: /opt/airflow/dags/tsetmc_history_dag.py","logger":"airflow.models.dagbag.DagBag","error_detail":[{"exc_type":"SyntaxError","exc_value":"invalid syntax (tsetmc_history_dag.py, line 68)","exc_notes":[],"syntax_error":{"offset":36,"filename":"/opt/airflow/dags/tsetmc_history_dag.py","line":"                    row_elements = \n","lineno":68,"msg":"invalid syntax"},"is_cause":false,"frames":[{"filename":"/home/airflow/.local/lib/python3.12/site-packages/airflow/models/dagbag.py","lineno":394,"name":"parse"},{"filename":"<frozen importlib._bootstrap_external>","lineno":995,"name":"exec_module"},{"filename":"<frozen importlib._bootstrap_external>","lineno":1133,"name":"get_code"},{"filename":"<frozen importlib._bootstrap_external>","lineno":1063,"name":"source_to_code"},{"filename":"<frozen importlib._bootstrap>","lineno":488,"name":"_call_with_frames_removed"}],"is_group":false,"exceptions":[]}]}
{"timestamp":"2025-12-07T10:11:40.776280","level":"info","event":"Filling up the DagBag from /opt/airflow/dags/tsetmc_history_dag.py","logger":"airflow.models.dagbag.DagBag"}
{"timestamp":"2025-12-07T10:11:40.819335","level":"error","event":"Failed to import: /opt/airflow/dags/tsetmc_history_dag.py","logger":"airflow.models.dagbag.DagBag","error_detail":[{"exc_type":"SyntaxError","exc_value":"invalid syntax (tsetmc_history_dag.py, line 68)","exc_notes":[],"syntax_error":{"offset":41,"filename":"/opt/airflow/dags/tsetmc_history_dag.py","line":"                    row_elements = tree.\n","lineno":68,"msg":"invalid syntax"},"is_cause":false,"frames":[{"filename":"/home/airflow/.local/lib/python3.12/site-packages/airflow/models/dagbag.py","lineno":394,"name":"parse"},{"filename":"<frozen importlib._bootstrap_external>","lineno":995,"name":"exec_module"},{"filename":"<frozen importlib._bootstrap_external>","lineno":1133,"name":"get_code"},{"filename":"<frozen importlib._bootstrap_external>","lineno":1063,"name":"source_to_code"},{"filename":"<frozen importlib._bootstrap>","lineno":488,"name":"_call_with_frames_removed"}],"is_group":false,"exceptions":[]}]}
{"timestamp":"2025-12-07T10:11:44.979232","level":"info","event":"Filling up the DagBag from /opt/airflow/dags/tsetmc_history_dag.py","logger":"airflow.models.dagbag.DagBag"}
{"timestamp":"2025-12-07T10:12:15.231279","level":"info","event":"Filling up the DagBag from /opt/airflow/dags/tsetmc_history_dag.py","logger":"airflow.models.dagbag.DagBag"}
{"timestamp":"2025-12-07T10:12:25.643779","level":"info","event":"Filling up the DagBag from /opt/airflow/dags/tsetmc_history_dag.py","logger":"airflow.models.dagbag.DagBag"}
{"timestamp":"2025-12-07T10:12:26.307419","level":"error","event":"Failed to import: /opt/airflow/dags/tsetmc_history_dag.py","logger":"airflow.models.dagbag.DagBag","error_detail":[{"exc_type":"ImportError","exc_value":"cannot import name 'htm' from 'lxml' (/home/airflow/.local/lib/python3.12/site-packages/lxml/__init__.py)","exc_notes":[],"syntax_error":null,"is_cause":false,"frames":[{"filename":"/home/airflow/.local/lib/python3.12/site-packages/airflow/models/dagbag.py","lineno":394,"name":"parse"},{"filename":"<frozen importlib._bootstrap_external>","lineno":999,"name":"exec_module"},{"filename":"<frozen importlib._bootstrap>","lineno":488,"name":"_call_with_frames_removed"},{"filename":"/opt/airflow/dags/tsetmc_history_dag.py","lineno":11,"name":"<module>"}],"is_group":false,"exceptions":[]}]}
{"timestamp":"2025-12-07T10:12:39.599228","level":"info","event":"Filling up the DagBag from /opt/airflow/dags/tsetmc_history_dag.py","logger":"airflow.models.dagbag.DagBag"}
{"timestamp":"2025-12-07T10:12:41.462783","level":"info","event":"Filling up the DagBag from /opt/airflow/dags/tsetmc_history_dag.py","logger":"airflow.models.dagbag.DagBag"}
{"timestamp":"2025-12-07T10:12:41.486690","level":"error","event":"Failed to import: /opt/airflow/dags/tsetmc_history_dag.py","logger":"airflow.models.dagbag.DagBag","error_detail":[{"exc_type":"SyntaxError","exc_value":"invalid syntax (tsetmc_history_dag.py, line 68)","exc_notes":[],"syntax_error":{"offset":41,"filename":"/opt/airflow/dags/tsetmc_history_dag.py","line":"                    row_elements = tree.\n","lineno":68,"msg":"invalid syntax"},"is_cause":false,"frames":[{"filename":"/home/airflow/.local/lib/python3.12/site-packages/airflow/models/dagbag.py","lineno":394,"name":"parse"},{"filename":"<frozen importlib._bootstrap_external>","lineno":995,"name":"exec_module"},{"filename":"<frozen importlib._bootstrap_external>","lineno":1133,"name":"get_code"},{"filename":"<frozen importlib._bootstrap_external>","lineno":1063,"name":"source_to_code"},{"filename":"<frozen importlib._bootstrap>","lineno":488,"name":"_call_with_frames_removed"}],"is_group":false,"exceptions":[]}]}
{"timestamp":"2025-12-07T10:12:56.791549","level":"info","event":"Filling up the DagBag from /opt/airflow/dags/tsetmc_history_dag.py","logger":"airflow.models.dagbag.DagBag"}
{"timestamp":"2025-12-07T10:13:27.833563","level":"info","event":"Filling up the DagBag from /opt/airflow/dags/tsetmc_history_dag.py","logger":"airflow.models.dagbag.DagBag"}
{"timestamp":"2025-12-07T10:13:44.614289","level":"info","event":"Filling up the DagBag from /opt/airflow/dags/tsetmc_history_dag.py","logger":"airflow.models.dagbag.DagBag"}
{"timestamp":"2025-12-07T10:14:15.851480","level":"info","event":"Filling up the DagBag from /opt/airflow/dags/tsetmc_history_dag.py","logger":"airflow.models.dagbag.DagBag"}
{"timestamp":"2025-12-07T10:14:28.119152","level":"info","event":"Filling up the DagBag from /opt/airflow/dags/tsetmc_history_dag.py","logger":"airflow.models.dagbag.DagBag"}
{"timestamp":"2025-12-07T10:14:31.968923","level":"info","event":"Filling up the DagBag from /opt/airflow/dags/tsetmc_history_dag.py","logger":"airflow.models.dagbag.DagBag"}
{"timestamp":"2025-12-07T10:14:32.808427","level":"info","event":"Filling up the DagBag from /opt/airflow/dags/tsetmc_history_dag.py","logger":"airflow.models.dagbag.DagBag"}
{"timestamp":"2025-12-07T10:14:37.593229","level":"info","event":"Filling up the DagBag from /opt/airflow/dags/tsetmc_history_dag.py","logger":"airflow.models.dagbag.DagBag"}
{"timestamp":"2025-12-07T10:15:08.727769","level":"info","event":"Filling up the DagBag from /opt/airflow/dags/tsetmc_history_dag.py","logger":"airflow.models.dagbag.DagBag"}
{"timestamp":"2025-12-07T10:15:40.602769","level":"info","event":"Filling up the DagBag from /opt/airflow/dags/tsetmc_history_dag.py","logger":"airflow.models.dagbag.DagBag"}
{"timestamp":"2025-12-07T10:16:11.984752","level":"info","event":"Filling up the DagBag from /opt/airflow/dags/tsetmc_history_dag.py","logger":"airflow.models.dagbag.DagBag"}
{"timestamp":"2025-12-07T10:16:43.203405","level":"info","event":"Filling up the DagBag from /opt/airflow/dags/tsetmc_history_dag.py","logger":"airflow.models.dagbag.DagBag"}
{"timestamp":"2025-12-07T10:17:14.489591","level":"info","event":"Filling up the DagBag from /opt/airflow/dags/tsetmc_history_dag.py","logger":"airflow.models.dagbag.DagBag"}
{"timestamp":"2025-12-07T10:17:45.645293","level":"info","event":"Filling up the DagBag from /opt/airflow/dags/tsetmc_history_dag.py","logger":"airflow.models.dagbag.DagBag"}
{"timestamp":"2025-12-07T10:18:05.856051","level":"info","event":"Filling up the DagBag from /opt/airflow/dags/tsetmc_history_dag.py","logger":"airflow.models.dagbag.DagBag"}
{"timestamp":"2025-12-07T10:18:05.883566","level":"error","event":"Failed to import: /opt/airflow/dags/tsetmc_history_dag.py","logger":"airflow.models.dagbag.DagBag","error_detail":[{"exc_type":"SyntaxError","exc_value":"invalid syntax (tsetmc_history_dag.py, line 68)","exc_notes":[],"syntax_error":{"offset":66,"filename":"/opt/airflow/dags/tsetmc_history_dag.py","line":"                    row_elements = tree.xpath('//*[@id=\"shtt\"]').\n","lineno":68,"msg":"invalid syntax"},"is_cause":false,"frames":[{"filename":"/home/airflow/.local/lib/python3.12/site-packages/airflow/models/dagbag.py","lineno":394,"name":"parse"},{"filename":"<frozen importlib._bootstrap_external>","lineno":995,"name":"exec_module"},{"filename":"<frozen importlib._bootstrap_external>","lineno":1133,"name":"get_code"},{"filename":"<frozen importlib._bootstrap_external>","lineno":1063,"name":"source_to_code"},{"filename":"<frozen importlib._bootstrap>","lineno":488,"name":"_call_with_frames_removed"}],"is_group":false,"exceptions":[]}]}
{"timestamp":"2025-12-07T10:18:09.038967","level":"info","event":"Filling up the DagBag from /opt/airflow/dags/tsetmc_history_dag.py","logger":"airflow.models.dagbag.DagBag"}
{"timestamp":"2025-12-07T10:18:15.884733","level":"info","event":"Filling up the DagBag from /opt/airflow/dags/tsetmc_history_dag.py","logger":"airflow.models.dagbag.DagBag"}
{"timestamp":"2025-12-07T10:18:17.681908","level":"info","event":"Filling up the DagBag from /opt/airflow/dags/tsetmc_history_dag.py","logger":"airflow.models.dagbag.DagBag"}
{"timestamp":"2025-12-07T10:18:30.649764","level":"info","event":"Filling up the DagBag from /opt/airflow/dags/tsetmc_history_dag.py","logger":"airflow.models.dagbag.DagBag"}
{"timestamp":"2025-12-07T10:19:01.829371","level":"info","event":"Filling up the DagBag from /opt/airflow/dags/tsetmc_history_dag.py","logger":"airflow.models.dagbag.DagBag"}
{"timestamp":"2025-12-07T10:19:31.013056","level":"info","event":"Filling up the DagBag from /opt/airflow/dags/tsetmc_history_dag.py","logger":"airflow.models.dagbag.DagBag"}
{"timestamp":"2025-12-07T10:20:02.113059","level":"info","event":"Filling up the DagBag from /opt/airflow/dags/tsetmc_history_dag.py","logger":"airflow.models.dagbag.DagBag"}
{"timestamp":"2025-12-07T10:20:33.121575","level":"info","event":"Filling up the DagBag from /opt/airflow/dags/tsetmc_history_dag.py","logger":"airflow.models.dagbag.DagBag"}
{"timestamp":"2025-12-07T10:21:04.162005","level":"info","event":"Filling up the DagBag from /opt/airflow/dags/tsetmc_history_dag.py","logger":"airflow.models.dagbag.DagBag"}
{"timestamp":"2025-12-07T10:21:35.248427","level":"info","event":"Filling up the DagBag from /opt/airflow/dags/tsetmc_history_dag.py","logger":"airflow.models.dagbag.DagBag"}
{"timestamp":"2025-12-07T10:21:37.032097","level":"info","event":"Filling up the DagBag from /opt/airflow/dags/tsetmc_history_dag.py","logger":"airflow.models.dagbag.DagBag"}
{"timestamp":"2025-12-07T10:21:43.805794","level":"info","event":"Filling up the DagBag from /opt/airflow/dags/tsetmc_history_dag.py","logger":"airflow.models.dagbag.DagBag"}
{"timestamp":"2025-12-07T10:21:47.694033","level":"info","event":"Filling up the DagBag from /opt/airflow/dags/tsetmc_history_dag.py","logger":"airflow.models.dagbag.DagBag"}
{"timestamp":"2025-12-07T10:21:56.572483","level":"info","event":"Filling up the DagBag from /opt/airflow/dags/tsetmc_history_dag.py","logger":"airflow.models.dagbag.DagBag"}
{"timestamp":"2025-12-07T10:22:00.371347","level":"info","event":"Filling up the DagBag from /opt/airflow/dags/tsetmc_history_dag.py","logger":"airflow.models.dagbag.DagBag"}
{"timestamp":"2025-12-07T10:22:31.630612","level":"info","event":"Filling up the DagBag from /opt/airflow/dags/tsetmc_history_dag.py","logger":"airflow.models.dagbag.DagBag"}
{"timestamp":"2025-12-07T10:23:02.856758","level":"info","event":"Filling up the DagBag from /opt/airflow/dags/tsetmc_history_dag.py","logger":"airflow.models.dagbag.DagBag"}
{"timestamp":"2025-12-07T10:23:34.205001","level":"info","event":"Filling up the DagBag from /opt/airflow/dags/tsetmc_history_dag.py","logger":"airflow.models.dagbag.DagBag"}
{"timestamp":"2025-12-07T10:24:05.701649","level":"info","event":"Filling up the DagBag from /opt/airflow/dags/tsetmc_history_dag.py","logger":"airflow.models.dagbag.DagBag"}
{"timestamp":"2025-12-07T10:24:37.012660","level":"info","event":"Filling up the DagBag from /opt/airflow/dags/tsetmc_history_dag.py","logger":"airflow.models.dagbag.DagBag"}
{"timestamp":"2025-12-07T10:25:08.323219","level":"info","event":"Filling up the DagBag from /opt/airflow/dags/tsetmc_history_dag.py","logger":"airflow.models.dagbag.DagBag"}
{"timestamp":"2025-12-07T10:25:39.413482","level":"info","event":"Filling up the DagBag from /opt/airflow/dags/tsetmc_history_dag.py","logger":"airflow.models.dagbag.DagBag"}
{"timestamp":"2025-12-07T10:26:10.547417","level":"info","event":"Filling up the DagBag from /opt/airflow/dags/tsetmc_history_dag.py","logger":"airflow.models.dagbag.DagBag"}
{"timestamp":"2025-12-07T10:26:41.653881","level":"info","event":"Filling up the DagBag from /opt/airflow/dags/tsetmc_history_dag.py","logger":"airflow.models.dagbag.DagBag"}
{"timestamp":"2025-12-07T10:27:13.461512","level":"info","event":"Filling up the DagBag from /opt/airflow/dags/tsetmc_history_dag.py","logger":"airflow.models.dagbag.DagBag"}
{"timestamp":"2025-12-07T10:27:44.986932","level":"info","event":"Filling up the DagBag from /opt/airflow/dags/tsetmc_history_dag.py","logger":"airflow.models.dagbag.DagBag"}
{"timestamp":"2025-12-07T10:28:16.324911","level":"info","event":"Filling up the DagBag from /opt/airflow/dags/tsetmc_history_dag.py","logger":"airflow.models.dagbag.DagBag"}
{"timestamp":"2025-12-07T10:28:47.957774","level":"info","event":"Filling up the DagBag from /opt/airflow/dags/tsetmc_history_dag.py","logger":"airflow.models.dagbag.DagBag"}
{"timestamp":"2025-12-07T10:29:19.014816","level":"info","event":"Filling up the DagBag from /opt/airflow/dags/tsetmc_history_dag.py","logger":"airflow.models.dagbag.DagBag"}
{"timestamp":"2025-12-07T10:29:50.145955","level":"info","event":"Filling up the DagBag from /opt/airflow/dags/tsetmc_history_dag.py","logger":"airflow.models.dagbag.DagBag"}
{"timestamp":"2025-12-07T10:30:21.207790","level":"info","event":"Filling up the DagBag from /opt/airflow/dags/tsetmc_history_dag.py","logger":"airflow.models.dagbag.DagBag"}
{"timestamp":"2025-12-07T10:30:52.546393","level":"info","event":"Filling up the DagBag from /opt/airflow/dags/tsetmc_history_dag.py","logger":"airflow.models.dagbag.DagBag"}
{"timestamp":"2025-12-07T10:31:23.345694","level":"info","event":"Filling up the DagBag from /opt/airflow/dags/tsetmc_history_dag.py","logger":"airflow.models.dagbag.DagBag"}
{"timestamp":"2025-12-07T10:31:54.385565","level":"info","event":"Filling up the DagBag from /opt/airflow/dags/tsetmc_history_dag.py","logger":"airflow.models.dagbag.DagBag"}
{"timestamp":"2025-12-07T10:32:25.495440","level":"info","event":"Filling up the DagBag from /opt/airflow/dags/tsetmc_history_dag.py","logger":"airflow.models.dagbag.DagBag"}
{"timestamp":"2025-12-07T10:32:56.711036","level":"info","event":"Filling up the DagBag from /opt/airflow/dags/tsetmc_history_dag.py","logger":"airflow.models.dagbag.DagBag"}
{"timestamp":"2025-12-07T10:33:27.855918","level":"info","event":"Filling up the DagBag from /opt/airflow/dags/tsetmc_history_dag.py","logger":"airflow.models.dagbag.DagBag"}
{"timestamp":"2025-12-07T10:33:58.927858","level":"info","event":"Filling up the DagBag from /opt/airflow/dags/tsetmc_history_dag.py","logger":"airflow.models.dagbag.DagBag"}
{"timestamp":"2025-12-07T10:34:30.012039","level":"info","event":"Filling up the DagBag from /opt/airflow/dags/tsetmc_history_dag.py","logger":"airflow.models.dagbag.DagBag"}
{"timestamp":"2025-12-07T10:35:01.050582","level":"info","event":"Filling up the DagBag from /opt/airflow/dags/tsetmc_history_dag.py","logger":"airflow.models.dagbag.DagBag"}
{"timestamp":"2025-12-07T10:35:32.203863","level":"info","event":"Filling up the DagBag from /opt/airflow/dags/tsetmc_history_dag.py","logger":"airflow.models.dagbag.DagBag"}
{"timestamp":"2025-12-07T10:36:03.303432","level":"info","event":"Filling up the DagBag from /opt/airflow/dags/tsetmc_history_dag.py","logger":"airflow.models.dagbag.DagBag"}
{"timestamp":"2025-12-07T10:36:34.352129","level":"info","event":"Filling up the DagBag from /opt/airflow/dags/tsetmc_history_dag.py","logger":"airflow.models.dagbag.DagBag"}
{"timestamp":"2025-12-07T10:37:05.456397","level":"info","event":"Filling up the DagBag from /opt/airflow/dags/tsetmc_history_dag.py","logger":"airflow.models.dagbag.DagBag"}
{"timestamp":"2025-12-07T10:37:36.561052","level":"info","event":"Filling up the DagBag from /opt/airflow/dags/tsetmc_history_dag.py","logger":"airflow.models.dagbag.DagBag"}
{"timestamp":"2025-12-07T10:38:07.749566","level":"info","event":"Filling up the DagBag from /opt/airflow/dags/tsetmc_history_dag.py","logger":"airflow.models.dagbag.DagBag"}
{"timestamp":"2025-12-07T10:38:38.951262","level":"info","event":"Filling up the DagBag from /opt/airflow/dags/tsetmc_history_dag.py","logger":"airflow.models.dagbag.DagBag"}
{"timestamp":"2025-12-07T10:39:10.394949","level":"info","event":"Filling up the DagBag from /opt/airflow/dags/tsetmc_history_dag.py","logger":"airflow.models.dagbag.DagBag"}
{"timestamp":"2025-12-07T10:39:41.794989","level":"info","event":"Filling up the DagBag from /opt/airflow/dags/tsetmc_history_dag.py","logger":"airflow.models.dagbag.DagBag"}
{"timestamp":"2025-12-07T10:40:12.882479","level":"info","event":"Filling up the DagBag from /opt/airflow/dags/tsetmc_history_dag.py","logger":"airflow.models.dagbag.DagBag"}
{"timestamp":"2025-12-07T10:40:43.955532","level":"info","event":"Filling up the DagBag from /opt/airflow/dags/tsetmc_history_dag.py","logger":"airflow.models.dagbag.DagBag"}
{"timestamp":"2025-12-07T10:41:15.101156","level":"info","event":"Filling up the DagBag from /opt/airflow/dags/tsetmc_history_dag.py","logger":"airflow.models.dagbag.DagBag"}
{"timestamp":"2025-12-07T10:41:46.297578","level":"info","event":"Filling up the DagBag from /opt/airflow/dags/tsetmc_history_dag.py","logger":"airflow.models.dagbag.DagBag"}
{"timestamp":"2025-12-07T10:42:17.634278","level":"info","event":"Filling up the DagBag from /opt/airflow/dags/tsetmc_history_dag.py","logger":"airflow.models.dagbag.DagBag"}
{"timestamp":"2025-12-07T10:42:49.228936","level":"info","event":"Filling up the DagBag from /opt/airflow/dags/tsetmc_history_dag.py","logger":"airflow.models.dagbag.DagBag"}
{"timestamp":"2025-12-07T10:43:21.096017","level":"info","event":"Filling up the DagBag from /opt/airflow/dags/tsetmc_history_dag.py","logger":"airflow.models.dagbag.DagBag"}
{"timestamp":"2025-12-07T10:43:52.694128","level":"info","event":"Filling up the DagBag from /opt/airflow/dags/tsetmc_history_dag.py","logger":"airflow.models.dagbag.DagBag"}
{"timestamp":"2025-12-07T10:44:24.275634","level":"info","event":"Filling up the DagBag from /opt/airflow/dags/tsetmc_history_dag.py","logger":"airflow.models.dagbag.DagBag"}
{"timestamp":"2025-12-07T10:44:56.621538","level":"info","event":"Filling up the DagBag from /opt/airflow/dags/tsetmc_history_dag.py","logger":"airflow.models.dagbag.DagBag"}
{"timestamp":"2025-12-07T10:45:27.981575","level":"info","event":"Filling up the DagBag from /opt/airflow/dags/tsetmc_history_dag.py","logger":"airflow.models.dagbag.DagBag"}
{"timestamp":"2025-12-07T10:45:59.104309","level":"info","event":"Filling up the DagBag from /opt/airflow/dags/tsetmc_history_dag.py","logger":"airflow.models.dagbag.DagBag"}
{"timestamp":"2025-12-07T10:46:30.288227","level":"info","event":"Filling up the DagBag from /opt/airflow/dags/tsetmc_history_dag.py","logger":"airflow.models.dagbag.DagBag"}
{"timestamp":"2025-12-07T10:47:01.103229","level":"info","event":"Filling up the DagBag from /opt/airflow/dags/tsetmc_history_dag.py","logger":"airflow.models.dagbag.DagBag"}
{"timestamp":"2025-12-07T10:47:32.204503","level":"info","event":"Filling up the DagBag from /opt/airflow/dags/tsetmc_history_dag.py","logger":"airflow.models.dagbag.DagBag"}
{"timestamp":"2025-12-07T10:48:03.268515","level":"info","event":"Filling up the DagBag from /opt/airflow/dags/tsetmc_history_dag.py","logger":"airflow.models.dagbag.DagBag"}
{"timestamp":"2025-12-07T10:48:34.327106","level":"info","event":"Filling up the DagBag from /opt/airflow/dags/tsetmc_history_dag.py","logger":"airflow.models.dagbag.DagBag"}
{"timestamp":"2025-12-07T10:49:05.348026","level":"info","event":"Filling up the DagBag from /opt/airflow/dags/tsetmc_history_dag.py","logger":"airflow.models.dagbag.DagBag"}
{"timestamp":"2025-12-07T10:49:36.483507","level":"info","event":"Filling up the DagBag from /opt/airflow/dags/tsetmc_history_dag.py","logger":"airflow.models.dagbag.DagBag"}
{"timestamp":"2025-12-07T10:50:07.710566","level":"info","event":"Filling up the DagBag from /opt/airflow/dags/tsetmc_history_dag.py","logger":"airflow.models.dagbag.DagBag"}
{"timestamp":"2025-12-07T10:50:38.835277","level":"info","event":"Filling up the DagBag from /opt/airflow/dags/tsetmc_history_dag.py","logger":"airflow.models.dagbag.DagBag"}
{"timestamp":"2025-12-07T10:51:09.579878","level":"info","event":"Filling up the DagBag from /opt/airflow/dags/tsetmc_history_dag.py","logger":"airflow.models.dagbag.DagBag"}
{"timestamp":"2025-12-07T10:51:40.633196","level":"info","event":"Filling up the DagBag from /opt/airflow/dags/tsetmc_history_dag.py","logger":"airflow.models.dagbag.DagBag"}
{"timestamp":"2025-12-07T10:52:11.673413","level":"info","event":"Filling up the DagBag from /opt/airflow/dags/tsetmc_history_dag.py","logger":"airflow.models.dagbag.DagBag"}
{"timestamp":"2025-12-07T10:52:42.772961","level":"info","event":"Filling up the DagBag from /opt/airflow/dags/tsetmc_history_dag.py","logger":"airflow.models.dagbag.DagBag"}
{"timestamp":"2025-12-07T10:53:13.939809","level":"info","event":"Filling up the DagBag from /opt/airflow/dags/tsetmc_history_dag.py","logger":"airflow.models.dagbag.DagBag"}
{"timestamp":"2025-12-07T10:53:45.040965","level":"info","event":"Filling up the DagBag from /opt/airflow/dags/tsetmc_history_dag.py","logger":"airflow.models.dagbag.DagBag"}
{"timestamp":"2025-12-07T10:54:16.199131","level":"info","event":"Filling up the DagBag from /opt/airflow/dags/tsetmc_history_dag.py","logger":"airflow.models.dagbag.DagBag"}
{"timestamp":"2025-12-07T10:54:47.255074","level":"info","event":"Filling up the DagBag from /opt/airflow/dags/tsetmc_history_dag.py","logger":"airflow.models.dagbag.DagBag"}
{"timestamp":"2025-12-07T10:55:18.554462","level":"info","event":"Filling up the DagBag from /opt/airflow/dags/tsetmc_history_dag.py","logger":"airflow.models.dagbag.DagBag"}
{"timestamp":"2025-12-07T10:55:49.675894","level":"info","event":"Filling up the DagBag from /opt/airflow/dags/tsetmc_history_dag.py","logger":"airflow.models.dagbag.DagBag"}
{"timestamp":"2025-12-07T10:56:20.875464","level":"info","event":"Filling up the DagBag from /opt/airflow/dags/tsetmc_history_dag.py","logger":"airflow.models.dagbag.DagBag"}
{"timestamp":"2025-12-07T10:56:51.914695","level":"info","event":"Filling up the DagBag from /opt/airflow/dags/tsetmc_history_dag.py","logger":"airflow.models.dagbag.DagBag"}
{"timestamp":"2025-12-07T10:57:22.938050","level":"info","event":"Filling up the DagBag from /opt/airflow/dags/tsetmc_history_dag.py","logger":"airflow.models.dagbag.DagBag"}
{"timestamp":"2025-12-07T10:57:54.128968","level":"info","event":"Filling up the DagBag from /opt/airflow/dags/tsetmc_history_dag.py","logger":"airflow.models.dagbag.DagBag"}
{"timestamp":"2025-12-07T10:58:25.180849","level":"info","event":"Filling up the DagBag from /opt/airflow/dags/tsetmc_history_dag.py","logger":"airflow.models.dagbag.DagBag"}
{"timestamp":"2025-12-07T10:58:56.214670","level":"info","event":"Filling up the DagBag from /opt/airflow/dags/tsetmc_history_dag.py","logger":"airflow.models.dagbag.DagBag"}
{"timestamp":"2025-12-07T10:59:27.305021","level":"info","event":"Filling up the DagBag from /opt/airflow/dags/tsetmc_history_dag.py","logger":"airflow.models.dagbag.DagBag"}
{"timestamp":"2025-12-07T10:59:58.349350","level":"info","event":"Filling up the DagBag from /opt/airflow/dags/tsetmc_history_dag.py","logger":"airflow.models.dagbag.DagBag"}
{"timestamp":"2025-12-07T11:00:29.409804","level":"info","event":"Filling up the DagBag from /opt/airflow/dags/tsetmc_history_dag.py","logger":"airflow.models.dagbag.DagBag"}
{"timestamp":"2025-12-07T11:01:00.699672","level":"info","event":"Filling up the DagBag from /opt/airflow/dags/tsetmc_history_dag.py","logger":"airflow.models.dagbag.DagBag"}
{"timestamp":"2025-12-07T11:01:31.748299","level":"info","event":"Filling up the DagBag from /opt/airflow/dags/tsetmc_history_dag.py","logger":"airflow.models.dagbag.DagBag"}
{"timestamp":"2025-12-07T11:02:02.814323","level":"info","event":"Filling up the DagBag from /opt/airflow/dags/tsetmc_history_dag.py","logger":"airflow.models.dagbag.DagBag"}
{"timestamp":"2025-12-07T11:02:33.877621","level":"info","event":"Filling up the DagBag from /opt/airflow/dags/tsetmc_history_dag.py","logger":"airflow.models.dagbag.DagBag"}
{"timestamp":"2025-12-07T11:03:04.990999","level":"info","event":"Filling up the DagBag from /opt/airflow/dags/tsetmc_history_dag.py","logger":"airflow.models.dagbag.DagBag"}
{"timestamp":"2025-12-07T11:03:36.111208","level":"info","event":"Filling up the DagBag from /opt/airflow/dags/tsetmc_history_dag.py","logger":"airflow.models.dagbag.DagBag"}
{"timestamp":"2025-12-07T11:04:07.243760","level":"info","event":"Filling up the DagBag from /opt/airflow/dags/tsetmc_history_dag.py","logger":"airflow.models.dagbag.DagBag"}
{"timestamp":"2025-12-07T11:04:38.300485","level":"info","event":"Filling up the DagBag from /opt/airflow/dags/tsetmc_history_dag.py","logger":"airflow.models.dagbag.DagBag"}
{"timestamp":"2025-12-07T11:05:09.354765","level":"info","event":"Filling up the DagBag from /opt/airflow/dags/tsetmc_history_dag.py","logger":"airflow.models.dagbag.DagBag"}
{"timestamp":"2025-12-07T11:05:40.410620","level":"info","event":"Filling up the DagBag from /opt/airflow/dags/tsetmc_history_dag.py","logger":"airflow.models.dagbag.DagBag"}
{"timestamp":"2025-12-07T11:06:11.492387","level":"info","event":"Filling up the DagBag from /opt/airflow/dags/tsetmc_history_dag.py","logger":"airflow.models.dagbag.DagBag"}
{"timestamp":"2025-12-07T11:06:42.542004","level":"info","event":"Filling up the DagBag from /opt/airflow/dags/tsetmc_history_dag.py","logger":"airflow.models.dagbag.DagBag"}
{"timestamp":"2025-12-07T11:07:13.619947","level":"info","event":"Filling up the DagBag from /opt/airflow/dags/tsetmc_history_dag.py","logger":"airflow.models.dagbag.DagBag"}
{"timestamp":"2025-12-07T11:07:44.717978","level":"info","event":"Filling up the DagBag from /opt/airflow/dags/tsetmc_history_dag.py","logger":"airflow.models.dagbag.DagBag"}
{"timestamp":"2025-12-07T11:08:15.971092","level":"info","event":"Filling up the DagBag from /opt/airflow/dags/tsetmc_history_dag.py","logger":"airflow.models.dagbag.DagBag"}
{"timestamp":"2025-12-07T11:08:47.243021","level":"info","event":"Filling up the DagBag from /opt/airflow/dags/tsetmc_history_dag.py","logger":"airflow.models.dagbag.DagBag"}
{"timestamp":"2025-12-07T11:09:18.060278","level":"info","event":"Filling up the DagBag from /opt/airflow/dags/tsetmc_history_dag.py","logger":"airflow.models.dagbag.DagBag"}
{"timestamp":"2025-12-07T11:09:34.754020","level":"info","event":"Filling up the DagBag from /opt/airflow/dags/tsetmc_history_dag.py","logger":"airflow.models.dagbag.DagBag"}
{"timestamp":"2025-12-07T11:09:39.310394","level":"info","event":"Filling up the DagBag from /opt/airflow/dags/tsetmc_history_dag.py","logger":"airflow.models.dagbag.DagBag"}
{"timestamp":"2025-12-07T11:10:10.098194","level":"info","event":"Filling up the DagBag from /opt/airflow/dags/tsetmc_history_dag.py","logger":"airflow.models.dagbag.DagBag"}
{"timestamp":"2025-12-07T11:10:40.880085","level":"info","event":"Filling up the DagBag from /opt/airflow/dags/tsetmc_history_dag.py","logger":"airflow.models.dagbag.DagBag"}
{"timestamp":"2025-12-07T11:11:11.650792","level":"info","event":"Filling up the DagBag from /opt/airflow/dags/tsetmc_history_dag.py","logger":"airflow.models.dagbag.DagBag"}
{"timestamp":"2025-12-07T11:11:42.432018","level":"info","event":"Filling up the DagBag from /opt/airflow/dags/tsetmc_history_dag.py","logger":"airflow.models.dagbag.DagBag"}
{"timestamp":"2025-12-07T11:12:13.026910","level":"info","event":"Filling up the DagBag from /opt/airflow/dags/tsetmc_history_dag.py","logger":"airflow.models.dagbag.DagBag"}
{"timestamp":"2025-12-07T11:12:44.508309","level":"info","event":"Filling up the DagBag from /opt/airflow/dags/tsetmc_history_dag.py","logger":"airflow.models.dagbag.DagBag"}
{"timestamp":"2025-12-07T11:13:15.838051","level":"info","event":"Filling up the DagBag from /opt/airflow/dags/tsetmc_history_dag.py","logger":"airflow.models.dagbag.DagBag"}
{"timestamp":"2025-12-07T11:13:46.714065","level":"info","event":"Filling up the DagBag from /opt/airflow/dags/tsetmc_history_dag.py","logger":"airflow.models.dagbag.DagBag"}
{"timestamp":"2025-12-07T11:14:17.388854","level":"info","event":"Filling up the DagBag from /opt/airflow/dags/tsetmc_history_dag.py","logger":"airflow.models.dagbag.DagBag"}
{"timestamp":"2025-12-07T11:14:48.415089","level":"info","event":"Filling up the DagBag from /opt/airflow/dags/tsetmc_history_dag.py","logger":"airflow.models.dagbag.DagBag"}
{"timestamp":"2025-12-07T11:15:19.255022","level":"info","event":"Filling up the DagBag from /opt/airflow/dags/tsetmc_history_dag.py","logger":"airflow.models.dagbag.DagBag"}
{"timestamp":"2025-12-07T11:15:50.066110","level":"info","event":"Filling up the DagBag from /opt/airflow/dags/tsetmc_history_dag.py","logger":"airflow.models.dagbag.DagBag"}
{"timestamp":"2025-12-07T11:16:20.873878","level":"info","event":"Filling up the DagBag from /opt/airflow/dags/tsetmc_history_dag.py","logger":"airflow.models.dagbag.DagBag"}
{"timestamp":"2025-12-07T11:16:51.959944","level":"info","event":"Filling up the DagBag from /opt/airflow/dags/tsetmc_history_dag.py","logger":"airflow.models.dagbag.DagBag"}
{"timestamp":"2025-12-07T11:17:23.170135","level":"info","event":"Filling up the DagBag from /opt/airflow/dags/tsetmc_history_dag.py","logger":"airflow.models.dagbag.DagBag"}
{"timestamp":"2025-12-07T11:17:53.985907","level":"info","event":"Filling up the DagBag from /opt/airflow/dags/tsetmc_history_dag.py","logger":"airflow.models.dagbag.DagBag"}
{"timestamp":"2025-12-07T11:18:24.813772","level":"info","event":"Filling up the DagBag from /opt/airflow/dags/tsetmc_history_dag.py","logger":"airflow.models.dagbag.DagBag"}
{"timestamp":"2025-12-07T11:18:55.634955","level":"info","event":"Filling up the DagBag from /opt/airflow/dags/tsetmc_history_dag.py","logger":"airflow.models.dagbag.DagBag"}
{"timestamp":"2025-12-07T11:19:26.413532","level":"info","event":"Filling up the DagBag from /opt/airflow/dags/tsetmc_history_dag.py","logger":"airflow.models.dagbag.DagBag"}
{"timestamp":"2025-12-07T11:19:57.186226","level":"info","event":"Filling up the DagBag from /opt/airflow/dags/tsetmc_history_dag.py","logger":"airflow.models.dagbag.DagBag"}
{"timestamp":"2025-12-07T11:20:28.041701","level":"info","event":"Filling up the DagBag from /opt/airflow/dags/tsetmc_history_dag.py","logger":"airflow.models.dagbag.DagBag"}
{"timestamp":"2025-12-07T11:20:58.853137","level":"info","event":"Filling up the DagBag from /opt/airflow/dags/tsetmc_history_dag.py","logger":"airflow.models.dagbag.DagBag"}
{"timestamp":"2025-12-07T11:21:29.940984","level":"info","event":"Filling up the DagBag from /opt/airflow/dags/tsetmc_history_dag.py","logger":"airflow.models.dagbag.DagBag"}
{"timestamp":"2025-12-07T11:22:00.802796","level":"info","event":"Filling up the DagBag from /opt/airflow/dags/tsetmc_history_dag.py","logger":"airflow.models.dagbag.DagBag"}
{"timestamp":"2025-12-07T11:22:31.676567","level":"info","event":"Filling up the DagBag from /opt/airflow/dags/tsetmc_history_dag.py","logger":"airflow.models.dagbag.DagBag"}
{"timestamp":"2025-12-07T11:23:02.994831","level":"info","event":"Filling up the DagBag from /opt/airflow/dags/tsetmc_history_dag.py","logger":"airflow.models.dagbag.DagBag"}
{"timestamp":"2025-12-07T11:23:39.324424","level":"info","event":"Filling up the DagBag from /opt/airflow/dags/tsetmc_history_dag.py","logger":"airflow.models.dagbag.DagBag"}
{"timestamp":"2025-12-07T11:24:10.193120","level":"info","event":"Filling up the DagBag from /opt/airflow/dags/tsetmc_history_dag.py","logger":"airflow.models.dagbag.DagBag"}
{"timestamp":"2025-12-07T11:24:40.989070","level":"info","event":"Filling up the DagBag from /opt/airflow/dags/tsetmc_history_dag.py","logger":"airflow.models.dagbag.DagBag"}
{"timestamp":"2025-12-07T11:25:11.850649","level":"info","event":"Filling up the DagBag from /opt/airflow/dags/tsetmc_history_dag.py","logger":"airflow.models.dagbag.DagBag"}
{"timestamp":"2025-12-07T11:25:42.740029","level":"info","event":"Filling up the DagBag from /opt/airflow/dags/tsetmc_history_dag.py","logger":"airflow.models.dagbag.DagBag"}
{"timestamp":"2025-12-07T11:26:13.639255","level":"info","event":"Filling up the DagBag from /opt/airflow/dags/tsetmc_history_dag.py","logger":"airflow.models.dagbag.DagBag"}
{"timestamp":"2025-12-07T11:26:44.523900","level":"info","event":"Filling up the DagBag from /opt/airflow/dags/tsetmc_history_dag.py","logger":"airflow.models.dagbag.DagBag"}
{"timestamp":"2025-12-07T11:27:15.410883","level":"info","event":"Filling up the DagBag from /opt/airflow/dags/tsetmc_history_dag.py","logger":"airflow.models.dagbag.DagBag"}
{"timestamp":"2025-12-07T11:27:45.894276","level":"info","event":"Filling up the DagBag from /opt/airflow/dags/tsetmc_history_dag.py","logger":"airflow.models.dagbag.DagBag"}
{"timestamp":"2025-12-07T11:28:16.744648","level":"info","event":"Filling up the DagBag from /opt/airflow/dags/tsetmc_history_dag.py","logger":"airflow.models.dagbag.DagBag"}
{"timestamp":"2025-12-07T11:28:47.622654","level":"info","event":"Filling up the DagBag from /opt/airflow/dags/tsetmc_history_dag.py","logger":"airflow.models.dagbag.DagBag"}
{"timestamp":"2025-12-07T11:29:18.490433","level":"info","event":"Filling up the DagBag from /opt/airflow/dags/tsetmc_history_dag.py","logger":"airflow.models.dagbag.DagBag"}
{"timestamp":"2025-12-07T11:29:49.480888","level":"info","event":"Filling up the DagBag from /opt/airflow/dags/tsetmc_history_dag.py","logger":"airflow.models.dagbag.DagBag"}
{"timestamp":"2025-12-07T11:30:20.284522","level":"info","event":"Filling up the DagBag from /opt/airflow/dags/tsetmc_history_dag.py","logger":"airflow.models.dagbag.DagBag"}
{"timestamp":"2025-12-07T11:30:51.169511","level":"info","event":"Filling up the DagBag from /opt/airflow/dags/tsetmc_history_dag.py","logger":"airflow.models.dagbag.DagBag"}
{"timestamp":"2025-12-07T11:31:21.670670","level":"info","event":"Filling up the DagBag from /opt/airflow/dags/tsetmc_history_dag.py","logger":"airflow.models.dagbag.DagBag"}
{"timestamp":"2025-12-07T11:31:52.612089","level":"info","event":"Filling up the DagBag from /opt/airflow/dags/tsetmc_history_dag.py","logger":"airflow.models.dagbag.DagBag"}
{"timestamp":"2025-12-07T11:32:23.421796","level":"info","event":"Filling up the DagBag from /opt/airflow/dags/tsetmc_history_dag.py","logger":"airflow.models.dagbag.DagBag"}
{"timestamp":"2025-12-07T11:32:54.383168","level":"info","event":"Filling up the DagBag from /opt/airflow/dags/tsetmc_history_dag.py","logger":"airflow.models.dagbag.DagBag"}
{"timestamp":"2025-12-07T11:33:25.184102","level":"info","event":"Filling up the DagBag from /opt/airflow/dags/tsetmc_history_dag.py","logger":"airflow.models.dagbag.DagBag"}
{"timestamp":"2025-12-07T11:33:55.987768","level":"info","event":"Filling up the DagBag from /opt/airflow/dags/tsetmc_history_dag.py","logger":"airflow.models.dagbag.DagBag"}
{"timestamp":"2025-12-07T11:34:26.777538","level":"info","event":"Filling up the DagBag from /opt/airflow/dags/tsetmc_history_dag.py","logger":"airflow.models.dagbag.DagBag"}
{"timestamp":"2025-12-07T11:34:57.576613","level":"info","event":"Filling up the DagBag from /opt/airflow/dags/tsetmc_history_dag.py","logger":"airflow.models.dagbag.DagBag"}
{"timestamp":"2025-12-07T11:35:28.443140","level":"info","event":"Filling up the DagBag from /opt/airflow/dags/tsetmc_history_dag.py","logger":"airflow.models.dagbag.DagBag"}
{"timestamp":"2025-12-07T11:35:59.254684","level":"info","event":"Filling up the DagBag from /opt/airflow/dags/tsetmc_history_dag.py","logger":"airflow.models.dagbag.DagBag"}
{"timestamp":"2025-12-07T11:36:30.090910","level":"info","event":"Filling up the DagBag from /opt/airflow/dags/tsetmc_history_dag.py","logger":"airflow.models.dagbag.DagBag"}
{"timestamp":"2025-12-07T11:37:00.875714","level":"info","event":"Filling up the DagBag from /opt/airflow/dags/tsetmc_history_dag.py","logger":"airflow.models.dagbag.DagBag"}
{"timestamp":"2025-12-07T11:37:31.728279","level":"info","event":"Filling up the DagBag from /opt/airflow/dags/tsetmc_history_dag.py","logger":"airflow.models.dagbag.DagBag"}
{"timestamp":"2025-12-07T11:38:02.505306","level":"info","event":"Filling up the DagBag from /opt/airflow/dags/tsetmc_history_dag.py","logger":"airflow.models.dagbag.DagBag"}
{"timestamp":"2025-12-07T11:38:33.338343","level":"info","event":"Filling up the DagBag from /opt/airflow/dags/tsetmc_history_dag.py","logger":"airflow.models.dagbag.DagBag"}
{"timestamp":"2025-12-07T11:39:04.218103","level":"info","event":"Filling up the DagBag from /opt/airflow/dags/tsetmc_history_dag.py","logger":"airflow.models.dagbag.DagBag"}
{"timestamp":"2025-12-07T11:39:35.044280","level":"info","event":"Filling up the DagBag from /opt/airflow/dags/tsetmc_history_dag.py","logger":"airflow.models.dagbag.DagBag"}
{"timestamp":"2025-12-07T11:40:05.830247","level":"info","event":"Filling up the DagBag from /opt/airflow/dags/tsetmc_history_dag.py","logger":"airflow.models.dagbag.DagBag"}
{"timestamp":"2025-12-07T11:40:36.377624","level":"info","event":"Filling up the DagBag from /opt/airflow/dags/tsetmc_history_dag.py","logger":"airflow.models.dagbag.DagBag"}
{"timestamp":"2025-12-07T11:41:07.221093","level":"info","event":"Filling up the DagBag from /opt/airflow/dags/tsetmc_history_dag.py","logger":"airflow.models.dagbag.DagBag"}
{"timestamp":"2025-12-07T11:41:38.009920","level":"info","event":"Filling up the DagBag from /opt/airflow/dags/tsetmc_history_dag.py","logger":"airflow.models.dagbag.DagBag"}
{"timestamp":"2025-12-07T11:42:08.802638","level":"info","event":"Filling up the DagBag from /opt/airflow/dags/tsetmc_history_dag.py","logger":"airflow.models.dagbag.DagBag"}
{"timestamp":"2025-12-07T11:42:39.661043","level":"info","event":"Filling up the DagBag from /opt/airflow/dags/tsetmc_history_dag.py","logger":"airflow.models.dagbag.DagBag"}
{"timestamp":"2025-12-07T11:42:58.462259","level":"info","event":"Filling up the DagBag from /opt/airflow/dags/tsetmc_history_dag.py","logger":"airflow.models.dagbag.DagBag"}
{"timestamp":"2025-12-07T11:42:58.486940","level":"error","event":"Failed to import: /opt/airflow/dags/tsetmc_history_dag.py","logger":"airflow.models.dagbag.DagBag","error_detail":[{"exc_type":"SyntaxError","exc_value":"invalid syntax (tsetmc_history_dag.py, line 61)","exc_notes":[],"syntax_error":{"offset":27,"filename":"/opt/airflow/dags/tsetmc_history_dag.py","line":"                    https://cdn.tsetmc.com/api/Shareholder/\n","lineno":61,"msg":"invalid syntax"},"is_cause":false,"frames":[{"filename":"/home/airflow/.local/lib/python3.12/site-packages/airflow/models/dagbag.py","lineno":394,"name":"parse"},{"filename":"<frozen importlib._bootstrap_external>","lineno":995,"name":"exec_module"},{"filename":"<frozen importlib._bootstrap_external>","lineno":1133,"name":"get_code"},{"filename":"<frozen importlib._bootstrap_external>","lineno":1063,"name":"source_to_code"},{"filename":"<frozen importlib._bootstrap>","lineno":488,"name":"_call_with_frames_removed"}],"is_group":false,"exceptions":[]}]}
{"timestamp":"2025-12-07T11:42:59.691293","level":"info","event":"Filling up the DagBag from /opt/airflow/dags/tsetmc_history_dag.py","logger":"airflow.models.dagbag.DagBag"}
{"timestamp":"2025-12-07T11:43:16.619556","level":"info","event":"Filling up the DagBag from /opt/airflow/dags/tsetmc_history_dag.py","logger":"airflow.models.dagbag.DagBag"}
{"timestamp":"2025-12-07T11:43:24.204882","level":"info","event":"Filling up the DagBag from /opt/airflow/dags/tsetmc_history_dag.py","logger":"airflow.models.dagbag.DagBag"}
{"timestamp":"2025-12-07T11:43:55.356303","level":"info","event":"Filling up the DagBag from /opt/airflow/dags/tsetmc_history_dag.py","logger":"airflow.models.dagbag.DagBag"}
{"timestamp":"2025-12-07T11:44:30.186103","level":"info","event":"Filling up the DagBag from /opt/airflow/dags/tsetmc_history_dag.py","logger":"airflow.models.dagbag.DagBag"}
{"timestamp":"2025-12-07T11:45:01.005617","level":"info","event":"Filling up the DagBag from /opt/airflow/dags/tsetmc_history_dag.py","logger":"airflow.models.dagbag.DagBag"}
{"timestamp":"2025-12-07T11:45:21.734410","level":"info","event":"Filling up the DagBag from /opt/airflow/dags/tsetmc_history_dag.py","logger":"airflow.models.dagbag.DagBag"}
{"timestamp":"2025-12-07T11:45:46.556453","level":"info","event":"Filling up the DagBag from /opt/airflow/dags/tsetmc_history_dag.py","logger":"airflow.models.dagbag.DagBag"}
{"timestamp":"2025-12-07T11:45:50.148841","level":"info","event":"Filling up the DagBag from /opt/airflow/dags/tsetmc_history_dag.py","logger":"airflow.models.dagbag.DagBag"}
{"timestamp":"2025-12-07T11:45:58.768073","level":"info","event":"Filling up the DagBag from /opt/airflow/dags/tsetmc_history_dag.py","logger":"airflow.models.dagbag.DagBag"}
{"timestamp":"2025-12-07T11:45:58.794074","level":"error","event":"Failed to import: /opt/airflow/dags/tsetmc_history_dag.py","logger":"airflow.models.dagbag.DagBag","error_detail":[{"exc_type":"SyntaxError","exc_value":"invalid syntax (tsetmc_history_dag.py, line 64)","exc_notes":[],"syntax_error":{"offset":32,"filename":"/opt/airflow/dags/tsetmc_history_dag.py","line":"                    for row in :\n","lineno":64,"msg":"invalid syntax"},"is_cause":false,"frames":[{"filename":"/home/airflow/.local/lib/python3.12/site-packages/airflow/models/dagbag.py","lineno":394,"name":"parse"},{"filename":"<frozen importlib._bootstrap_external>","lineno":995,"name":"exec_module"},{"filename":"<frozen importlib._bootstrap_external>","lineno":1133,"name":"get_code"},{"filename":"<frozen importlib._bootstrap_external>","lineno":1063,"name":"source_to_code"},{"filename":"<frozen importlib._bootstrap>","lineno":488,"name":"_call_with_frames_removed"}],"is_group":false,"exceptions":[]}]}
{"timestamp":"2025-12-07T11:46:00.901964","level":"info","event":"Filling up the DagBag from /opt/airflow/dags/tsetmc_history_dag.py","logger":"airflow.models.dagbag.DagBag"}
{"timestamp":"2025-12-07T11:46:00.929975","level":"error","event":"Failed to import: /opt/airflow/dags/tsetmc_history_dag.py","logger":"airflow.models.dagbag.DagBag","error_detail":[{"exc_type":"SyntaxError","exc_value":"invalid syntax (tsetmc_history_dag.py, line 65)","exc_notes":[],"syntax_error":{"offset":32,"filename":"/opt/airflow/dags/tsetmc_history_dag.py","line":"                    for row in :\n","lineno":65,"msg":"invalid syntax"},"is_cause":false,"frames":[{"filename":"/home/airflow/.local/lib/python3.12/site-packages/airflow/models/dagbag.py","lineno":394,"name":"parse"},{"filename":"<frozen importlib._bootstrap_external>","lineno":995,"name":"exec_module"},{"filename":"<frozen importlib._bootstrap_external>","lineno":1133,"name":"get_code"},{"filename":"<frozen importlib._bootstrap_external>","lineno":1063,"name":"source_to_code"},{"filename":"<frozen importlib._bootstrap>","lineno":488,"name":"_call_with_frames_removed"}],"is_group":false,"exceptions":[]}]}
{"timestamp":"2025-12-07T11:46:03.031096","level":"info","event":"Filling up the DagBag from /opt/airflow/dags/tsetmc_history_dag.py","logger":"airflow.models.dagbag.DagBag"}
{"timestamp":"2025-12-07T11:46:03.059753","level":"error","event":"Failed to import: /opt/airflow/dags/tsetmc_history_dag.py","logger":"airflow.models.dagbag.DagBag","error_detail":[{"exc_type":"SyntaxError","exc_value":"invalid syntax (tsetmc_history_dag.py, line 64)","exc_notes":[],"syntax_error":{"offset":32,"filename":"/opt/airflow/dags/tsetmc_history_dag.py","line":"                    for row in :\n","lineno":64,"msg":"invalid syntax"},"is_cause":false,"frames":[{"filename":"/home/airflow/.local/lib/python3.12/site-packages/airflow/models/dagbag.py","lineno":394,"name":"parse"},{"filename":"<frozen importlib._bootstrap_external>","lineno":995,"name":"exec_module"},{"filename":"<frozen importlib._bootstrap_external>","lineno":1133,"name":"get_code"},{"filename":"<frozen importlib._bootstrap_external>","lineno":1063,"name":"source_to_code"},{"filename":"<frozen importlib._bootstrap>","lineno":488,"name":"_call_with_frames_removed"}],"is_group":false,"exceptions":[]}]}
{"timestamp":"2025-12-07T11:46:09.226201","level":"info","event":"Filling up the DagBag from /opt/airflow/dags/tsetmc_history_dag.py","logger":"airflow.models.dagbag.DagBag"}
{"timestamp":"2025-12-07T11:46:11.771913","level":"info","event":"Filling up the DagBag from /opt/airflow/dags/tsetmc_history_dag.py","logger":"airflow.models.dagbag.DagBag"}
{"timestamp":"2025-12-07T11:46:15.370397","level":"info","event":"Filling up the DagBag from /opt/airflow/dags/tsetmc_history_dag.py","logger":"airflow.models.dagbag.DagBag"}
{"timestamp":"2025-12-07T11:46:22.000063","level":"info","event":"Filling up the DagBag from /opt/airflow/dags/tsetmc_history_dag.py","logger":"airflow.models.dagbag.DagBag"}
{"timestamp":"2025-12-07T11:46:27.650322","level":"info","event":"Filling up the DagBag from /opt/airflow/dags/tsetmc_history_dag.py","logger":"airflow.models.dagbag.DagBag"}
{"timestamp":"2025-12-07T11:46:29.240827","level":"info","event":"Filling up the DagBag from /opt/airflow/dags/tsetmc_history_dag.py","logger":"airflow.models.dagbag.DagBag"}
{"timestamp":"2025-12-07T11:46:33.791509","level":"info","event":"Filling up the DagBag from /opt/airflow/dags/tsetmc_history_dag.py","logger":"airflow.models.dagbag.DagBag"}
{"timestamp":"2025-12-07T11:46:36.336822","level":"info","event":"Filling up the DagBag from /opt/airflow/dags/tsetmc_history_dag.py","logger":"airflow.models.dagbag.DagBag"}
{"timestamp":"2025-12-07T11:46:39.861501","level":"info","event":"Filling up the DagBag from /opt/airflow/dags/tsetmc_history_dag.py","logger":"airflow.models.dagbag.DagBag"}
{"timestamp":"2025-12-07T11:46:45.457026","level":"info","event":"Filling up the DagBag from /opt/airflow/dags/tsetmc_history_dag.py","logger":"airflow.models.dagbag.DagBag"}
{"timestamp":"2025-12-07T11:46:45.486366","level":"error","event":"Failed to import: /opt/airflow/dags/tsetmc_history_dag.py","logger":"airflow.models.dagbag.DagBag","error_detail":[{"exc_type":"SyntaxError","exc_value":"'(' was never closed (tsetmc_history_dag.py, line 66)","exc_notes":[],"syntax_error":{"offset":30,"filename":"/opt/airflow/dags/tsetmc_history_dag.py","line":"                        print(row['shareHolderName'],row['numberOfShares'],row['perOfShares']\n","lineno":66,"msg":"'(' was never closed"},"is_cause":false,"frames":[{"filename":"/home/airflow/.local/lib/python3.12/site-packages/airflow/models/dagbag.py","lineno":394,"name":"parse"},{"filename":"<frozen importlib._bootstrap_external>","lineno":995,"name":"exec_module"},{"filename":"<frozen importlib._bootstrap_external>","lineno":1133,"name":"get_code"},{"filename":"<frozen importlib._bootstrap_external>","lineno":1063,"name":"source_to_code"},{"filename":"<frozen importlib._bootstrap>","lineno":488,"name":"_call_with_frames_removed"}],"is_group":false,"exceptions":[]}]}
{"timestamp":"2025-12-07T11:46:47.622462","level":"info","event":"Filling up the DagBag from /opt/airflow/dags/tsetmc_history_dag.py","logger":"airflow.models.dagbag.DagBag"}
{"timestamp":"2025-12-07T11:46:49.133847","level":"info","event":"Filling up the DagBag from /opt/airflow/dags/tsetmc_history_dag.py","logger":"airflow.models.dagbag.DagBag"}
{"timestamp":"2025-12-07T11:46:52.722626","level":"info","event":"Filling up the DagBag from /opt/airflow/dags/tsetmc_history_dag.py","logger":"airflow.models.dagbag.DagBag"}
{"timestamp":"2025-12-07T11:47:24.430274","level":"info","event":"Filling up the DagBag from /opt/airflow/dags/tsetmc_history_dag.py","logger":"airflow.models.dagbag.DagBag"}
{"timestamp":"2025-12-07T11:47:57.436971","level":"info","event":"Filling up the DagBag from /opt/airflow/dags/tsetmc_history_dag.py","logger":"airflow.models.dagbag.DagBag"}
{"timestamp":"2025-12-07T11:48:28.335070","level":"info","event":"Filling up the DagBag from /opt/airflow/dags/tsetmc_history_dag.py","logger":"airflow.models.dagbag.DagBag"}
{"timestamp":"2025-12-07T11:48:59.204581","level":"info","event":"Filling up the DagBag from /opt/airflow/dags/tsetmc_history_dag.py","logger":"airflow.models.dagbag.DagBag"}
{"timestamp":"2025-12-07T11:49:30.033634","level":"info","event":"Filling up the DagBag from /opt/airflow/dags/tsetmc_history_dag.py","logger":"airflow.models.dagbag.DagBag"}
{"timestamp":"2025-12-07T11:50:00.824268","level":"info","event":"Filling up the DagBag from /opt/airflow/dags/tsetmc_history_dag.py","logger":"airflow.models.dagbag.DagBag"}
{"timestamp":"2025-12-07T11:50:19.508937","level":"info","event":"Filling up the DagBag from /opt/airflow/dags/tsetmc_history_dag.py","logger":"airflow.models.dagbag.DagBag"}
{"timestamp":"2025-12-07T11:50:24.693525","level":"info","event":"Filling up the DagBag from /opt/airflow/dags/tsetmc_history_dag.py","logger":"airflow.models.dagbag.DagBag"}
{"timestamp":"2025-12-07T11:50:27.279512","level":"info","event":"Filling up the DagBag from /opt/airflow/dags/tsetmc_history_dag.py","logger":"airflow.models.dagbag.DagBag"}
{"timestamp":"2025-12-07T11:50:27.299735","level":"error","event":"Failed to import: /opt/airflow/dags/tsetmc_history_dag.py","logger":"airflow.models.dagbag.DagBag","error_detail":[{"exc_type":"IndentationError","exc_value":"expected an indented block after 'for' statement on line 63 (tsetmc_history_dag.py, line 66)","exc_notes":[],"syntax_error":{"offset":21,"filename":"/opt/airflow/dags/tsetmc_history_dag.py","line":"                    continue\n","lineno":66,"msg":"expected an indented block after 'for' statement on line 63"},"is_cause":false,"frames":[{"filename":"/home/airflow/.local/lib/python3.12/site-packages/airflow/models/dagbag.py","lineno":394,"name":"parse"},{"filename":"<frozen importlib._bootstrap_external>","lineno":995,"name":"exec_module"},{"filename":"<frozen importlib._bootstrap_external>","lineno":1133,"name":"get_code"},{"filename":"<frozen importlib._bootstrap_external>","lineno":1063,"name":"source_to_code"},{"filename":"<frozen importlib._bootstrap>","lineno":488,"name":"_call_with_frames_removed"}],"is_group":false,"exceptions":[]}]}
{"timestamp":"2025-12-07T11:50:31.451131","level":"info","event":"Filling up the DagBag from /opt/airflow/dags/tsetmc_history_dag.py","logger":"airflow.models.dagbag.DagBag"}
{"timestamp":"2025-12-07T11:50:31.477091","level":"error","event":"Failed to import: /opt/airflow/dags/tsetmc_history_dag.py","logger":"airflow.models.dagbag.DagBag","error_detail":[{"exc_type":"IndentationError","exc_value":"expected an indented block after 'for' statement on line 63 (tsetmc_history_dag.py, line 66)","exc_notes":[],"syntax_error":{"offset":21,"filename":"/opt/airflow/dags/tsetmc_history_dag.py","line":"                    continue\n","lineno":66,"msg":"expected an indented block after 'for' statement on line 63"},"is_cause":false,"frames":[{"filename":"/home/airflow/.local/lib/python3.12/site-packages/airflow/models/dagbag.py","lineno":394,"name":"parse"},{"filename":"<frozen importlib._bootstrap_external>","lineno":995,"name":"exec_module"},{"filename":"<frozen importlib._bootstrap_external>","lineno":1133,"name":"get_code"},{"filename":"<frozen importlib._bootstrap_external>","lineno":1063,"name":"source_to_code"},{"filename":"<frozen importlib._bootstrap>","lineno":488,"name":"_call_with_frames_removed"}],"is_group":false,"exceptions":[]}]}
{"timestamp":"2025-12-07T11:50:32.595953","level":"info","event":"Filling up the DagBag from /opt/airflow/dags/tsetmc_history_dag.py","logger":"airflow.models.dagbag.DagBag"}
{"timestamp":"2025-12-07T11:50:32.620586","level":"error","event":"Failed to import: /opt/airflow/dags/tsetmc_history_dag.py","logger":"airflow.models.dagbag.DagBag","error_detail":[{"exc_type":"IndentationError","exc_value":"expected an indented block after 'for' statement on line 63 (tsetmc_history_dag.py, line 66)","exc_notes":[],"syntax_error":{"offset":21,"filename":"/opt/airflow/dags/tsetmc_history_dag.py","line":"                    continue\n","lineno":66,"msg":"expected an indented block after 'for' statement on line 63"},"is_cause":false,"frames":[{"filename":"/home/airflow/.local/lib/python3.12/site-packages/airflow/models/dagbag.py","lineno":394,"name":"parse"},{"filename":"<frozen importlib._bootstrap_external>","lineno":995,"name":"exec_module"},{"filename":"<frozen importlib._bootstrap_external>","lineno":1133,"name":"get_code"},{"filename":"<frozen importlib._bootstrap_external>","lineno":1063,"name":"source_to_code"},{"filename":"<frozen importlib._bootstrap>","lineno":488,"name":"_call_with_frames_removed"}],"is_group":false,"exceptions":[]}]}
{"timestamp":"2025-12-07T11:50:34.729615","level":"info","event":"Filling up the DagBag from /opt/airflow/dags/tsetmc_history_dag.py","logger":"airflow.models.dagbag.DagBag"}
{"timestamp":"2025-12-07T11:50:34.750282","level":"error","event":"Failed to import: /opt/airflow/dags/tsetmc_history_dag.py","logger":"airflow.models.dagbag.DagBag","error_detail":[{"exc_type":"SyntaxError","exc_value":"invalid syntax (tsetmc_history_dag.py, line 62)","exc_notes":[],"syntax_error":{"offset":28,"filename":"/opt/airflow/dags/tsetmc_history_dag.py","line":"                    data = \n","lineno":62,"msg":"invalid syntax"},"is_cause":false,"frames":[{"filename":"/home/airflow/.local/lib/python3.12/site-packages/airflow/models/dagbag.py","lineno":394,"name":"parse"},{"filename":"<frozen importlib._bootstrap_external>","lineno":995,"name":"exec_module"},{"filename":"<frozen importlib._bootstrap_external>","lineno":1133,"name":"get_code"},{"filename":"<frozen importlib._bootstrap_external>","lineno":1063,"name":"source_to_code"},{"filename":"<frozen importlib._bootstrap>","lineno":488,"name":"_call_with_frames_removed"}],"is_group":false,"exceptions":[]}]}
{"timestamp":"2025-12-07T11:50:38.901181","level":"info","event":"Filling up the DagBag from /opt/airflow/dags/tsetmc_history_dag.py","logger":"airflow.models.dagbag.DagBag"}
{"timestamp":"2025-12-07T11:50:38.928960","level":"error","event":"Failed to import: /opt/airflow/dags/tsetmc_history_dag.py","logger":"airflow.models.dagbag.DagBag","error_detail":[{"exc_type":"IndentationError","exc_value":"expected an indented block after 'for' statement on line 63 (tsetmc_history_dag.py, line 66)","exc_notes":[],"syntax_error":{"offset":21,"filename":"/opt/airflow/dags/tsetmc_history_dag.py","line":"                    continue\n","lineno":66,"msg":"expected an indented block after 'for' statement on line 63"},"is_cause":false,"frames":[{"filename":"/home/airflow/.local/lib/python3.12/site-packages/airflow/models/dagbag.py","lineno":394,"name":"parse"},{"filename":"<frozen importlib._bootstrap_external>","lineno":995,"name":"exec_module"},{"filename":"<frozen importlib._bootstrap_external>","lineno":1133,"name":"get_code"},{"filename":"<frozen importlib._bootstrap_external>","lineno":1063,"name":"source_to_code"},{"filename":"<frozen importlib._bootstrap>","lineno":488,"name":"_call_with_frames_removed"}],"is_group":false,"exceptions":[]}]}
{"timestamp":"2025-12-07T11:50:43.044959","level":"info","event":"Filling up the DagBag from /opt/airflow/dags/tsetmc_history_dag.py","logger":"airflow.models.dagbag.DagBag"}
{"timestamp":"2025-12-07T11:50:43.072062","level":"error","event":"Failed to import: /opt/airflow/dags/tsetmc_history_dag.py","logger":"airflow.models.dagbag.DagBag","error_detail":[{"exc_type":"IndentationError","exc_value":"expected an indented block after 'for' statement on line 63 (tsetmc_history_dag.py, line 66)","exc_notes":[],"syntax_error":{"offset":21,"filename":"/opt/airflow/dags/tsetmc_history_dag.py","line":"                    continue\n","lineno":66,"msg":"expected an indented block after 'for' statement on line 63"},"is_cause":false,"frames":[{"filename":"/home/airflow/.local/lib/python3.12/site-packages/airflow/models/dagbag.py","lineno":394,"name":"parse"},{"filename":"<frozen importlib._bootstrap_external>","lineno":995,"name":"exec_module"},{"filename":"<frozen importlib._bootstrap_external>","lineno":1133,"name":"get_code"},{"filename":"<frozen importlib._bootstrap_external>","lineno":1063,"name":"source_to_code"},{"filename":"<frozen importlib._bootstrap>","lineno":488,"name":"_call_with_frames_removed"}],"is_group":false,"exceptions":[]}]}
{"timestamp":"2025-12-07T11:50:50.236082","level":"info","event":"Filling up the DagBag from /opt/airflow/dags/tsetmc_history_dag.py","logger":"airflow.models.dagbag.DagBag"}
{"timestamp":"2025-12-07T11:50:50.260195","level":"error","event":"Failed to import: /opt/airflow/dags/tsetmc_history_dag.py","logger":"airflow.models.dagbag.DagBag","error_detail":[{"exc_type":"IndentationError","exc_value":"expected an indented block after 'for' statement on line 63 (tsetmc_history_dag.py, line 66)","exc_notes":[],"syntax_error":{"offset":21,"filename":"/opt/airflow/dags/tsetmc_history_dag.py","line":"                    continue\n","lineno":66,"msg":"expected an indented block after 'for' statement on line 63"},"is_cause":false,"frames":[{"filename":"/home/airflow/.local/lib/python3.12/site-packages/airflow/models/dagbag.py","lineno":394,"name":"parse"},{"filename":"<frozen importlib._bootstrap_external>","lineno":995,"name":"exec_module"},{"filename":"<frozen importlib._bootstrap_external>","lineno":1133,"name":"get_code"},{"filename":"<frozen importlib._bootstrap_external>","lineno":1063,"name":"source_to_code"},{"filename":"<frozen importlib._bootstrap>","lineno":488,"name":"_call_with_frames_removed"}],"is_group":false,"exceptions":[]}]}
{"timestamp":"2025-12-07T11:50:54.423823","level":"info","event":"Filling up the DagBag from /opt/airflow/dags/tsetmc_history_dag.py","logger":"airflow.models.dagbag.DagBag"}
{"timestamp":"2025-12-07T11:50:59.151961","level":"info","event":"Filling up the DagBag from /opt/airflow/dags/tsetmc_history_dag.py","logger":"airflow.models.dagbag.DagBag"}
{"timestamp":"2025-12-07T11:51:00.670979","level":"info","event":"Filling up the DagBag from /opt/airflow/dags/tsetmc_history_dag.py","logger":"airflow.models.dagbag.DagBag"}
{"timestamp":"2025-12-07T11:51:07.226551","level":"info","event":"Filling up the DagBag from /opt/airflow/dags/tsetmc_history_dag.py","logger":"airflow.models.dagbag.DagBag"}
{"timestamp":"2025-12-07T11:51:11.802234","level":"info","event":"Filling up the DagBag from /opt/airflow/dags/tsetmc_history_dag.py","logger":"airflow.models.dagbag.DagBag"}
{"timestamp":"2025-12-07T11:51:17.376940","level":"info","event":"Filling up the DagBag from /opt/airflow/dags/tsetmc_history_dag.py","logger":"airflow.models.dagbag.DagBag"}
{"timestamp":"2025-12-07T11:51:36.079046","level":"info","event":"Filling up the DagBag from /opt/airflow/dags/tsetmc_history_dag.py","logger":"airflow.models.dagbag.DagBag"}
{"timestamp":"2025-12-07T11:51:36.099809","level":"error","event":"Failed to import: /opt/airflow/dags/tsetmc_history_dag.py","logger":"airflow.models.dagbag.DagBag","error_detail":[{"exc_type":"IndentationError","exc_value":"expected an indented block after 'for' statement on line 63 (tsetmc_history_dag.py, line 66)","exc_notes":[],"syntax_error":{"offset":21,"filename":"/opt/airflow/dags/tsetmc_history_dag.py","line":"                    continue\n","lineno":66,"msg":"expected an indented block after 'for' statement on line 63"},"is_cause":false,"frames":[{"filename":"/home/airflow/.local/lib/python3.12/site-packages/airflow/models/dagbag.py","lineno":394,"name":"parse"},{"filename":"<frozen importlib._bootstrap_external>","lineno":995,"name":"exec_module"},{"filename":"<frozen importlib._bootstrap_external>","lineno":1133,"name":"get_code"},{"filename":"<frozen importlib._bootstrap_external>","lineno":1063,"name":"source_to_code"},{"filename":"<frozen importlib._bootstrap>","lineno":488,"name":"_call_with_frames_removed"}],"is_group":false,"exceptions":[]}]}
{"timestamp":"2025-12-07T11:51:43.270395","level":"info","event":"Filling up the DagBag from /opt/airflow/dags/tsetmc_history_dag.py","logger":"airflow.models.dagbag.DagBag"}
{"timestamp":"2025-12-07T11:51:44.807810","level":"info","event":"Filling up the DagBag from /opt/airflow/dags/tsetmc_history_dag.py","logger":"airflow.models.dagbag.DagBag"}
{"timestamp":"2025-12-07T11:51:46.305104","level":"info","event":"Filling up the DagBag from /opt/airflow/dags/tsetmc_history_dag.py","logger":"airflow.models.dagbag.DagBag"}
{"timestamp":"2025-12-07T11:51:53.899379","level":"info","event":"Filling up the DagBag from /opt/airflow/dags/tsetmc_history_dag.py","logger":"airflow.models.dagbag.DagBag"}
{"timestamp":"2025-12-07T11:51:55.419860","level":"info","event":"Filling up the DagBag from /opt/airflow/dags/tsetmc_history_dag.py","logger":"airflow.models.dagbag.DagBag"}
{"timestamp":"2025-12-07T11:52:26.232429","level":"info","event":"Filling up the DagBag from /opt/airflow/dags/tsetmc_history_dag.py","logger":"airflow.models.dagbag.DagBag"}
{"timestamp":"2025-12-07T11:52:45.927313","level":"info","event":"Filling up the DagBag from /opt/airflow/dags/tsetmc_history_dag.py","logger":"airflow.models.dagbag.DagBag"}
{"timestamp":"2025-12-07T11:53:16.715596","level":"info","event":"Filling up the DagBag from /opt/airflow/dags/tsetmc_history_dag.py","logger":"airflow.models.dagbag.DagBag"}
{"timestamp":"2025-12-07T11:53:28.423872","level":"info","event":"Filling up the DagBag from /opt/airflow/dags/tsetmc_history_dag.py","logger":"airflow.models.dagbag.DagBag"}
{"timestamp":"2025-12-07T11:53:59.226933","level":"info","event":"Filling up the DagBag from /opt/airflow/dags/tsetmc_history_dag.py","logger":"airflow.models.dagbag.DagBag"}
{"timestamp":"2025-12-07T11:54:30.062837","level":"info","event":"Filling up the DagBag from /opt/airflow/dags/tsetmc_history_dag.py","logger":"airflow.models.dagbag.DagBag"}
{"timestamp":"2025-12-07T11:55:01.558480","level":"info","event":"Filling up the DagBag from /opt/airflow/dags/tsetmc_history_dag.py","logger":"airflow.models.dagbag.DagBag"}
{"timestamp":"2025-12-07T11:55:32.399738","level":"info","event":"Filling up the DagBag from /opt/airflow/dags/tsetmc_history_dag.py","logger":"airflow.models.dagbag.DagBag"}
{"timestamp":"2025-12-07T11:56:03.289295","level":"info","event":"Filling up the DagBag from /opt/airflow/dags/tsetmc_history_dag.py","logger":"airflow.models.dagbag.DagBag"}
{"timestamp":"2025-12-07T11:56:33.251836","level":"info","event":"Filling up the DagBag from /opt/airflow/dags/tsetmc_history_dag.py","logger":"airflow.models.dagbag.DagBag"}
{"timestamp":"2025-12-07T11:57:00.600380","level":"info","event":"Filling up the DagBag from /opt/airflow/dags/tsetmc_history_dag.py","logger":"airflow.models.dagbag.DagBag"}
{"timestamp":"2025-12-07T11:57:31.412007","level":"info","event":"Filling up the DagBag from /opt/airflow/dags/tsetmc_history_dag.py","logger":"airflow.models.dagbag.DagBag"}
{"timestamp":"2025-12-07T11:58:02.200791","level":"info","event":"Filling up the DagBag from /opt/airflow/dags/tsetmc_history_dag.py","logger":"airflow.models.dagbag.DagBag"}
{"timestamp":"2025-12-07T11:58:07.761603","level":"info","event":"Filling up the DagBag from /opt/airflow/dags/tsetmc_history_dag.py","logger":"airflow.models.dagbag.DagBag"}
{"timestamp":"2025-12-07T11:58:11.315548","level":"info","event":"Filling up the DagBag from /opt/airflow/dags/tsetmc_history_dag.py","logger":"airflow.models.dagbag.DagBag"}
{"timestamp":"2025-12-07T11:58:12.855354","level":"info","event":"Filling up the DagBag from /opt/airflow/dags/tsetmc_history_dag.py","logger":"airflow.models.dagbag.DagBag"}
{"timestamp":"2025-12-07T11:58:16.446999","level":"info","event":"Filling up the DagBag from /opt/airflow/dags/tsetmc_history_dag.py","logger":"airflow.models.dagbag.DagBag"}
{"timestamp":"2025-12-07T11:58:18.065125","level":"info","event":"Filling up the DagBag from /opt/airflow/dags/tsetmc_history_dag.py","logger":"airflow.models.dagbag.DagBag"}
{"timestamp":"2025-12-07T11:58:19.634131","level":"info","event":"Filling up the DagBag from /opt/airflow/dags/tsetmc_history_dag.py","logger":"airflow.models.dagbag.DagBag"}
{"timestamp":"2025-12-07T11:58:38.302434","level":"info","event":"Filling up the DagBag from /opt/airflow/dags/tsetmc_history_dag.py","logger":"airflow.models.dagbag.DagBag"}
{"timestamp":"2025-12-07T11:58:38.326148","level":"error","event":"Failed to import: /opt/airflow/dags/tsetmc_history_dag.py","logger":"airflow.models.dagbag.DagBag","error_detail":[{"exc_type":"SyntaxError","exc_value":"invalid syntax (tsetmc_history_dag.py, line 66)","exc_notes":[],"syntax_error":{"offset":113,"filename":"/opt/airflow/dags/tsetmc_history_dag.py","line":"                        data.append(','.join([row['shareHolderName'],row['numberOfShares'],row['perOfShares']])+)\n","lineno":66,"msg":"invalid syntax"},"is_cause":false,"frames":[{"filename":"/home/airflow/.local/lib/python3.12/site-packages/airflow/models/dagbag.py","lineno":394,"name":"parse"},{"filename":"<frozen importlib._bootstrap_external>","lineno":995,"name":"exec_module"},{"filename":"<frozen importlib._bootstrap_external>","lineno":1133,"name":"get_code"},{"filename":"<frozen importlib._bootstrap_external>","lineno":1063,"name":"source_to_code"},{"filename":"<frozen importlib._bootstrap>","lineno":488,"name":"_call_with_frames_removed"}],"is_group":false,"exceptions":[]}]}
{"timestamp":"2025-12-07T11:58:39.433385","level":"info","event":"Filling up the DagBag from /opt/airflow/dags/tsetmc_history_dag.py","logger":"airflow.models.dagbag.DagBag"}
{"timestamp":"2025-12-07T11:58:41.943488","level":"info","event":"Filling up the DagBag from /opt/airflow/dags/tsetmc_history_dag.py","logger":"airflow.models.dagbag.DagBag"}
{"timestamp":"2025-12-07T11:58:47.494913","level":"info","event":"Filling up the DagBag from /opt/airflow/dags/tsetmc_history_dag.py","logger":"airflow.models.dagbag.DagBag"}
{"timestamp":"2025-12-07T11:59:04.193150","level":"info","event":"Filling up the DagBag from /opt/airflow/dags/tsetmc_history_dag.py","logger":"airflow.models.dagbag.DagBag"}
{"timestamp":"2025-12-07T11:59:07.698059","level":"info","event":"Filling up the DagBag from /opt/airflow/dags/tsetmc_history_dag.py","logger":"airflow.models.dagbag.DagBag"}
{"timestamp":"2025-12-07T11:59:11.209555","level":"info","event":"Filling up the DagBag from /opt/airflow/dags/tsetmc_history_dag.py","logger":"airflow.models.dagbag.DagBag"}
{"timestamp":"2025-12-07T11:59:42.370368","level":"info","event":"Filling up the DagBag from /opt/airflow/dags/tsetmc_history_dag.py","logger":"airflow.models.dagbag.DagBag"}
{"timestamp":"2025-12-07T12:00:13.330587","level":"info","event":"Filling up the DagBag from /opt/airflow/dags/tsetmc_history_dag.py","logger":"airflow.models.dagbag.DagBag"}
{"timestamp":"2025-12-07T12:00:44.275194","level":"info","event":"Filling up the DagBag from /opt/airflow/dags/tsetmc_history_dag.py","logger":"airflow.models.dagbag.DagBag"}
{"timestamp":"2025-12-07T12:01:07.088754","level":"info","event":"Filling up the DagBag from /opt/airflow/dags/tsetmc_history_dag.py","logger":"airflow.models.dagbag.DagBag"}
{"timestamp":"2025-12-07T12:01:10.655478","level":"info","event":"Filling up the DagBag from /opt/airflow/dags/tsetmc_history_dag.py","logger":"airflow.models.dagbag.DagBag"}
{"timestamp":"2025-12-07T12:01:12.238847","level":"info","event":"Filling up the DagBag from /opt/airflow/dags/tsetmc_history_dag.py","logger":"airflow.models.dagbag.DagBag"}
{"timestamp":"2025-12-07T12:01:34.046827","level":"info","event":"Filling up the DagBag from /opt/airflow/dags/tsetmc_history_dag.py","logger":"airflow.models.dagbag.DagBag"}
{"timestamp":"2025-12-07T12:01:34.070015","level":"error","event":"Failed to import: /opt/airflow/dags/tsetmc_history_dag.py","logger":"airflow.models.dagbag.DagBag","error_detail":[{"exc_type":"SyntaxError","exc_value":"expected argument value expression (tsetmc_history_dag.py, line 62)","exc_notes":[],"syntax_error":{"offset":49,"filename":"/opt/airflow/dags/tsetmc_history_dag.py","line":"                    response = requests.get(url,verify=)\n","lineno":62,"msg":"expected argument value expression"},"is_cause":false,"frames":[{"filename":"/home/airflow/.local/lib/python3.12/site-packages/airflow/models/dagbag.py","lineno":394,"name":"parse"},{"filename":"<frozen importlib._bootstrap_external>","lineno":995,"name":"exec_module"},{"filename":"<frozen importlib._bootstrap_external>","lineno":1133,"name":"get_code"},{"filename":"<frozen importlib._bootstrap_external>","lineno":1063,"name":"source_to_code"},{"filename":"<frozen importlib._bootstrap>","lineno":488,"name":"_call_with_frames_removed"}],"is_group":false,"exceptions":[]}]}
{"timestamp":"2025-12-07T12:01:36.210147","level":"info","event":"Filling up the DagBag from /opt/airflow/dags/tsetmc_history_dag.py","logger":"airflow.models.dagbag.DagBag"}
{"timestamp":"2025-12-07T12:02:06.792505","level":"info","event":"Filling up the DagBag from /opt/airflow/dags/tsetmc_history_dag.py","logger":"airflow.models.dagbag.DagBag"}
{"timestamp":"2025-12-07T12:02:21.658662","level":"info","event":"Filling up the DagBag from /opt/airflow/dags/tsetmc_history_dag.py","logger":"airflow.models.dagbag.DagBag"}
{"timestamp":"2025-12-07T12:02:26.232754","level":"info","event":"Filling up the DagBag from /opt/airflow/dags/tsetmc_history_dag.py","logger":"airflow.models.dagbag.DagBag"}
{"timestamp":"2025-12-07T12:02:57.199641","level":"info","event":"Filling up the DagBag from /opt/airflow/dags/tsetmc_history_dag.py","logger":"airflow.models.dagbag.DagBag"}
{"timestamp":"2025-12-07T12:03:28.055549","level":"info","event":"Filling up the DagBag from /opt/airflow/dags/tsetmc_history_dag.py","logger":"airflow.models.dagbag.DagBag"}
{"timestamp":"2025-12-07T12:03:59.138214","level":"info","event":"Filling up the DagBag from /opt/airflow/dags/tsetmc_history_dag.py","logger":"airflow.models.dagbag.DagBag"}
{"timestamp":"2025-12-07T12:04:16.876753","level":"info","event":"Filling up the DagBag from /opt/airflow/dags/tsetmc_history_dag.py","logger":"airflow.models.dagbag.DagBag"}
{"timestamp":"2025-12-07T12:04:18.587065","level":"info","event":"Filling up the DagBag from /opt/airflow/dags/tsetmc_history_dag.py","logger":"airflow.models.dagbag.DagBag"}
{"timestamp":"2025-12-07T12:04:23.280565","level":"info","event":"Filling up the DagBag from /opt/airflow/dags/tsetmc_history_dag.py","logger":"airflow.models.dagbag.DagBag"}
{"timestamp":"2025-12-07T12:04:23.303144","level":"error","event":"Failed to import: /opt/airflow/dags/tsetmc_history_dag.py","logger":"airflow.models.dagbag.DagBag","error_detail":[{"exc_type":"SyntaxError","exc_value":"closing parenthesis ']' does not match opening parenthesis '(' (tsetmc_history_dag.py, line 66)","exc_notes":[],"syntax_error":{"offset":119,"filename":"/opt/airflow/dags/tsetmc_history_dag.py","line":"                        data.append(','.join([str(row['shareHolderName']),str(row['numberOfShares'],row['perOfShares']])+'\\n')","lineno":66,"msg":"closing parenthesis ']' does not match opening parenthesis '('"},"is_cause":false,"frames":[{"filename":"/home/airflow/.local/lib/python3.12/site-packages/airflow/models/dagbag.py","lineno":394,"name":"parse"},{"filename":"<frozen importlib._bootstrap_external>","lineno":995,"name":"exec_module"},{"filename":"<frozen importlib._bootstrap_external>","lineno":1133,"name":"get_code"},{"filename":"<frozen importlib._bootstrap_external>","lineno":1063,"name":"source_to_code"},{"filename":"<frozen importlib._bootstrap>","lineno":488,"name":"_call_with_frames_removed"}],"is_group":false,"exceptions":[]}]}
{"timestamp":"2025-12-07T12:04:28.458521","level":"info","event":"Filling up the DagBag from /opt/airflow/dags/tsetmc_history_dag.py","logger":"airflow.models.dagbag.DagBag"}
{"timestamp":"2025-12-07T12:04:31.274212","level":"info","event":"Filling up the DagBag from /opt/airflow/dags/tsetmc_history_dag.py","logger":"airflow.models.dagbag.DagBag"}
{"timestamp":"2025-12-07T12:04:31.296135","level":"error","event":"Failed to import: /opt/airflow/dags/tsetmc_history_dag.py","logger":"airflow.models.dagbag.DagBag","error_detail":[{"exc_type":"SyntaxError","exc_value":"closing parenthesis ']' does not match opening parenthesis '(' (tsetmc_history_dag.py, line 66)","exc_notes":[],"syntax_error":{"offset":124,"filename":"/opt/airflow/dags/tsetmc_history_dag.py","line":"                        data.append(','.join([str(row['shareHolderName']),str(row['numberOfShares']),str(row['perOfShares']])+'\\n')","lineno":66,"msg":"closing parenthesis ']' does not match opening parenthesis '('"},"is_cause":false,"frames":[{"filename":"/home/airflow/.local/lib/python3.12/site-packages/airflow/models/dagbag.py","lineno":394,"name":"parse"},{"filename":"<frozen importlib._bootstrap_external>","lineno":995,"name":"exec_module"},{"filename":"<frozen importlib._bootstrap_external>","lineno":1133,"name":"get_code"},{"filename":"<frozen importlib._bootstrap_external>","lineno":1063,"name":"source_to_code"},{"filename":"<frozen importlib._bootstrap>","lineno":488,"name":"_call_with_frames_removed"}],"is_group":false,"exceptions":[]}]}
{"timestamp":"2025-12-07T12:04:39.494120","level":"info","event":"Filling up the DagBag from /opt/airflow/dags/tsetmc_history_dag.py","logger":"airflow.models.dagbag.DagBag"}
{"timestamp":"2025-12-07T12:05:10.461142","level":"info","event":"Filling up the DagBag from /opt/airflow/dags/tsetmc_history_dag.py","logger":"airflow.models.dagbag.DagBag"}
{"timestamp":"2025-12-07T12:05:41.354057","level":"info","event":"Filling up the DagBag from /opt/airflow/dags/tsetmc_history_dag.py","logger":"airflow.models.dagbag.DagBag"}
{"timestamp":"2025-12-07T12:06:01.282474","level":"info","event":"Filling up the DagBag from /opt/airflow/dags/tsetmc_history_dag.py","logger":"airflow.models.dagbag.DagBag"}
{"timestamp":"2025-12-07T12:06:01.307099","level":"error","event":"Failed to import: /opt/airflow/dags/tsetmc_history_dag.py","logger":"airflow.models.dagbag.DagBag","error_detail":[{"exc_type":"IndentationError","exc_value":"unexpected indent (tsetmc_history_dag.py, line 61)","exc_notes":[],"syntax_error":{"offset":20,"filename":"/opt/airflow/dags/tsetmc_history_dag.py","line":"                    response = requests.get(url,verify=False)\n","lineno":61,"msg":"unexpected indent"},"is_cause":false,"frames":[{"filename":"/home/airflow/.local/lib/python3.12/site-packages/airflow/models/dagbag.py","lineno":394,"name":"parse"},{"filename":"<frozen importlib._bootstrap_external>","lineno":995,"name":"exec_module"},{"filename":"<frozen importlib._bootstrap_external>","lineno":1133,"name":"get_code"},{"filename":"<frozen importlib._bootstrap_external>","lineno":1063,"name":"source_to_code"},{"filename":"<frozen importlib._bootstrap>","lineno":488,"name":"_call_with_frames_removed"}],"is_group":false,"exceptions":[]}]}
{"timestamp":"2025-12-07T12:06:08.607816","level":"info","event":"Filling up the DagBag from /opt/airflow/dags/tsetmc_history_dag.py","logger":"airflow.models.dagbag.DagBag"}
{"timestamp":"2025-12-07T12:06:08.634066","level":"error","event":"Failed to import: /opt/airflow/dags/tsetmc_history_dag.py","logger":"airflow.models.dagbag.DagBag","error_detail":[{"exc_type":"IndentationError","exc_value":"unexpected indent (tsetmc_history_dag.py, line 60)","exc_notes":[],"syntax_error":{"offset":20,"filename":"/opt/airflow/dags/tsetmc_history_dag.py","line":"                    response = requests.get(url,verify=False)\n","lineno":60,"msg":"unexpected indent"},"is_cause":false,"frames":[{"filename":"/home/airflow/.local/lib/python3.12/site-packages/airflow/models/dagbag.py","lineno":394,"name":"parse"},{"filename":"<frozen importlib._bootstrap_external>","lineno":995,"name":"exec_module"},{"filename":"<frozen importlib._bootstrap_external>","lineno":1133,"name":"get_code"},{"filename":"<frozen importlib._bootstrap_external>","lineno":1063,"name":"source_to_code"},{"filename":"<frozen importlib._bootstrap>","lineno":488,"name":"_call_with_frames_removed"}],"is_group":false,"exceptions":[]}]}
{"timestamp":"2025-12-07T12:06:12.103843","level":"info","event":"Filling up the DagBag from /opt/airflow/dags/tsetmc_history_dag.py","logger":"airflow.models.dagbag.DagBag"}
{"timestamp":"2025-12-07T12:06:12.128049","level":"error","event":"Failed to import: /opt/airflow/dags/tsetmc_history_dag.py","logger":"airflow.models.dagbag.DagBag","error_detail":[{"exc_type":"IndentationError","exc_value":"unexpected indent (tsetmc_history_dag.py, line 60)","exc_notes":[],"syntax_error":{"offset":20,"filename":"/opt/airflow/dags/tsetmc_history_dag.py","line":"                    response = requests.get(url,verify=False)\n","lineno":60,"msg":"unexpected indent"},"is_cause":false,"frames":[{"filename":"/home/airflow/.local/lib/python3.12/site-packages/airflow/models/dagbag.py","lineno":394,"name":"parse"},{"filename":"<frozen importlib._bootstrap_external>","lineno":995,"name":"exec_module"},{"filename":"<frozen importlib._bootstrap_external>","lineno":1133,"name":"get_code"},{"filename":"<frozen importlib._bootstrap_external>","lineno":1063,"name":"source_to_code"},{"filename":"<frozen importlib._bootstrap>","lineno":488,"name":"_call_with_frames_removed"}],"is_group":false,"exceptions":[]}]}
{"timestamp":"2025-12-07T12:06:14.392568","level":"info","event":"Filling up the DagBag from /opt/airflow/dags/tsetmc_history_dag.py","logger":"airflow.models.dagbag.DagBag"}
{"timestamp":"2025-12-07T12:06:16.978962","level":"info","event":"Filling up the DagBag from /opt/airflow/dags/tsetmc_history_dag.py","logger":"airflow.models.dagbag.DagBag"}
{"timestamp":"2025-12-07T12:06:26.639337","level":"info","event":"Filling up the DagBag from /opt/airflow/dags/tsetmc_history_dag.py","logger":"airflow.models.dagbag.DagBag"}
{"timestamp":"2025-12-07T12:06:26.670111","level":"error","event":"Failed to import: /opt/airflow/dags/tsetmc_history_dag.py","logger":"airflow.models.dagbag.DagBag","error_detail":[{"exc_type":"IndentationError","exc_value":"unindent does not match any outer indentation level (tsetmc_history_dag.py, line 95)","exc_notes":[],"syntax_error":{"offset":35,"filename":"/opt/airflow/dags/tsetmc_history_dag.py","line":"            except Exception as e:\n","lineno":95,"msg":"unindent does not match any outer indentation level"},"is_cause":false,"frames":[{"filename":"/home/airflow/.local/lib/python3.12/site-packages/airflow/models/dagbag.py","lineno":394,"name":"parse"},{"filename":"<frozen importlib._bootstrap_external>","lineno":995,"name":"exec_module"},{"filename":"<frozen importlib._bootstrap_external>","lineno":1133,"name":"get_code"},{"filename":"<frozen importlib._bootstrap_external>","lineno":1063,"name":"source_to_code"},{"filename":"<frozen importlib._bootstrap>","lineno":488,"name":"_call_with_frames_removed"}],"is_group":false,"exceptions":[]}]}
{"timestamp":"2025-12-07T12:06:31.852707","level":"info","event":"Filling up the DagBag from /opt/airflow/dags/tsetmc_history_dag.py","logger":"airflow.models.dagbag.DagBag"}
{"timestamp":"2025-12-07T12:06:33.413836","level":"info","event":"Filling up the DagBag from /opt/airflow/dags/tsetmc_history_dag.py","logger":"airflow.models.dagbag.DagBag"}
{"timestamp":"2025-12-07T12:06:34.938945","level":"info","event":"Filling up the DagBag from /opt/airflow/dags/tsetmc_history_dag.py","logger":"airflow.models.dagbag.DagBag"}
{"timestamp":"2025-12-07T12:07:05.777403","level":"info","event":"Filling up the DagBag from /opt/airflow/dags/tsetmc_history_dag.py","logger":"airflow.models.dagbag.DagBag"}
{"timestamp":"2025-12-07T12:07:36.645434","level":"info","event":"Filling up the DagBag from /opt/airflow/dags/tsetmc_history_dag.py","logger":"airflow.models.dagbag.DagBag"}
{"timestamp":"2025-12-07T12:07:46.935372","level":"info","event":"Filling up the DagBag from /opt/airflow/dags/tsetmc_history_dag.py","logger":"airflow.models.dagbag.DagBag"}
{"timestamp":"2025-12-07T12:08:06.292615","level":"info","event":"Filling up the DagBag from /opt/airflow/dags/tsetmc_history_dag.py","logger":"airflow.models.dagbag.DagBag"}
{"timestamp":"2025-12-07T12:08:17.592657","level":"info","event":"Filling up the DagBag from /opt/airflow/dags/tsetmc_history_dag.py","logger":"airflow.models.dagbag.DagBag"}
{"timestamp":"2025-12-07T12:08:19.758855","level":"info","event":"Filling up the DagBag from /opt/airflow/dags/tsetmc_history_dag.py","logger":"airflow.models.dagbag.DagBag"}
{"timestamp":"2025-12-07T12:08:22.946345","level":"info","event":"Filling up the DagBag from /opt/airflow/dags/tsetmc_history_dag.py","logger":"airflow.models.dagbag.DagBag"}
{"timestamp":"2025-12-07T12:08:27.196124","level":"info","event":"Filling up the DagBag from /opt/airflow/dags/tsetmc_history_dag.py","logger":"airflow.models.dagbag.DagBag"}
{"timestamp":"2025-12-07T12:08:27.223007","level":"error","event":"Failed to import: /opt/airflow/dags/tsetmc_history_dag.py","logger":"airflow.models.dagbag.DagBag","error_detail":[{"exc_type":"SyntaxError","exc_value":"expected ':' (tsetmc_history_dag.py, line 87)","exc_notes":[],"syntax_error":{"offset":28,"filename":"/opt/airflow/dags/tsetmc_history_dag.py","line":"            with open()    \n","lineno":87,"msg":"expected ':'"},"is_cause":false,"frames":[{"filename":"/home/airflow/.local/lib/python3.12/site-packages/airflow/models/dagbag.py","lineno":394,"name":"parse"},{"filename":"<frozen importlib._bootstrap_external>","lineno":995,"name":"exec_module"},{"filename":"<frozen importlib._bootstrap_external>","lineno":1133,"name":"get_code"},{"filename":"<frozen importlib._bootstrap_external>","lineno":1063,"name":"source_to_code"},{"filename":"<frozen importlib._bootstrap>","lineno":488,"name":"_call_with_frames_removed"}],"is_group":false,"exceptions":[]}]}
{"timestamp":"2025-12-07T12:08:34.413468","level":"info","event":"Filling up the DagBag from /opt/airflow/dags/tsetmc_history_dag.py","logger":"airflow.models.dagbag.DagBag"}
{"timestamp":"2025-12-07T12:08:34.437524","level":"error","event":"Failed to import: /opt/airflow/dags/tsetmc_history_dag.py","logger":"airflow.models.dagbag.DagBag","error_detail":[{"exc_type":"SyntaxError","exc_value":"expected ':' (tsetmc_history_dag.py, line 87)","exc_notes":[],"syntax_error":{"offset":30,"filename":"/opt/airflow/dags/tsetmc_history_dag.py","line":"            with open('')    \n","lineno":87,"msg":"expected ':'"},"is_cause":false,"frames":[{"filename":"/home/airflow/.local/lib/python3.12/site-packages/airflow/models/dagbag.py","lineno":394,"name":"parse"},{"filename":"<frozen importlib._bootstrap_external>","lineno":995,"name":"exec_module"},{"filename":"<frozen importlib._bootstrap_external>","lineno":1133,"name":"get_code"},{"filename":"<frozen importlib._bootstrap_external>","lineno":1063,"name":"source_to_code"},{"filename":"<frozen importlib._bootstrap>","lineno":488,"name":"_call_with_frames_removed"}],"is_group":false,"exceptions":[]}]}
{"timestamp":"2025-12-07T12:08:37.565070","level":"info","event":"Filling up the DagBag from /opt/airflow/dags/tsetmc_history_dag.py","logger":"airflow.models.dagbag.DagBag"}
{"timestamp":"2025-12-07T12:08:37.593523","level":"error","event":"Failed to import: /opt/airflow/dags/tsetmc_history_dag.py","logger":"airflow.models.dagbag.DagBag","error_detail":[{"exc_type":"SyntaxError","exc_value":"expected ':' (tsetmc_history_dag.py, line 87)","exc_notes":[],"syntax_error":{"offset":37,"filename":"/opt/airflow/dags/tsetmc_history_dag.py","line":"            with open(file_path)    \n","lineno":87,"msg":"expected ':'"},"is_cause":false,"frames":[{"filename":"/home/airflow/.local/lib/python3.12/site-packages/airflow/models/dagbag.py","lineno":394,"name":"parse"},{"filename":"<frozen importlib._bootstrap_external>","lineno":995,"name":"exec_module"},{"filename":"<frozen importlib._bootstrap_external>","lineno":1133,"name":"get_code"},{"filename":"<frozen importlib._bootstrap_external>","lineno":1063,"name":"source_to_code"},{"filename":"<frozen importlib._bootstrap>","lineno":488,"name":"_call_with_frames_removed"}],"is_group":false,"exceptions":[]}]}
{"timestamp":"2025-12-07T12:08:40.707168","level":"info","event":"Filling up the DagBag from /opt/airflow/dags/tsetmc_history_dag.py","logger":"airflow.models.dagbag.DagBag"}
{"timestamp":"2025-12-07T12:08:40.732295","level":"error","event":"Failed to import: /opt/airflow/dags/tsetmc_history_dag.py","logger":"airflow.models.dagbag.DagBag","error_detail":[{"exc_type":"SyntaxError","exc_value":"expected ':' (tsetmc_history_dag.py, line 87)","exc_notes":[],"syntax_error":{"offset":41,"filename":"/opt/airflow/dags/tsetmc_history_dag.py","line":"            with open(file_path,'r')    \n","lineno":87,"msg":"expected ':'"},"is_cause":false,"frames":[{"filename":"/home/airflow/.local/lib/python3.12/site-packages/airflow/models/dagbag.py","lineno":394,"name":"parse"},{"filename":"<frozen importlib._bootstrap_external>","lineno":995,"name":"exec_module"},{"filename":"<frozen importlib._bootstrap_external>","lineno":1133,"name":"get_code"},{"filename":"<frozen importlib._bootstrap_external>","lineno":1063,"name":"source_to_code"},{"filename":"<frozen importlib._bootstrap>","lineno":488,"name":"_call_with_frames_removed"}],"is_group":false,"exceptions":[]}]}
{"timestamp":"2025-12-07T12:08:42.866862","level":"info","event":"Filling up the DagBag from /opt/airflow/dags/tsetmc_history_dag.py","logger":"airflow.models.dagbag.DagBag"}
{"timestamp":"2025-12-07T12:08:42.891514","level":"error","event":"Failed to import: /opt/airflow/dags/tsetmc_history_dag.py","logger":"airflow.models.dagbag.DagBag","error_detail":[{"exc_type":"SyntaxError","exc_value":"expected ':' (tsetmc_history_dag.py, line 87)","exc_notes":[],"syntax_error":{"offset":49,"filename":"/opt/airflow/dags/tsetmc_history_dag.py","line":"            with open(file_path,'r') as file    \n","lineno":87,"msg":"expected ':'"},"is_cause":false,"frames":[{"filename":"/home/airflow/.local/lib/python3.12/site-packages/airflow/models/dagbag.py","lineno":394,"name":"parse"},{"filename":"<frozen importlib._bootstrap_external>","lineno":995,"name":"exec_module"},{"filename":"<frozen importlib._bootstrap_external>","lineno":1133,"name":"get_code"},{"filename":"<frozen importlib._bootstrap_external>","lineno":1063,"name":"source_to_code"},{"filename":"<frozen importlib._bootstrap>","lineno":488,"name":"_call_with_frames_removed"}],"is_group":false,"exceptions":[]}]}
{"timestamp":"2025-12-07T12:08:45.014119","level":"info","event":"Filling up the DagBag from /opt/airflow/dags/tsetmc_history_dag.py","logger":"airflow.models.dagbag.DagBag"}
{"timestamp":"2025-12-07T12:08:45.037888","level":"error","event":"Failed to import: /opt/airflow/dags/tsetmc_history_dag.py","logger":"airflow.models.dagbag.DagBag","error_detail":[{"exc_type":"IndentationError","exc_value":"expected an indented block after 'with' statement on line 87 (tsetmc_history_dag.py, line 91)","exc_notes":[],"syntax_error":{"offset":13,"filename":"/opt/airflow/dags/tsetmc_history_dag.py","line":"            engine = pg_hook.get_sqlalchemy_engine()\n","lineno":91,"msg":"expected an indented block after 'with' statement on line 87"},"is_cause":false,"frames":[{"filename":"/home/airflow/.local/lib/python3.12/site-packages/airflow/models/dagbag.py","lineno":394,"name":"parse"},{"filename":"<frozen importlib._bootstrap_external>","lineno":995,"name":"exec_module"},{"filename":"<frozen importlib._bootstrap_external>","lineno":1133,"name":"get_code"},{"filename":"<frozen importlib._bootstrap_external>","lineno":1063,"name":"source_to_code"},{"filename":"<frozen importlib._bootstrap>","lineno":488,"name":"_call_with_frames_removed"}],"is_group":false,"exceptions":[]}]}
{"timestamp":"2025-12-07T12:08:47.166897","level":"info","event":"Filling up the DagBag from /opt/airflow/dags/tsetmc_history_dag.py","logger":"airflow.models.dagbag.DagBag"}
{"timestamp":"2025-12-07T12:08:47.194647","level":"error","event":"Failed to import: /opt/airflow/dags/tsetmc_history_dag.py","logger":"airflow.models.dagbag.DagBag","error_detail":[{"exc_type":"SyntaxError","exc_value":"invalid syntax (tsetmc_history_dag.py, line 88)","exc_notes":[],"syntax_error":{"offset":25,"filename":"/opt/airflow/dags/tsetmc_history_dag.py","line":"                csv.    \n","lineno":88,"msg":"invalid syntax"},"is_cause":false,"frames":[{"filename":"/home/airflow/.local/lib/python3.12/site-packages/airflow/models/dagbag.py","lineno":394,"name":"parse"},{"filename":"<frozen importlib._bootstrap_external>","lineno":995,"name":"exec_module"},{"filename":"<frozen importlib._bootstrap_external>","lineno":1133,"name":"get_code"},{"filename":"<frozen importlib._bootstrap_external>","lineno":1063,"name":"source_to_code"},{"filename":"<frozen importlib._bootstrap>","lineno":488,"name":"_call_with_frames_removed"}],"is_group":false,"exceptions":[]}]}
{"timestamp":"2025-12-07T12:08:56.388099","level":"info","event":"Filling up the DagBag from /opt/airflow/dags/tsetmc_history_dag.py","logger":"airflow.models.dagbag.DagBag"}
{"timestamp":"2025-12-07T12:08:58.572504","level":"info","event":"Filling up the DagBag from /opt/airflow/dags/tsetmc_history_dag.py","logger":"airflow.models.dagbag.DagBag"}
{"timestamp":"2025-12-07T12:08:59.747674","level":"info","event":"Filling up the DagBag from /opt/airflow/dags/tsetmc_history_dag.py","logger":"airflow.models.dagbag.DagBag"}
{"timestamp":"2025-12-07T12:09:02.937378","level":"info","event":"Filling up the DagBag from /opt/airflow/dags/tsetmc_history_dag.py","logger":"airflow.models.dagbag.DagBag"}
{"timestamp":"2025-12-07T12:09:09.182093","level":"info","event":"Filling up the DagBag from /opt/airflow/dags/tsetmc_history_dag.py","logger":"airflow.models.dagbag.DagBag"}
{"timestamp":"2025-12-07T12:09:10.352057","level":"info","event":"Filling up the DagBag from /opt/airflow/dags/tsetmc_history_dag.py","logger":"airflow.models.dagbag.DagBag"}
{"timestamp":"2025-12-07T12:09:13.551414","level":"info","event":"Filling up the DagBag from /opt/airflow/dags/tsetmc_history_dag.py","logger":"airflow.models.dagbag.DagBag"}
{"timestamp":"2025-12-07T12:09:17.749200","level":"info","event":"Filling up the DagBag from /opt/airflow/dags/tsetmc_history_dag.py","logger":"airflow.models.dagbag.DagBag"}
{"timestamp":"2025-12-07T12:09:17.775011","level":"error","event":"Failed to import: /opt/airflow/dags/tsetmc_history_dag.py","logger":"airflow.models.dagbag.DagBag","error_detail":[{"exc_type":"SyntaxError","exc_value":"invalid syntax (tsetmc_history_dag.py, line 89)","exc_notes":[],"syntax_error":{"offset":34,"filename":"/opt/airflow/dags/tsetmc_history_dag.py","line":"                columns = reader.\n","lineno":89,"msg":"invalid syntax"},"is_cause":false,"frames":[{"filename":"/home/airflow/.local/lib/python3.12/site-packages/airflow/models/dagbag.py","lineno":394,"name":"parse"},{"filename":"<frozen importlib._bootstrap_external>","lineno":995,"name":"exec_module"},{"filename":"<frozen importlib._bootstrap_external>","lineno":1133,"name":"get_code"},{"filename":"<frozen importlib._bootstrap_external>","lineno":1063,"name":"source_to_code"},{"filename":"<frozen importlib._bootstrap>","lineno":488,"name":"_call_with_frames_removed"}],"is_group":false,"exceptions":[]}]}
{"timestamp":"2025-12-07T12:09:21.905622","level":"info","event":"Filling up the DagBag from /opt/airflow/dags/tsetmc_history_dag.py","logger":"airflow.models.dagbag.DagBag"}
{"timestamp":"2025-12-07T12:09:27.239246","level":"info","event":"Filling up the DagBag from /opt/airflow/dags/tsetmc_history_dag.py","logger":"airflow.models.dagbag.DagBag"}
{"timestamp":"2025-12-07T12:09:34.683215","level":"info","event":"Filling up the DagBag from /opt/airflow/dags/tsetmc_history_dag.py","logger":"airflow.models.dagbag.DagBag"}
{"timestamp":"2025-12-07T12:09:34.708376","level":"error","event":"Failed to import: /opt/airflow/dags/tsetmc_history_dag.py","logger":"airflow.models.dagbag.DagBag","error_detail":[{"exc_type":"SyntaxError","exc_value":"invalid syntax (tsetmc_history_dag.py, line 90)","exc_notes":[],"syntax_error":{"offset":27,"filename":"/opt/airflow/dags/tsetmc_history_dag.py","line":"                records = \n","lineno":90,"msg":"invalid syntax"},"is_cause":false,"frames":[{"filename":"/home/airflow/.local/lib/python3.12/site-packages/airflow/models/dagbag.py","lineno":394,"name":"parse"},{"filename":"<frozen importlib._bootstrap_external>","lineno":995,"name":"exec_module"},{"filename":"<frozen importlib._bootstrap_external>","lineno":1133,"name":"get_code"},{"filename":"<frozen importlib._bootstrap_external>","lineno":1063,"name":"source_to_code"},{"filename":"<frozen importlib._bootstrap>","lineno":488,"name":"_call_with_frames_removed"}],"is_group":false,"exceptions":[]}]}
{"timestamp":"2025-12-07T12:09:44.029582","level":"info","event":"Filling up the DagBag from /opt/airflow/dags/tsetmc_history_dag.py","logger":"airflow.models.dagbag.DagBag"}
{"timestamp":"2025-12-07T12:09:44.055233","level":"error","event":"Failed to import: /opt/airflow/dags/tsetmc_history_dag.py","logger":"airflow.models.dagbag.DagBag","error_detail":[{"exc_type":"SyntaxError","exc_value":"invalid syntax. Perhaps you forgot a comma? (tsetmc_history_dag.py, line 90)","exc_notes":[],"syntax_error":{"offset":28,"filename":"/opt/airflow/dags/tsetmc_history_dag.py","line":"                records = [i f]\n","lineno":90,"msg":"invalid syntax. Perhaps you forgot a comma?"},"is_cause":false,"frames":[{"filename":"/home/airflow/.local/lib/python3.12/site-packages/airflow/models/dagbag.py","lineno":394,"name":"parse"},{"filename":"<frozen importlib._bootstrap_external>","lineno":995,"name":"exec_module"},{"filename":"<frozen importlib._bootstrap_external>","lineno":1133,"name":"get_code"},{"filename":"<frozen importlib._bootstrap_external>","lineno":1063,"name":"source_to_code"},{"filename":"<frozen importlib._bootstrap>","lineno":488,"name":"_call_with_frames_removed"}],"is_group":false,"exceptions":[]}]}
{"timestamp":"2025-12-07T12:09:46.198065","level":"info","event":"Filling up the DagBag from /opt/airflow/dags/tsetmc_history_dag.py","logger":"airflow.models.dagbag.DagBag"}
{"timestamp":"2025-12-07T12:09:46.226084","level":"error","event":"Failed to import: /opt/airflow/dags/tsetmc_history_dag.py","logger":"airflow.models.dagbag.DagBag","error_detail":[{"exc_type":"SyntaxError","exc_value":"invalid syntax (tsetmc_history_dag.py, line 90)","exc_notes":[],"syntax_error":{"offset":35,"filename":"/opt/airflow/dags/tsetmc_history_dag.py","line":"                records = [i for i]\n","lineno":90,"msg":"invalid syntax"},"is_cause":false,"frames":[{"filename":"/home/airflow/.local/lib/python3.12/site-packages/airflow/models/dagbag.py","lineno":394,"name":"parse"},{"filename":"<frozen importlib._bootstrap_external>","lineno":995,"name":"exec_module"},{"filename":"<frozen importlib._bootstrap_external>","lineno":1133,"name":"get_code"},{"filename":"<frozen importlib._bootstrap_external>","lineno":1063,"name":"source_to_code"},{"filename":"<frozen importlib._bootstrap>","lineno":488,"name":"_call_with_frames_removed"}],"is_group":false,"exceptions":[]}]}
{"timestamp":"2025-12-07T12:09:50.360231","level":"info","event":"Filling up the DagBag from /opt/airflow/dags/tsetmc_history_dag.py","logger":"airflow.models.dagbag.DagBag"}
{"timestamp":"2025-12-07T12:09:50.387325","level":"error","event":"Failed to import: /opt/airflow/dags/tsetmc_history_dag.py","logger":"airflow.models.dagbag.DagBag","error_detail":[{"exc_type":"SyntaxError","exc_value":"invalid syntax (tsetmc_history_dag.py, line 90)","exc_notes":[],"syntax_error":{"offset":27,"filename":"/opt/airflow/dags/tsetmc_history_dag.py","line":"                records = \n","lineno":90,"msg":"invalid syntax"},"is_cause":false,"frames":[{"filename":"/home/airflow/.local/lib/python3.12/site-packages/airflow/models/dagbag.py","lineno":394,"name":"parse"},{"filename":"<frozen importlib._bootstrap_external>","lineno":995,"name":"exec_module"},{"filename":"<frozen importlib._bootstrap_external>","lineno":1133,"name":"get_code"},{"filename":"<frozen importlib._bootstrap_external>","lineno":1063,"name":"source_to_code"},{"filename":"<frozen importlib._bootstrap>","lineno":488,"name":"_call_with_frames_removed"}],"is_group":false,"exceptions":[]}]}
{"timestamp":"2025-12-07T12:09:54.535620","level":"info","event":"Filling up the DagBag from /opt/airflow/dags/tsetmc_history_dag.py","logger":"airflow.models.dagbag.DagBag"}
{"timestamp":"2025-12-07T12:10:09.772576","level":"info","event":"Filling up the DagBag from /opt/airflow/dags/tsetmc_history_dag.py","logger":"airflow.models.dagbag.DagBag"}
{"timestamp":"2025-12-07T12:10:09.799478","level":"error","event":"Failed to import: /opt/airflow/dags/tsetmc_history_dag.py","logger":"airflow.models.dagbag.DagBag","error_detail":[{"exc_type":"SyntaxError","exc_value":"invalid syntax (tsetmc_history_dag.py, line 93)","exc_notes":[],"syntax_error":{"offset":65,"filename":"/opt/airflow/dags/tsetmc_history_dag.py","line":"            engine = pg_hook.get_sqlalchemy_engine()            df.to_sql(\"tsetmc_data\", engine, if_exists=\"append\", index=False)\n","lineno":93,"msg":"invalid syntax"},"is_cause":false,"frames":[{"filename":"/home/airflow/.local/lib/python3.12/site-packages/airflow/models/dagbag.py","lineno":394,"name":"parse"},{"filename":"<frozen importlib._bootstrap_external>","lineno":995,"name":"exec_module"},{"filename":"<frozen importlib._bootstrap_external>","lineno":1133,"name":"get_code"},{"filename":"<frozen importlib._bootstrap_external>","lineno":1063,"name":"source_to_code"},{"filename":"<frozen importlib._bootstrap>","lineno":488,"name":"_call_with_frames_removed"}],"is_group":false,"exceptions":[]}]}
{"timestamp":"2025-12-07T12:10:11.909458","level":"info","event":"Filling up the DagBag from /opt/airflow/dags/tsetmc_history_dag.py","logger":"airflow.models.dagbag.DagBag"}
{"timestamp":"2025-12-07T12:10:12.931634","level":"info","event":"Filling up the DagBag from /opt/airflow/dags/tsetmc_history_dag.py","logger":"airflow.models.dagbag.DagBag"}
{"timestamp":"2025-12-07T12:10:16.153636","level":"info","event":"Filling up the DagBag from /opt/airflow/dags/tsetmc_history_dag.py","logger":"airflow.models.dagbag.DagBag"}
{"timestamp":"2025-12-07T12:10:18.209006","level":"info","event":"Filling up the DagBag from /opt/airflow/dags/tsetmc_history_dag.py","logger":"airflow.models.dagbag.DagBag"}
{"timestamp":"2025-12-07T12:10:18.236983","level":"error","event":"Failed to import: /opt/airflow/dags/tsetmc_history_dag.py","logger":"airflow.models.dagbag.DagBag","error_detail":[{"exc_type":"SyntaxError","exc_value":"invalid syntax (tsetmc_history_dag.py, line 94)","exc_notes":[],"syntax_error":{"offset":20,"filename":"/opt/airflow/dags/tsetmc_history_dag.py","line":"            engine.\n","lineno":94,"msg":"invalid syntax"},"is_cause":false,"frames":[{"filename":"/home/airflow/.local/lib/python3.12/site-packages/airflow/models/dagbag.py","lineno":394,"name":"parse"},{"filename":"<frozen importlib._bootstrap_external>","lineno":995,"name":"exec_module"},{"filename":"<frozen importlib._bootstrap_external>","lineno":1133,"name":"get_code"},{"filename":"<frozen importlib._bootstrap_external>","lineno":1063,"name":"source_to_code"},{"filename":"<frozen importlib._bootstrap>","lineno":488,"name":"_call_with_frames_removed"}],"is_group":false,"exceptions":[]}]}
{"timestamp":"2025-12-07T12:10:22.372072","level":"info","event":"Filling up the DagBag from /opt/airflow/dags/tsetmc_history_dag.py","logger":"airflow.models.dagbag.DagBag"}
{"timestamp":"2025-12-07T12:10:26.570495","level":"info","event":"Filling up the DagBag from /opt/airflow/dags/tsetmc_history_dag.py","logger":"airflow.models.dagbag.DagBag"}
{"timestamp":"2025-12-07T12:10:28.790716","level":"info","event":"Filling up the DagBag from /opt/airflow/dags/tsetmc_history_dag.py","logger":"airflow.models.dagbag.DagBag"}
{"timestamp":"2025-12-07T12:10:58.340697","level":"info","event":"Filling up the DagBag from /opt/airflow/dags/tsetmc_history_dag.py","logger":"airflow.models.dagbag.DagBag"}
{"timestamp":"2025-12-07T12:10:58.363633","level":"error","event":"Failed to import: /opt/airflow/dags/tsetmc_history_dag.py","logger":"airflow.models.dagbag.DagBag","error_detail":[{"exc_type":"SyntaxError","exc_value":"invalid syntax (tsetmc_history_dag.py, line 9)","exc_notes":[],"syntax_error":{"offset":8,"filename":"/opt/airflow/dags/tsetmc_history_dag.py","line":"imoprt sqla\n","lineno":9,"msg":"invalid syntax"},"is_cause":false,"frames":[{"filename":"/home/airflow/.local/lib/python3.12/site-packages/airflow/models/dagbag.py","lineno":394,"name":"parse"},{"filename":"<frozen importlib._bootstrap_external>","lineno":995,"name":"exec_module"},{"filename":"<frozen importlib._bootstrap_external>","lineno":1133,"name":"get_code"},{"filename":"<frozen importlib._bootstrap_external>","lineno":1063,"name":"source_to_code"},{"filename":"<frozen importlib._bootstrap>","lineno":488,"name":"_call_with_frames_removed"}],"is_group":false,"exceptions":[]}]}
{"timestamp":"2025-12-07T12:11:28.831597","level":"info","event":"Filling up the DagBag from /opt/airflow/dags/tsetmc_history_dag.py","logger":"airflow.models.dagbag.DagBag"}
{"timestamp":"2025-12-07T12:11:28.852081","level":"error","event":"Failed to import: /opt/airflow/dags/tsetmc_history_dag.py","logger":"airflow.models.dagbag.DagBag","error_detail":[{"exc_type":"SyntaxError","exc_value":"invalid syntax (tsetmc_history_dag.py, line 9)","exc_notes":[],"syntax_error":{"offset":8,"filename":"/opt/airflow/dags/tsetmc_history_dag.py","line":"imoprt sqla\n","lineno":9,"msg":"invalid syntax"},"is_cause":false,"frames":[{"filename":"/home/airflow/.local/lib/python3.12/site-packages/airflow/models/dagbag.py","lineno":394,"name":"parse"},{"filename":"<frozen importlib._bootstrap_external>","lineno":995,"name":"exec_module"},{"filename":"<frozen importlib._bootstrap_external>","lineno":1133,"name":"get_code"},{"filename":"<frozen importlib._bootstrap_external>","lineno":1063,"name":"source_to_code"},{"filename":"<frozen importlib._bootstrap>","lineno":488,"name":"_call_with_frames_removed"}],"is_group":false,"exceptions":[]}]}
{"timestamp":"2025-12-07T12:11:59.769620","level":"info","event":"Filling up the DagBag from /opt/airflow/dags/tsetmc_history_dag.py","logger":"airflow.models.dagbag.DagBag"}
{"timestamp":"2025-12-07T12:11:59.796307","level":"error","event":"Failed to import: /opt/airflow/dags/tsetmc_history_dag.py","logger":"airflow.models.dagbag.DagBag","error_detail":[{"exc_type":"SyntaxError","exc_value":"invalid syntax (tsetmc_history_dag.py, line 9)","exc_notes":[],"syntax_error":{"offset":8,"filename":"/opt/airflow/dags/tsetmc_history_dag.py","line":"imoprt sqla\n","lineno":9,"msg":"invalid syntax"},"is_cause":false,"frames":[{"filename":"/home/airflow/.local/lib/python3.12/site-packages/airflow/models/dagbag.py","lineno":394,"name":"parse"},{"filename":"<frozen importlib._bootstrap_external>","lineno":995,"name":"exec_module"},{"filename":"<frozen importlib._bootstrap_external>","lineno":1133,"name":"get_code"},{"filename":"<frozen importlib._bootstrap_external>","lineno":1063,"name":"source_to_code"},{"filename":"<frozen importlib._bootstrap>","lineno":488,"name":"_call_with_frames_removed"}],"is_group":false,"exceptions":[]}]}
{"timestamp":"2025-12-07T12:12:29.964371","level":"info","event":"Filling up the DagBag from /opt/airflow/dags/tsetmc_history_dag.py","logger":"airflow.models.dagbag.DagBag"}
{"timestamp":"2025-12-07T12:12:29.987053","level":"error","event":"Failed to import: /opt/airflow/dags/tsetmc_history_dag.py","logger":"airflow.models.dagbag.DagBag","error_detail":[{"exc_type":"SyntaxError","exc_value":"invalid syntax (tsetmc_history_dag.py, line 9)","exc_notes":[],"syntax_error":{"offset":23,"filename":"/opt/airflow/dags/tsetmc_history_dag.py","line":"import sqlalchemyfrom lxml import html\n","lineno":9,"msg":"invalid syntax"},"is_cause":false,"frames":[{"filename":"/home/airflow/.local/lib/python3.12/site-packages/airflow/models/dagbag.py","lineno":394,"name":"parse"},{"filename":"<frozen importlib._bootstrap_external>","lineno":995,"name":"exec_module"},{"filename":"<frozen importlib._bootstrap_external>","lineno":1133,"name":"get_code"},{"filename":"<frozen importlib._bootstrap_external>","lineno":1063,"name":"source_to_code"},{"filename":"<frozen importlib._bootstrap>","lineno":488,"name":"_call_with_frames_removed"}],"is_group":false,"exceptions":[]}]}
{"timestamp":"2025-12-07T12:12:33.102003","level":"info","event":"Filling up the DagBag from /opt/airflow/dags/tsetmc_history_dag.py","logger":"airflow.models.dagbag.DagBag"}
{"timestamp":"2025-12-07T12:12:37.308960","level":"info","event":"Filling up the DagBag from /opt/airflow/dags/tsetmc_history_dag.py","logger":"airflow.models.dagbag.DagBag"}
{"timestamp":"2025-12-07T12:12:37.344386","level":"error","event":"Failed to import: /opt/airflow/dags/tsetmc_history_dag.py","logger":"airflow.models.dagbag.DagBag","error_detail":[{"exc_type":"ModuleNotFoundError","exc_value":"No module named 'sqlalche'","exc_notes":[],"syntax_error":null,"is_cause":false,"frames":[{"filename":"/home/airflow/.local/lib/python3.12/site-packages/airflow/models/dagbag.py","lineno":394,"name":"parse"},{"filename":"<frozen importlib._bootstrap_external>","lineno":999,"name":"exec_module"},{"filename":"<frozen importlib._bootstrap>","lineno":488,"name":"_call_with_frames_removed"},{"filename":"/opt/airflow/dags/tsetmc_history_dag.py","lineno":9,"name":"<module>"}],"is_group":false,"exceptions":[]}]}
{"timestamp":"2025-12-07T12:12:38.430129","level":"info","event":"Filling up the DagBag from /opt/airflow/dags/tsetmc_history_dag.py","logger":"airflow.models.dagbag.DagBag"}
{"timestamp":"2025-12-07T12:13:08.917745","level":"info","event":"Filling up the DagBag from /opt/airflow/dags/tsetmc_history_dag.py","logger":"airflow.models.dagbag.DagBag"}
{"timestamp":"2025-12-07T12:13:35.358888","level":"info","event":"Filling up the DagBag from /opt/airflow/dags/tsetmc_history_dag.py","logger":"airflow.models.dagbag.DagBag"}
{"timestamp":"2025-12-07T12:13:37.544843","level":"info","event":"Filling up the DagBag from /opt/airflow/dags/tsetmc_history_dag.py","logger":"airflow.models.dagbag.DagBag"}
{"timestamp":"2025-12-07T12:13:37.568777","level":"error","event":"Failed to import: /opt/airflow/dags/tsetmc_history_dag.py","logger":"airflow.models.dagbag.DagBag","error_detail":[{"exc_type":"SyntaxError","exc_value":"expected ':' (tsetmc_history_dag.py, line 94)","exc_notes":[],"syntax_error":{"offset":34,"filename":"/opt/airflow/dags/tsetmc_history_dag.py","line":"            with engine.connect()\n","lineno":94,"msg":"expected ':'"},"is_cause":false,"frames":[{"filename":"/home/airflow/.local/lib/python3.12/site-packages/airflow/models/dagbag.py","lineno":394,"name":"parse"},{"filename":"<frozen importlib._bootstrap_external>","lineno":995,"name":"exec_module"},{"filename":"<frozen importlib._bootstrap_external>","lineno":1133,"name":"get_code"},{"filename":"<frozen importlib._bootstrap_external>","lineno":1063,"name":"source_to_code"},{"filename":"<frozen importlib._bootstrap>","lineno":488,"name":"_call_with_frames_removed"}],"is_group":false,"exceptions":[]}]}
{"timestamp":"2025-12-07T12:13:43.410208","level":"info","event":"Filling up the DagBag from /opt/airflow/dags/tsetmc_history_dag.py","logger":"airflow.models.dagbag.DagBag"}
{"timestamp":"2025-12-07T12:13:47.917170","level":"info","event":"Filling up the DagBag from /opt/airflow/dags/tsetmc_history_dag.py","logger":"airflow.models.dagbag.DagBag"}
{"timestamp":"2025-12-07T12:13:50.135399","level":"info","event":"Filling up the DagBag from /opt/airflow/dags/tsetmc_history_dag.py","logger":"airflow.models.dagbag.DagBag"}
{"timestamp":"2025-12-07T12:13:52.376584","level":"info","event":"Filling up the DagBag from /opt/airflow/dags/tsetmc_history_dag.py","logger":"airflow.models.dagbag.DagBag"}
{"timestamp":"2025-12-07T12:13:53.547253","level":"info","event":"Filling up the DagBag from /opt/airflow/dags/tsetmc_history_dag.py","logger":"airflow.models.dagbag.DagBag"}
{"timestamp":"2025-12-07T12:13:56.745595","level":"info","event":"Filling up the DagBag from /opt/airflow/dags/tsetmc_history_dag.py","logger":"airflow.models.dagbag.DagBag"}
{"timestamp":"2025-12-07T12:14:01.978325","level":"info","event":"Filling up the DagBag from /opt/airflow/dags/tsetmc_history_dag.py","logger":"airflow.models.dagbag.DagBag"}
{"timestamp":"2025-12-07T12:14:32.458043","level":"info","event":"Filling up the DagBag from /opt/airflow/dags/tsetmc_history_dag.py","logger":"airflow.models.dagbag.DagBag"}
{"timestamp":"2025-12-07T12:14:38.704745","level":"info","event":"Filling up the DagBag from /opt/airflow/dags/tsetmc_history_dag.py","logger":"airflow.models.dagbag.DagBag"}
{"timestamp":"2025-12-07T12:14:38.732391","level":"error","event":"Failed to import: /opt/airflow/dags/tsetmc_history_dag.py","logger":"airflow.models.dagbag.DagBag","error_detail":[{"exc_type":"SyntaxError","exc_value":"invalid syntax (tsetmc_history_dag.py, line 96)","exc_notes":[],"syntax_error":{"offset":9,"filename":"/opt/airflow/dags/tsetmc_history_dag.py","line":"...     conn.execute(\n","lineno":96,"msg":"invalid syntax"},"is_cause":false,"frames":[{"filename":"/home/airflow/.local/lib/python3.12/site-packages/airflow/models/dagbag.py","lineno":394,"name":"parse"},{"filename":"<frozen importlib._bootstrap_external>","lineno":995,"name":"exec_module"},{"filename":"<frozen importlib._bootstrap_external>","lineno":1133,"name":"get_code"},{"filename":"<frozen importlib._bootstrap_external>","lineno":1063,"name":"source_to_code"},{"filename":"<frozen importlib._bootstrap>","lineno":488,"name":"_call_with_frames_removed"}],"is_group":false,"exceptions":[]}]}
{"timestamp":"2025-12-07T12:14:41.858937","level":"info","event":"Filling up the DagBag from /opt/airflow/dags/tsetmc_history_dag.py","logger":"airflow.models.dagbag.DagBag"}
{"timestamp":"2025-12-07T12:14:41.885930","level":"error","event":"Failed to import: /opt/airflow/dags/tsetmc_history_dag.py","logger":"airflow.models.dagbag.DagBag","error_detail":[{"exc_type":"SyntaxError","exc_value":"invalid syntax (tsetmc_history_dag.py, line 96)","exc_notes":[],"syntax_error":{"offset":13,"filename":"/opt/airflow/dags/tsetmc_history_dag.py","line":"    ...     conn.execute(\n","lineno":96,"msg":"invalid syntax"},"is_cause":false,"frames":[{"filename":"/home/airflow/.local/lib/python3.12/site-packages/airflow/models/dagbag.py","lineno":394,"name":"parse"},{"filename":"<frozen importlib._bootstrap_external>","lineno":995,"name":"exec_module"},{"filename":"<frozen importlib._bootstrap_external>","lineno":1133,"name":"get_code"},{"filename":"<frozen importlib._bootstrap_external>","lineno":1063,"name":"source_to_code"},{"filename":"<frozen importlib._bootstrap>","lineno":488,"name":"_call_with_frames_removed"}],"is_group":false,"exceptions":[]}]}
{"timestamp":"2025-12-07T12:14:43.994318","level":"info","event":"Filling up the DagBag from /opt/airflow/dags/tsetmc_history_dag.py","logger":"airflow.models.dagbag.DagBag"}
{"timestamp":"2025-12-07T12:14:44.018382","level":"error","event":"Failed to import: /opt/airflow/dags/tsetmc_history_dag.py","logger":"airflow.models.dagbag.DagBag","error_detail":[{"exc_type":"SyntaxError","exc_value":"invalid syntax (tsetmc_history_dag.py, line 96)","exc_notes":[],"syntax_error":{"offset":17,"filename":"/opt/airflow/dags/tsetmc_history_dag.py","line":"        ...     conn.execute(\n","lineno":96,"msg":"invalid syntax"},"is_cause":false,"frames":[{"filename":"/home/airflow/.local/lib/python3.12/site-packages/airflow/models/dagbag.py","lineno":394,"name":"parse"},{"filename":"<frozen importlib._bootstrap_external>","lineno":995,"name":"exec_module"},{"filename":"<frozen importlib._bootstrap_external>","lineno":1133,"name":"get_code"},{"filename":"<frozen importlib._bootstrap_external>","lineno":1063,"name":"source_to_code"},{"filename":"<frozen importlib._bootstrap>","lineno":488,"name":"_call_with_frames_removed"}],"is_group":false,"exceptions":[]}]}
{"timestamp":"2025-12-07T12:14:50.163018","level":"info","event":"Filling up the DagBag from /opt/airflow/dags/tsetmc_history_dag.py","logger":"airflow.models.dagbag.DagBag"}
{"timestamp":"2025-12-07T12:14:50.185856","level":"error","event":"Failed to import: /opt/airflow/dags/tsetmc_history_dag.py","logger":"airflow.models.dagbag.DagBag","error_detail":[{"exc_type":"IndentationError","exc_value":"expected an indented block after 'with' statement on line 94 (tsetmc_history_dag.py, line 95)","exc_notes":[],"syntax_error":{"offset":8,"filename":"/opt/airflow/dags/tsetmc_history_dag.py","line":"        ...     conn.execute(\n","lineno":95,"msg":"expected an indented block after 'with' statement on line 94"},"is_cause":false,"frames":[{"filename":"/home/airflow/.local/lib/python3.12/site-packages/airflow/models/dagbag.py","lineno":394,"name":"parse"},{"filename":"<frozen importlib._bootstrap_external>","lineno":995,"name":"exec_module"},{"filename":"<frozen importlib._bootstrap_external>","lineno":1133,"name":"get_code"},{"filename":"<frozen importlib._bootstrap_external>","lineno":1063,"name":"source_to_code"},{"filename":"<frozen importlib._bootstrap>","lineno":488,"name":"_call_with_frames_removed"}],"is_group":false,"exceptions":[]}]}
{"timestamp":"2025-12-07T12:15:00.366353","level":"info","event":"Filling up the DagBag from /opt/airflow/dags/tsetmc_history_dag.py","logger":"airflow.models.dagbag.DagBag"}
{"timestamp":"2025-12-07T12:15:00.393810","level":"error","event":"Failed to import: /opt/airflow/dags/tsetmc_history_dag.py","logger":"airflow.models.dagbag.DagBag","error_detail":[{"exc_type":"SyntaxError","exc_value":"invalid syntax (tsetmc_history_dag.py, line 96)","exc_notes":[],"syntax_error":{"offset":17,"filename":"/opt/airflow/dags/tsetmc_history_dag.py","line":"        ...     conn.execute(\n","lineno":96,"msg":"invalid syntax"},"is_cause":false,"frames":[{"filename":"/home/airflow/.local/lib/python3.12/site-packages/airflow/models/dagbag.py","lineno":394,"name":"parse"},{"filename":"<frozen importlib._bootstrap_external>","lineno":995,"name":"exec_module"},{"filename":"<frozen importlib._bootstrap_external>","lineno":1133,"name":"get_code"},{"filename":"<frozen importlib._bootstrap_external>","lineno":1063,"name":"source_to_code"},{"filename":"<frozen importlib._bootstrap>","lineno":488,"name":"_call_with_frames_removed"}],"is_group":false,"exceptions":[]}]}
{"timestamp":"2025-12-07T12:15:11.627629","level":"info","event":"Filling up the DagBag from /opt/airflow/dags/tsetmc_history_dag.py","logger":"airflow.models.dagbag.DagBag"}
{"timestamp":"2025-12-07T12:15:11.654676","level":"error","event":"Failed to import: /opt/airflow/dags/tsetmc_history_dag.py","logger":"airflow.models.dagbag.DagBag","error_detail":[{"exc_type":"SyntaxError","exc_value":"invalid syntax (tsetmc_history_dag.py, line 96)","exc_notes":[],"syntax_error":{"offset":17,"filename":"/opt/airflow/dags/tsetmc_history_dag.py","line":"        ...     conn.execute(\n","lineno":96,"msg":"invalid syntax"},"is_cause":false,"frames":[{"filename":"/home/airflow/.local/lib/python3.12/site-packages/airflow/models/dagbag.py","lineno":394,"name":"parse"},{"filename":"<frozen importlib._bootstrap_external>","lineno":995,"name":"exec_module"},{"filename":"<frozen importlib._bootstrap_external>","lineno":1133,"name":"get_code"},{"filename":"<frozen importlib._bootstrap_external>","lineno":1063,"name":"source_to_code"},{"filename":"<frozen importlib._bootstrap>","lineno":488,"name":"_call_with_frames_removed"}],"is_group":false,"exceptions":[]}]}
{"timestamp":"2025-12-07T12:15:15.817815","level":"info","event":"Filling up the DagBag from /opt/airflow/dags/tsetmc_history_dag.py","logger":"airflow.models.dagbag.DagBag"}
{"timestamp":"2025-12-07T12:15:15.841378","level":"error","event":"Failed to import: /opt/airflow/dags/tsetmc_history_dag.py","logger":"airflow.models.dagbag.DagBag","error_detail":[{"exc_type":"IndentationError","exc_value":"unindent does not match any outer indentation level (tsetmc_history_dag.py, line 96)","exc_notes":[],"syntax_error":{"offset":24,"filename":"/opt/airflow/dags/tsetmc_history_dag.py","line":"          conn.execute(\n","lineno":96,"msg":"unindent does not match any outer indentation level"},"is_cause":false,"frames":[{"filename":"/home/airflow/.local/lib/python3.12/site-packages/airflow/models/dagbag.py","lineno":394,"name":"parse"},{"filename":"<frozen importlib._bootstrap_external>","lineno":995,"name":"exec_module"},{"filename":"<frozen importlib._bootstrap_external>","lineno":1133,"name":"get_code"},{"filename":"<frozen importlib._bootstrap_external>","lineno":1063,"name":"source_to_code"},{"filename":"<frozen importlib._bootstrap>","lineno":488,"name":"_call_with_frames_removed"}],"is_group":false,"exceptions":[]}]}
{"timestamp":"2025-12-07T12:15:17.943423","level":"info","event":"Filling up the DagBag from /opt/airflow/dags/tsetmc_history_dag.py","logger":"airflow.models.dagbag.DagBag"}
{"timestamp":"2025-12-07T12:15:17.968856","level":"error","event":"Failed to import: /opt/airflow/dags/tsetmc_history_dag.py","logger":"airflow.models.dagbag.DagBag","error_detail":[{"exc_type":"IndentationError","exc_value":"unexpected indent (tsetmc_history_dag.py, line 96)","exc_notes":[],"syntax_error":{"offset":17,"filename":"/opt/airflow/dags/tsetmc_history_dag.py","line":"                 conn.execute(\n","lineno":96,"msg":"unexpected indent"},"is_cause":false,"frames":[{"filename":"/home/airflow/.local/lib/python3.12/site-packages/airflow/models/dagbag.py","lineno":394,"name":"parse"},{"filename":"<frozen importlib._bootstrap_external>","lineno":995,"name":"exec_module"},{"filename":"<frozen importlib._bootstrap_external>","lineno":1133,"name":"get_code"},{"filename":"<frozen importlib._bootstrap_external>","lineno":1063,"name":"source_to_code"},{"filename":"<frozen importlib._bootstrap>","lineno":488,"name":"_call_with_frames_removed"}],"is_group":false,"exceptions":[]}]}
{"timestamp":"2025-12-07T12:15:19.085104","level":"info","event":"Filling up the DagBag from /opt/airflow/dags/tsetmc_history_dag.py","logger":"airflow.models.dagbag.DagBag"}
{"timestamp":"2025-12-07T12:15:19.114284","level":"error","event":"Failed to import: /opt/airflow/dags/tsetmc_history_dag.py","logger":"airflow.models.dagbag.DagBag","error_detail":[{"exc_type":"IndentationError","exc_value":"unexpected indent (tsetmc_history_dag.py, line 101)","exc_notes":[],"syntax_error":{"offset":12,"filename":"/opt/airflow/dags/tsetmc_history_dag.py","line":"            print(f\"Loaded {file_path} to Postgres.\")\n","lineno":101,"msg":"unexpected indent"},"is_cause":false,"frames":[{"filename":"/home/airflow/.local/lib/python3.12/site-packages/airflow/models/dagbag.py","lineno":394,"name":"parse"},{"filename":"<frozen importlib._bootstrap_external>","lineno":995,"name":"exec_module"},{"filename":"<frozen importlib._bootstrap_external>","lineno":1133,"name":"get_code"},{"filename":"<frozen importlib._bootstrap_external>","lineno":1063,"name":"source_to_code"},{"filename":"<frozen importlib._bootstrap>","lineno":488,"name":"_call_with_frames_removed"}],"is_group":false,"exceptions":[]}]}
{"timestamp":"2025-12-07T12:15:24.324094","level":"info","event":"Filling up the DagBag from /opt/airflow/dags/tsetmc_history_dag.py","logger":"airflow.models.dagbag.DagBag"}
{"timestamp":"2025-12-07T12:15:24.342509","level":"error","event":"Failed to import: /opt/airflow/dags/tsetmc_history_dag.py","logger":"airflow.models.dagbag.DagBag","error_detail":[{"exc_type":"IndentationError","exc_value":"unexpected indent (tsetmc_history_dag.py, line 101)","exc_notes":[],"syntax_error":{"offset":12,"filename":"/opt/airflow/dags/tsetmc_history_dag.py","line":"            print(f\"Loaded {file_path} to Postgres.\")\n","lineno":101,"msg":"unexpected indent"},"is_cause":false,"frames":[{"filename":"/home/airflow/.local/lib/python3.12/site-packages/airflow/models/dagbag.py","lineno":394,"name":"parse"},{"filename":"<frozen importlib._bootstrap_external>","lineno":995,"name":"exec_module"},{"filename":"<frozen importlib._bootstrap_external>","lineno":1133,"name":"get_code"},{"filename":"<frozen importlib._bootstrap_external>","lineno":1063,"name":"source_to_code"},{"filename":"<frozen importlib._bootstrap>","lineno":488,"name":"_call_with_frames_removed"}],"is_group":false,"exceptions":[]}]}
{"timestamp":"2025-12-07T12:15:25.432917","level":"info","event":"Filling up the DagBag from /opt/airflow/dags/tsetmc_history_dag.py","logger":"airflow.models.dagbag.DagBag"}
{"timestamp":"2025-12-07T12:15:25.463158","level":"error","event":"Failed to import: /opt/airflow/dags/tsetmc_history_dag.py","logger":"airflow.models.dagbag.DagBag","error_detail":[{"exc_type":"IndentationError","exc_value":"unexpected indent (tsetmc_history_dag.py, line 101)","exc_notes":[],"syntax_error":{"offset":12,"filename":"/opt/airflow/dags/tsetmc_history_dag.py","line":"            print(f\"Loaded {file_path} to Postgres.\")\n","lineno":101,"msg":"unexpected indent"},"is_cause":false,"frames":[{"filename":"/home/airflow/.local/lib/python3.12/site-packages/airflow/models/dagbag.py","lineno":394,"name":"parse"},{"filename":"<frozen importlib._bootstrap_external>","lineno":995,"name":"exec_module"},{"filename":"<frozen importlib._bootstrap_external>","lineno":1133,"name":"get_code"},{"filename":"<frozen importlib._bootstrap_external>","lineno":1063,"name":"source_to_code"},{"filename":"<frozen importlib._bootstrap>","lineno":488,"name":"_call_with_frames_removed"}],"is_group":false,"exceptions":[]}]}
{"timestamp":"2025-12-07T12:15:30.627801","level":"info","event":"Filling up the DagBag from /opt/airflow/dags/tsetmc_history_dag.py","logger":"airflow.models.dagbag.DagBag"}
{"timestamp":"2025-12-07T12:15:30.661639","level":"error","event":"Failed to import: /opt/airflow/dags/tsetmc_history_dag.py","logger":"airflow.models.dagbag.DagBag","error_detail":[{"exc_type":"IndentationError","exc_value":"unexpected indent (tsetmc_history_dag.py, line 101)","exc_notes":[],"syntax_error":{"offset":12,"filename":"/opt/airflow/dags/tsetmc_history_dag.py","line":"            print(f\"Loaded {file_path} to Postgres.\")\n","lineno":101,"msg":"unexpected indent"},"is_cause":false,"frames":[{"filename":"/home/airflow/.local/lib/python3.12/site-packages/airflow/models/dagbag.py","lineno":394,"name":"parse"},{"filename":"<frozen importlib._bootstrap_external>","lineno":995,"name":"exec_module"},{"filename":"<frozen importlib._bootstrap_external>","lineno":1133,"name":"get_code"},{"filename":"<frozen importlib._bootstrap_external>","lineno":1063,"name":"source_to_code"},{"filename":"<frozen importlib._bootstrap>","lineno":488,"name":"_call_with_frames_removed"}],"is_group":false,"exceptions":[]}]}
{"timestamp":"2025-12-07T12:15:31.764952","level":"info","event":"Filling up the DagBag from /opt/airflow/dags/tsetmc_history_dag.py","logger":"airflow.models.dagbag.DagBag"}
{"timestamp":"2025-12-07T12:15:31.790762","level":"error","event":"Failed to import: /opt/airflow/dags/tsetmc_history_dag.py","logger":"airflow.models.dagbag.DagBag","error_detail":[{"exc_type":"IndentationError","exc_value":"unexpected indent (tsetmc_history_dag.py, line 101)","exc_notes":[],"syntax_error":{"offset":12,"filename":"/opt/airflow/dags/tsetmc_history_dag.py","line":"            print(f\"Loaded {file_path} to Postgres.\")\n","lineno":101,"msg":"unexpected indent"},"is_cause":false,"frames":[{"filename":"/home/airflow/.local/lib/python3.12/site-packages/airflow/models/dagbag.py","lineno":394,"name":"parse"},{"filename":"<frozen importlib._bootstrap_external>","lineno":995,"name":"exec_module"},{"filename":"<frozen importlib._bootstrap_external>","lineno":1133,"name":"get_code"},{"filename":"<frozen importlib._bootstrap_external>","lineno":1063,"name":"source_to_code"},{"filename":"<frozen importlib._bootstrap>","lineno":488,"name":"_call_with_frames_removed"}],"is_group":false,"exceptions":[]}]}
{"timestamp":"2025-12-07T12:15:33.906388","level":"info","event":"Filling up the DagBag from /opt/airflow/dags/tsetmc_history_dag.py","logger":"airflow.models.dagbag.DagBag"}
{"timestamp":"2025-12-07T12:15:35.085090","level":"info","event":"Filling up the DagBag from /opt/airflow/dags/tsetmc_history_dag.py","logger":"airflow.models.dagbag.DagBag"}
{"timestamp":"2025-12-07T12:15:38.293798","level":"info","event":"Filling up the DagBag from /opt/airflow/dags/tsetmc_history_dag.py","logger":"airflow.models.dagbag.DagBag"}
{"timestamp":"2025-12-07T12:15:43.727299","level":"info","event":"Filling up the DagBag from /opt/airflow/dags/tsetmc_history_dag.py","logger":"airflow.models.dagbag.DagBag"}
{"timestamp":"2025-12-07T12:15:50.991364","level":"info","event":"Filling up the DagBag from /opt/airflow/dags/tsetmc_history_dag.py","logger":"airflow.models.dagbag.DagBag"}
{"timestamp":"2025-12-07T12:15:51.018402","level":"error","event":"Failed to import: /opt/airflow/dags/tsetmc_history_dag.py","logger":"airflow.models.dagbag.DagBag","error_detail":[{"exc_type":"IndentationError","exc_value":"unexpected indent (tsetmc_history_dag.py, line 95)","exc_notes":[],"syntax_error":{"offset":16,"filename":"/opt/airflow/dags/tsetmc_history_dag.py","line":"                conn.execute(sqlalchemytext(\"CREATE TABLE some_table (x int, y int)\"))\n","lineno":95,"msg":"unexpected indent"},"is_cause":false,"frames":[{"filename":"/home/airflow/.local/lib/python3.12/site-packages/airflow/models/dagbag.py","lineno":394,"name":"parse"},{"filename":"<frozen importlib._bootstrap_external>","lineno":995,"name":"exec_module"},{"filename":"<frozen importlib._bootstrap_external>","lineno":1133,"name":"get_code"},{"filename":"<frozen importlib._bootstrap_external>","lineno":1063,"name":"source_to_code"},{"filename":"<frozen importlib._bootstrap>","lineno":488,"name":"_call_with_frames_removed"}],"is_group":false,"exceptions":[]}]}
{"timestamp":"2025-12-07T12:15:54.154104","level":"info","event":"Filling up the DagBag from /opt/airflow/dags/tsetmc_history_dag.py","logger":"airflow.models.dagbag.DagBag"}
{"timestamp":"2025-12-07T12:15:54.173891","level":"error","event":"Failed to import: /opt/airflow/dags/tsetmc_history_dag.py","logger":"airflow.models.dagbag.DagBag","error_detail":[{"exc_type":"IndentationError","exc_value":"expected an indented block after 'with' statement on line 85 (tsetmc_history_dag.py, line 86)","exc_notes":[],"syntax_error":{"offset":9,"filename":"/opt/airflow/dags/tsetmc_history_dag.py","line":"        for file_path in csv_files:\n","lineno":86,"msg":"expected an indented block after 'with' statement on line 85"},"is_cause":false,"frames":[{"filename":"/home/airflow/.local/lib/python3.12/site-packages/airflow/models/dagbag.py","lineno":394,"name":"parse"},{"filename":"<frozen importlib._bootstrap_external>","lineno":995,"name":"exec_module"},{"filename":"<frozen importlib._bootstrap_external>","lineno":1133,"name":"get_code"},{"filename":"<frozen importlib._bootstrap_external>","lineno":1063,"name":"source_to_code"},{"filename":"<frozen importlib._bootstrap>","lineno":488,"name":"_call_with_frames_removed"}],"is_group":false,"exceptions":[]}]}
{"timestamp":"2025-12-07T12:16:03.344886","level":"info","event":"Filling up the DagBag from /opt/airflow/dags/tsetmc_history_dag.py","logger":"airflow.models.dagbag.DagBag"}
{"timestamp":"2025-12-07T12:16:03.366391","level":"error","event":"Failed to import: /opt/airflow/dags/tsetmc_history_dag.py","logger":"airflow.models.dagbag.DagBag","error_detail":[{"exc_type":"IndentationError","exc_value":"unexpected indent (tsetmc_history_dag.py, line 95)","exc_notes":[],"syntax_error":{"offset":20,"filename":"/opt/airflow/dags/tsetmc_history_dag.py","line":"                    conn.execute(sqlalchemytext(\"CREATE TABLE some_table (x int, y int)\"))\n","lineno":95,"msg":"unexpected indent"},"is_cause":false,"frames":[{"filename":"/home/airflow/.local/lib/python3.12/site-packages/airflow/models/dagbag.py","lineno":394,"name":"parse"},{"filename":"<frozen importlib._bootstrap_external>","lineno":995,"name":"exec_module"},{"filename":"<frozen importlib._bootstrap_external>","lineno":1133,"name":"get_code"},{"filename":"<frozen importlib._bootstrap_external>","lineno":1063,"name":"source_to_code"},{"filename":"<frozen importlib._bootstrap>","lineno":488,"name":"_call_with_frames_removed"}],"is_group":false,"exceptions":[]}]}
{"timestamp":"2025-12-07T12:16:12.171939","level":"info","event":"Filling up the DagBag from /opt/airflow/dags/tsetmc_history_dag.py","logger":"airflow.models.dagbag.DagBag"}
{"timestamp":"2025-12-07T12:16:12.191757","level":"error","event":"Failed to import: /opt/airflow/dags/tsetmc_history_dag.py","logger":"airflow.models.dagbag.DagBag","error_detail":[{"exc_type":"IndentationError","exc_value":"unexpected indent (tsetmc_history_dag.py, line 94)","exc_notes":[],"syntax_error":{"offset":20,"filename":"/opt/airflow/dags/tsetmc_history_dag.py","line":"                    conn.execute(sqlalchemytext(\"CREATE TABLE some_table (x int, y int)\"))\n","lineno":94,"msg":"unexpected indent"},"is_cause":false,"frames":[{"filename":"/home/airflow/.local/lib/python3.12/site-packages/airflow/models/dagbag.py","lineno":394,"name":"parse"},{"filename":"<frozen importlib._bootstrap_external>","lineno":995,"name":"exec_module"},{"filename":"<frozen importlib._bootstrap_external>","lineno":1133,"name":"get_code"},{"filename":"<frozen importlib._bootstrap_external>","lineno":1063,"name":"source_to_code"},{"filename":"<frozen importlib._bootstrap>","lineno":488,"name":"_call_with_frames_removed"}],"is_group":false,"exceptions":[]}]}
{"timestamp":"2025-12-07T12:16:18.354250","level":"info","event":"Filling up the DagBag from /opt/airflow/dags/tsetmc_history_dag.py","logger":"airflow.models.dagbag.DagBag"}
{"timestamp":"2025-12-07T12:16:18.374228","level":"error","event":"Failed to import: /opt/airflow/dags/tsetmc_history_dag.py","logger":"airflow.models.dagbag.DagBag","error_detail":[{"exc_type":"IndentationError","exc_value":"unexpected indent (tsetmc_history_dag.py, line 95)","exc_notes":[],"syntax_error":{"offset":20,"filename":"/opt/airflow/dags/tsetmc_history_dag.py","line":"                    conn.execute(\n","lineno":95,"msg":"unexpected indent"},"is_cause":false,"frames":[{"filename":"/home/airflow/.local/lib/python3.12/site-packages/airflow/models/dagbag.py","lineno":394,"name":"parse"},{"filename":"<frozen importlib._bootstrap_external>","lineno":995,"name":"exec_module"},{"filename":"<frozen importlib._bootstrap_external>","lineno":1133,"name":"get_code"},{"filename":"<frozen importlib._bootstrap_external>","lineno":1063,"name":"source_to_code"},{"filename":"<frozen importlib._bootstrap>","lineno":488,"name":"_call_with_frames_removed"}],"is_group":false,"exceptions":[]}]}
{"timestamp":"2025-12-07T12:16:25.549792","level":"info","event":"Filling up the DagBag from /opt/airflow/dags/tsetmc_history_dag.py","logger":"airflow.models.dagbag.DagBag"}
{"timestamp":"2025-12-07T12:16:25.572806","level":"error","event":"Failed to import: /opt/airflow/dags/tsetmc_history_dag.py","logger":"airflow.models.dagbag.DagBag","error_detail":[{"exc_type":"IndentationError","exc_value":"unexpected indent (tsetmc_history_dag.py, line 99)","exc_notes":[],"syntax_error":{"offset":20,"filename":"/opt/airflow/dags/tsetmc_history_dag.py","line":"                    conn.commit()\n","lineno":99,"msg":"unexpected indent"},"is_cause":false,"frames":[{"filename":"/home/airflow/.local/lib/python3.12/site-packages/airflow/models/dagbag.py","lineno":394,"name":"parse"},{"filename":"<frozen importlib._bootstrap_external>","lineno":995,"name":"exec_module"},{"filename":"<frozen importlib._bootstrap_external>","lineno":1133,"name":"get_code"},{"filename":"<frozen importlib._bootstrap_external>","lineno":1063,"name":"source_to_code"},{"filename":"<frozen importlib._bootstrap>","lineno":488,"name":"_call_with_frames_removed"}],"is_group":false,"exceptions":[]}]}
{"timestamp":"2025-12-07T12:16:27.691005","level":"info","event":"Filling up the DagBag from /opt/airflow/dags/tsetmc_history_dag.py","logger":"airflow.models.dagbag.DagBag"}
{"timestamp":"2025-12-07T12:16:35.945485","level":"info","event":"Filling up the DagBag from /opt/airflow/dags/tsetmc_history_dag.py","logger":"airflow.models.dagbag.DagBag"}
{"timestamp":"2025-12-07T12:16:37.116412","level":"info","event":"Filling up the DagBag from /opt/airflow/dags/tsetmc_history_dag.py","logger":"airflow.models.dagbag.DagBag"}
{"timestamp":"2025-12-07T12:16:40.402546","level":"info","event":"Filling up the DagBag from /opt/airflow/dags/tsetmc_history_dag.py","logger":"airflow.models.dagbag.DagBag"}
{"timestamp":"2025-12-07T12:16:47.682709","level":"info","event":"Filling up the DagBag from /opt/airflow/dags/tsetmc_history_dag.py","logger":"airflow.models.dagbag.DagBag"}
{"timestamp":"2025-12-07T12:17:16.156257","level":"info","event":"Filling up the DagBag from /opt/airflow/dags/tsetmc_history_dag.py","logger":"airflow.models.dagbag.DagBag"}
{"timestamp":"2025-12-07T12:17:18.346628","level":"info","event":"Filling up the DagBag from /opt/airflow/dags/tsetmc_history_dag.py","logger":"airflow.models.dagbag.DagBag"}
{"timestamp":"2025-12-07T12:17:23.560747","level":"info","event":"Filling up the DagBag from /opt/airflow/dags/tsetmc_history_dag.py","logger":"airflow.models.dagbag.DagBag"}
{"timestamp":"2025-12-07T12:17:36.998059","level":"info","event":"Filling up the DagBag from /opt/airflow/dags/tsetmc_history_dag.py","logger":"airflow.models.dagbag.DagBag"}
{"timestamp":"2025-12-07T12:17:40.303278","level":"info","event":"Filling up the DagBag from /opt/airflow/dags/tsetmc_history_dag.py","logger":"airflow.models.dagbag.DagBag"}
{"timestamp":"2025-12-07T12:18:10.526640","level":"info","event":"Filling up the DagBag from /opt/airflow/dags/tsetmc_history_dag.py","logger":"airflow.models.dagbag.DagBag"}
{"timestamp":"2025-12-07T12:18:40.995237","level":"info","event":"Filling up the DagBag from /opt/airflow/dags/tsetmc_history_dag.py","logger":"airflow.models.dagbag.DagBag"}
{"timestamp":"2025-12-07T12:19:11.441020","level":"info","event":"Filling up the DagBag from /opt/airflow/dags/tsetmc_history_dag.py","logger":"airflow.models.dagbag.DagBag"}
{"timestamp":"2025-12-07T12:19:41.883882","level":"info","event":"Filling up the DagBag from /opt/airflow/dags/tsetmc_history_dag.py","logger":"airflow.models.dagbag.DagBag"}
{"timestamp":"2025-12-07T12:20:12.325871","level":"info","event":"Filling up the DagBag from /opt/airflow/dags/tsetmc_history_dag.py","logger":"airflow.models.dagbag.DagBag"}
{"timestamp":"2025-12-07T12:20:42.772375","level":"info","event":"Filling up the DagBag from /opt/airflow/dags/tsetmc_history_dag.py","logger":"airflow.models.dagbag.DagBag"}
{"timestamp":"2025-12-07T12:21:13.230079","level":"info","event":"Filling up the DagBag from /opt/airflow/dags/tsetmc_history_dag.py","logger":"airflow.models.dagbag.DagBag"}
{"timestamp":"2025-12-07T12:21:44.157628","level":"info","event":"Filling up the DagBag from /opt/airflow/dags/tsetmc_history_dag.py","logger":"airflow.models.dagbag.DagBag"}
{"timestamp":"2025-12-07T12:22:14.630850","level":"info","event":"Filling up the DagBag from /opt/airflow/dags/tsetmc_history_dag.py","logger":"airflow.models.dagbag.DagBag"}
{"timestamp":"2025-12-07T12:22:45.070612","level":"info","event":"Filling up the DagBag from /opt/airflow/dags/tsetmc_history_dag.py","logger":"airflow.models.dagbag.DagBag"}
{"timestamp":"2025-12-07T12:23:15.537108","level":"info","event":"Filling up the DagBag from /opt/airflow/dags/tsetmc_history_dag.py","logger":"airflow.models.dagbag.DagBag"}
{"timestamp":"2025-12-07T12:23:45.994186","level":"info","event":"Filling up the DagBag from /opt/airflow/dags/tsetmc_history_dag.py","logger":"airflow.models.dagbag.DagBag"}
{"timestamp":"2025-12-07T12:24:16.430383","level":"info","event":"Filling up the DagBag from /opt/airflow/dags/tsetmc_history_dag.py","logger":"airflow.models.dagbag.DagBag"}
{"timestamp":"2025-12-07T12:24:46.874819","level":"info","event":"Filling up the DagBag from /opt/airflow/dags/tsetmc_history_dag.py","logger":"airflow.models.dagbag.DagBag"}
{"timestamp":"2025-12-07T12:25:17.324773","level":"info","event":"Filling up the DagBag from /opt/airflow/dags/tsetmc_history_dag.py","logger":"airflow.models.dagbag.DagBag"}
{"timestamp":"2025-12-07T12:25:47.779716","level":"info","event":"Filling up the DagBag from /opt/airflow/dags/tsetmc_history_dag.py","logger":"airflow.models.dagbag.DagBag"}
{"timestamp":"2025-12-07T12:26:18.753713","level":"info","event":"Filling up the DagBag from /opt/airflow/dags/tsetmc_history_dag.py","logger":"airflow.models.dagbag.DagBag"}
{"timestamp":"2025-12-07T12:26:50.354885","level":"info","event":"Filling up the DagBag from /opt/airflow/dags/tsetmc_history_dag.py","logger":"airflow.models.dagbag.DagBag"}
{"timestamp":"2025-12-07T12:27:20.834514","level":"info","event":"Filling up the DagBag from /opt/airflow/dags/tsetmc_history_dag.py","logger":"airflow.models.dagbag.DagBag"}
{"timestamp":"2025-12-07T12:27:51.270675","level":"info","event":"Filling up the DagBag from /opt/airflow/dags/tsetmc_history_dag.py","logger":"airflow.models.dagbag.DagBag"}
{"timestamp":"2025-12-07T12:28:21.715668","level":"info","event":"Filling up the DagBag from /opt/airflow/dags/tsetmc_history_dag.py","logger":"airflow.models.dagbag.DagBag"}
{"timestamp":"2025-12-07T12:28:52.187124","level":"info","event":"Filling up the DagBag from /opt/airflow/dags/tsetmc_history_dag.py","logger":"airflow.models.dagbag.DagBag"}
{"timestamp":"2025-12-07T12:29:22.629781","level":"info","event":"Filling up the DagBag from /opt/airflow/dags/tsetmc_history_dag.py","logger":"airflow.models.dagbag.DagBag"}
{"timestamp":"2025-12-07T12:29:53.096398","level":"info","event":"Filling up the DagBag from /opt/airflow/dags/tsetmc_history_dag.py","logger":"airflow.models.dagbag.DagBag"}
{"timestamp":"2025-12-07T12:30:23.543210","level":"info","event":"Filling up the DagBag from /opt/airflow/dags/tsetmc_history_dag.py","logger":"airflow.models.dagbag.DagBag"}
{"timestamp":"2025-12-07T12:30:53.739031","level":"info","event":"Filling up the DagBag from /opt/airflow/dags/tsetmc_history_dag.py","logger":"airflow.models.dagbag.DagBag"}
{"timestamp":"2025-12-07T12:31:24.540867","level":"info","event":"Filling up the DagBag from /opt/airflow/dags/tsetmc_history_dag.py","logger":"airflow.models.dagbag.DagBag"}
{"timestamp":"2025-12-07T12:31:55.037314","level":"info","event":"Filling up the DagBag from /opt/airflow/dags/tsetmc_history_dag.py","logger":"airflow.models.dagbag.DagBag"}
{"timestamp":"2025-12-07T12:32:25.507554","level":"info","event":"Filling up the DagBag from /opt/airflow/dags/tsetmc_history_dag.py","logger":"airflow.models.dagbag.DagBag"}
{"timestamp":"2025-12-07T12:32:56.358291","level":"info","event":"Filling up the DagBag from /opt/airflow/dags/tsetmc_history_dag.py","logger":"airflow.models.dagbag.DagBag"}
{"timestamp":"2025-12-07T12:33:26.802629","level":"info","event":"Filling up the DagBag from /opt/airflow/dags/tsetmc_history_dag.py","logger":"airflow.models.dagbag.DagBag"}
{"timestamp":"2025-12-07T12:33:57.244637","level":"info","event":"Filling up the DagBag from /opt/airflow/dags/tsetmc_history_dag.py","logger":"airflow.models.dagbag.DagBag"}
{"timestamp":"2025-12-07T12:34:27.675777","level":"info","event":"Filling up the DagBag from /opt/airflow/dags/tsetmc_history_dag.py","logger":"airflow.models.dagbag.DagBag"}
{"timestamp":"2025-12-07T12:34:58.139520","level":"info","event":"Filling up the DagBag from /opt/airflow/dags/tsetmc_history_dag.py","logger":"airflow.models.dagbag.DagBag"}
{"timestamp":"2025-12-07T12:35:28.567221","level":"info","event":"Filling up the DagBag from /opt/airflow/dags/tsetmc_history_dag.py","logger":"airflow.models.dagbag.DagBag"}
{"timestamp":"2025-12-07T12:35:59.035499","level":"info","event":"Filling up the DagBag from /opt/airflow/dags/tsetmc_history_dag.py","logger":"airflow.models.dagbag.DagBag"}
{"timestamp":"2025-12-07T12:36:29.494809","level":"info","event":"Filling up the DagBag from /opt/airflow/dags/tsetmc_history_dag.py","logger":"airflow.models.dagbag.DagBag"}
{"timestamp":"2025-12-07T12:36:30.729658","level":"info","event":"Filling up the DagBag from /opt/airflow/dags/tsetmc_history_dag.py","logger":"airflow.models.dagbag.DagBag"}
{"timestamp":"2025-12-07T12:36:31.922522","level":"info","event":"Filling up the DagBag from /opt/airflow/dags/tsetmc_history_dag.py","logger":"airflow.models.dagbag.DagBag"}
{"timestamp":"2025-12-07T12:36:31.961800","level":"error","event":"Failed to import: /opt/airflow/dags/tsetmc_history_dag.py","logger":"airflow.models.dagbag.DagBag","error_detail":[{"exc_type":"SyntaxError","exc_value":"invalid syntax (tsetmc_history_dag.py, line 64)","exc_notes":[],"syntax_error":{"offset":24,"filename":"/opt/airflow/dags/tsetmc_history_dag.py","line":"                    if \n","lineno":64,"msg":"invalid syntax"},"is_cause":false,"frames":[{"filename":"/home/airflow/.local/lib/python3.12/site-packages/airflow/models/dagbag.py","lineno":394,"name":"parse"},{"filename":"<frozen importlib._bootstrap_external>","lineno":995,"name":"exec_module"},{"filename":"<frozen importlib._bootstrap_external>","lineno":1133,"name":"get_code"},{"filename":"<frozen importlib._bootstrap_external>","lineno":1063,"name":"source_to_code"},{"filename":"<frozen importlib._bootstrap>","lineno":488,"name":"_call_with_frames_removed"}],"is_group":false,"exceptions":[]}]}
{"timestamp":"2025-12-07T12:36:34.092272","level":"info","event":"Filling up the DagBag from /opt/airflow/dags/tsetmc_history_dag.py","logger":"airflow.models.dagbag.DagBag"}
{"timestamp":"2025-12-07T12:36:34.116366","level":"error","event":"Failed to import: /opt/airflow/dags/tsetmc_history_dag.py","logger":"airflow.models.dagbag.DagBag","error_detail":[{"exc_type":"SyntaxError","exc_value":"expected ':' (tsetmc_history_dag.py, line 64)","exc_notes":[],"syntax_error":{"offset":29,"filename":"/opt/airflow/dags/tsetmc_history_dag.py","line":"                    if int()\n","lineno":64,"msg":"expected ':'"},"is_cause":false,"frames":[{"filename":"/home/airflow/.local/lib/python3.12/site-packages/airflow/models/dagbag.py","lineno":394,"name":"parse"},{"filename":"<frozen importlib._bootstrap_external>","lineno":995,"name":"exec_module"},{"filename":"<frozen importlib._bootstrap_external>","lineno":1133,"name":"get_code"},{"filename":"<frozen importlib._bootstrap_external>","lineno":1063,"name":"source_to_code"},{"filename":"<frozen importlib._bootstrap>","lineno":488,"name":"_call_with_frames_removed"}],"is_group":false,"exceptions":[]}]}
{"timestamp":"2025-12-07T12:36:38.271181","level":"info","event":"Filling up the DagBag from /opt/airflow/dags/tsetmc_history_dag.py","logger":"airflow.models.dagbag.DagBag"}
{"timestamp":"2025-12-07T12:36:38.290946","level":"error","event":"Failed to import: /opt/airflow/dags/tsetmc_history_dag.py","logger":"airflow.models.dagbag.DagBag","error_detail":[{"exc_type":"SyntaxError","exc_value":"expected ':' (tsetmc_history_dag.py, line 64)","exc_notes":[],"syntax_error":{"offset":41,"filename":"/opt/airflow/dags/tsetmc_history_dag.py","line":"                    if int(row['dEven'])\n","lineno":64,"msg":"expected ':'"},"is_cause":false,"frames":[{"filename":"/home/airflow/.local/lib/python3.12/site-packages/airflow/models/dagbag.py","lineno":394,"name":"parse"},{"filename":"<frozen importlib._bootstrap_external>","lineno":995,"name":"exec_module"},{"filename":"<frozen importlib._bootstrap_external>","lineno":1133,"name":"get_code"},{"filename":"<frozen importlib._bootstrap_external>","lineno":1063,"name":"source_to_code"},{"filename":"<frozen importlib._bootstrap>","lineno":488,"name":"_call_with_frames_removed"}],"is_group":false,"exceptions":[]}]}
{"timestamp":"2025-12-07T12:36:41.419008","level":"info","event":"Filling up the DagBag from /opt/airflow/dags/tsetmc_history_dag.py","logger":"airflow.models.dagbag.DagBag"}
{"timestamp":"2025-12-07T12:36:41.443132","level":"error","event":"Failed to import: /opt/airflow/dags/tsetmc_history_dag.py","logger":"airflow.models.dagbag.DagBag","error_detail":[{"exc_type":"SyntaxError","exc_value":"invalid syntax (tsetmc_history_dag.py, line 64)","exc_notes":[],"syntax_error":{"offset":41,"filename":"/opt/airflow/dags/tsetmc_history_dag.py","line":"                    if int(row['dEven']>)\n","lineno":64,"msg":"invalid syntax"},"is_cause":false,"frames":[{"filename":"/home/airflow/.local/lib/python3.12/site-packages/airflow/models/dagbag.py","lineno":394,"name":"parse"},{"filename":"<frozen importlib._bootstrap_external>","lineno":995,"name":"exec_module"},{"filename":"<frozen importlib._bootstrap_external>","lineno":1133,"name":"get_code"},{"filename":"<frozen importlib._bootstrap_external>","lineno":1063,"name":"source_to_code"},{"filename":"<frozen importlib._bootstrap>","lineno":488,"name":"_call_with_frames_removed"}],"is_group":false,"exceptions":[]}]}
{"timestamp":"2025-12-07T12:36:44.564808","level":"info","event":"Filling up the DagBag from /opt/airflow/dags/tsetmc_history_dag.py","logger":"airflow.models.dagbag.DagBag"}
{"timestamp":"2025-12-07T12:36:44.594125","level":"error","event":"Failed to import: /opt/airflow/dags/tsetmc_history_dag.py","logger":"airflow.models.dagbag.DagBag","error_detail":[{"exc_type":"SyntaxError","exc_value":"expected ':' (tsetmc_history_dag.py, line 64)","exc_notes":[],"syntax_error":{"offset":47,"filename":"/opt/airflow/dags/tsetmc_history_dag.py","line":"                    if int(row['dEven']>int())\n","lineno":64,"msg":"expected ':'"},"is_cause":false,"frames":[{"filename":"/home/airflow/.local/lib/python3.12/site-packages/airflow/models/dagbag.py","lineno":394,"name":"parse"},{"filename":"<frozen importlib._bootstrap_external>","lineno":995,"name":"exec_module"},{"filename":"<frozen importlib._bootstrap_external>","lineno":1133,"name":"get_code"},{"filename":"<frozen importlib._bootstrap_external>","lineno":1063,"name":"source_to_code"},{"filename":"<frozen importlib._bootstrap>","lineno":488,"name":"_call_with_frames_removed"}],"is_group":false,"exceptions":[]}]}
{"timestamp":"2025-12-07T12:36:50.758771","level":"info","event":"Filling up the DagBag from /opt/airflow/dags/tsetmc_history_dag.py","logger":"airflow.models.dagbag.DagBag"}
{"timestamp":"2025-12-07T12:36:50.779654","level":"error","event":"Failed to import: /opt/airflow/dags/tsetmc_history_dag.py","logger":"airflow.models.dagbag.DagBag","error_detail":[{"exc_type":"SyntaxError","exc_value":"expected ':' (tsetmc_history_dag.py, line 64)","exc_notes":[],"syntax_error":{"offset":51,"filename":"/opt/airflow/dags/tsetmc_history_dag.py","line":"                    if int(row['dEven']>int(date))\n","lineno":64,"msg":"expected ':'"},"is_cause":false,"frames":[{"filename":"/home/airflow/.local/lib/python3.12/site-packages/airflow/models/dagbag.py","lineno":394,"name":"parse"},{"filename":"<frozen importlib._bootstrap_external>","lineno":995,"name":"exec_module"},{"filename":"<frozen importlib._bootstrap_external>","lineno":1133,"name":"get_code"},{"filename":"<frozen importlib._bootstrap_external>","lineno":1063,"name":"source_to_code"},{"filename":"<frozen importlib._bootstrap>","lineno":488,"name":"_call_with_frames_removed"}],"is_group":false,"exceptions":[]}]}
{"timestamp":"2025-12-07T12:36:52.885222","level":"info","event":"Filling up the DagBag from /opt/airflow/dags/tsetmc_history_dag.py","logger":"airflow.models.dagbag.DagBag"}
{"timestamp":"2025-12-07T12:36:52.907556","level":"error","event":"Failed to import: /opt/airflow/dags/tsetmc_history_dag.py","logger":"airflow.models.dagbag.DagBag","error_detail":[{"exc_type":"IndentationError","exc_value":"expected an indented block after 'if' statement on line 64 (tsetmc_history_dag.py, line 65)","exc_notes":[],"syntax_error":{"offset":21,"filename":"/opt/airflow/dags/tsetmc_history_dag.py","line":"                    data.append(','.join([str(row['shareHolderName']),str(row['numberOfShares']),str(row['perOfShares'])])+'\\n')\n","lineno":65,"msg":"expected an indented block after 'if' statement on line 64"},"is_cause":false,"frames":[{"filename":"/home/airflow/.local/lib/python3.12/site-packages/airflow/models/dagbag.py","lineno":394,"name":"parse"},{"filename":"<frozen importlib._bootstrap_external>","lineno":995,"name":"exec_module"},{"filename":"<frozen importlib._bootstrap_external>","lineno":1133,"name":"get_code"},{"filename":"<frozen importlib._bootstrap_external>","lineno":1063,"name":"source_to_code"},{"filename":"<frozen importlib._bootstrap>","lineno":488,"name":"_call_with_frames_removed"}],"is_group":false,"exceptions":[]}]}
{"timestamp":"2025-12-07T12:36:55.049998","level":"info","event":"Filling up the DagBag from /opt/airflow/dags/tsetmc_history_dag.py","logger":"airflow.models.dagbag.DagBag"}
{"timestamp":"2025-12-07T12:36:57.231200","level":"info","event":"Filling up the DagBag from /opt/airflow/dags/tsetmc_history_dag.py","logger":"airflow.models.dagbag.DagBag"}
{"timestamp":"2025-12-07T12:36:57.250930","level":"error","event":"Failed to import: /opt/airflow/dags/tsetmc_history_dag.py","logger":"airflow.models.dagbag.DagBag","error_detail":[{"exc_type":"IndentationError","exc_value":"unexpected indent (tsetmc_history_dag.py, line 65)","exc_notes":[],"syntax_error":{"offset":40,"filename":"/opt/airflow/dags/tsetmc_history_dag.py","line":"                                        data.append(','.join([str(row['shareHolderName']),str(row['numberOfShares']),str(row['perOfShares'])])+'\\n')\n","lineno":65,"msg":"unexpected indent"},"is_cause":false,"frames":[{"filename":"/home/airflow/.local/lib/python3.12/site-packages/airflow/models/dagbag.py","lineno":394,"name":"parse"},{"filename":"<frozen importlib._bootstrap_external>","lineno":995,"name":"exec_module"},{"filename":"<frozen importlib._bootstrap_external>","lineno":1133,"name":"get_code"},{"filename":"<frozen importlib._bootstrap_external>","lineno":1063,"name":"source_to_code"},{"filename":"<frozen importlib._bootstrap>","lineno":488,"name":"_call_with_frames_removed"}],"is_group":false,"exceptions":[]}]}
{"timestamp":"2025-12-07T12:36:58.337346","level":"info","event":"Filling up the DagBag from /opt/airflow/dags/tsetmc_history_dag.py","logger":"airflow.models.dagbag.DagBag"}
{"timestamp":"2025-12-07T12:37:01.528667","level":"info","event":"Filling up the DagBag from /opt/airflow/dags/tsetmc_history_dag.py","logger":"airflow.models.dagbag.DagBag"}
{"timestamp":"2025-12-07T12:37:04.755220","level":"info","event":"Filling up the DagBag from /opt/airflow/dags/tsetmc_history_dag.py","logger":"airflow.models.dagbag.DagBag"}
{"timestamp":"2025-12-07T12:37:35.825022","level":"info","event":"Filling up the DagBag from /opt/airflow/dags/tsetmc_history_dag.py","logger":"airflow.models.dagbag.DagBag"}
{"timestamp":"2025-12-07T12:38:06.288535","level":"info","event":"Filling up the DagBag from /opt/airflow/dags/tsetmc_history_dag.py","logger":"airflow.models.dagbag.DagBag"}
{"timestamp":"2025-12-07T12:38:36.741815","level":"info","event":"Filling up the DagBag from /opt/airflow/dags/tsetmc_history_dag.py","logger":"airflow.models.dagbag.DagBag"}
{"timestamp":"2025-12-07T12:39:07.253626","level":"info","event":"Filling up the DagBag from /opt/airflow/dags/tsetmc_history_dag.py","logger":"airflow.models.dagbag.DagBag"}
{"timestamp":"2025-12-07T12:39:37.741970","level":"info","event":"Filling up the DagBag from /opt/airflow/dags/tsetmc_history_dag.py","logger":"airflow.models.dagbag.DagBag"}
{"timestamp":"2025-12-07T12:40:08.218888","level":"info","event":"Filling up the DagBag from /opt/airflow/dags/tsetmc_history_dag.py","logger":"airflow.models.dagbag.DagBag"}
{"timestamp":"2025-12-07T12:40:38.696526","level":"info","event":"Filling up the DagBag from /opt/airflow/dags/tsetmc_history_dag.py","logger":"airflow.models.dagbag.DagBag"}
{"timestamp":"2025-12-07T12:41:08.983226","level":"info","event":"Filling up the DagBag from /opt/airflow/dags/tsetmc_history_dag.py","logger":"airflow.models.dagbag.DagBag"}
{"timestamp":"2025-12-07T12:41:39.418234","level":"info","event":"Filling up the DagBag from /opt/airflow/dags/tsetmc_history_dag.py","logger":"airflow.models.dagbag.DagBag"}
{"timestamp":"2025-12-07T12:42:09.850199","level":"info","event":"Filling up the DagBag from /opt/airflow/dags/tsetmc_history_dag.py","logger":"airflow.models.dagbag.DagBag"}
{"timestamp":"2025-12-07T12:42:40.293613","level":"info","event":"Filling up the DagBag from /opt/airflow/dags/tsetmc_history_dag.py","logger":"airflow.models.dagbag.DagBag"}
{"timestamp":"2025-12-07T12:43:10.807034","level":"info","event":"Filling up the DagBag from /opt/airflow/dags/tsetmc_history_dag.py","logger":"airflow.models.dagbag.DagBag"}
{"timestamp":"2025-12-07T12:43:41.235464","level":"info","event":"Filling up the DagBag from /opt/airflow/dags/tsetmc_history_dag.py","logger":"airflow.models.dagbag.DagBag"}
{"timestamp":"2025-12-07T12:44:11.671348","level":"info","event":"Filling up the DagBag from /opt/airflow/dags/tsetmc_history_dag.py","logger":"airflow.models.dagbag.DagBag"}
{"timestamp":"2025-12-07T12:44:42.658206","level":"info","event":"Filling up the DagBag from /opt/airflow/dags/tsetmc_history_dag.py","logger":"airflow.models.dagbag.DagBag"}
{"timestamp":"2025-12-07T12:45:13.230572","level":"info","event":"Filling up the DagBag from /opt/airflow/dags/tsetmc_history_dag.py","logger":"airflow.models.dagbag.DagBag"}
{"timestamp":"2025-12-07T12:45:21.564452","level":"info","event":"Filling up the DagBag from /opt/airflow/dags/tsetmc_history_dag.py","logger":"airflow.models.dagbag.DagBag"}
{"timestamp":"2025-12-07T12:45:52.074270","level":"info","event":"Filling up the DagBag from /opt/airflow/dags/tsetmc_history_dag.py","logger":"airflow.models.dagbag.DagBag"}
{"timestamp":"2025-12-07T12:46:22.536871","level":"info","event":"Filling up the DagBag from /opt/airflow/dags/tsetmc_history_dag.py","logger":"airflow.models.dagbag.DagBag"}
{"timestamp":"2025-12-07T12:46:53.007057","level":"info","event":"Filling up the DagBag from /opt/airflow/dags/tsetmc_history_dag.py","logger":"airflow.models.dagbag.DagBag"}
{"timestamp":"2025-12-07T12:47:23.483326","level":"info","event":"Filling up the DagBag from /opt/airflow/dags/tsetmc_history_dag.py","logger":"airflow.models.dagbag.DagBag"}
{"timestamp":"2025-12-07T12:47:53.975053","level":"info","event":"Filling up the DagBag from /opt/airflow/dags/tsetmc_history_dag.py","logger":"airflow.models.dagbag.DagBag"}
{"timestamp":"2025-12-07T12:48:24.441423","level":"info","event":"Filling up the DagBag from /opt/airflow/dags/tsetmc_history_dag.py","logger":"airflow.models.dagbag.DagBag"}
{"timestamp":"2025-12-07T12:48:54.882118","level":"info","event":"Filling up the DagBag from /opt/airflow/dags/tsetmc_history_dag.py","logger":"airflow.models.dagbag.DagBag"}
{"timestamp":"2025-12-07T12:49:25.125304","level":"info","event":"Filling up the DagBag from /opt/airflow/dags/tsetmc_history_dag.py","logger":"airflow.models.dagbag.DagBag"}
{"timestamp":"2025-12-07T12:49:55.335480","level":"info","event":"Filling up the DagBag from /opt/airflow/dags/tsetmc_history_dag.py","logger":"airflow.models.dagbag.DagBag"}
{"timestamp":"2025-12-07T12:50:25.776761","level":"info","event":"Filling up the DagBag from /opt/airflow/dags/tsetmc_history_dag.py","logger":"airflow.models.dagbag.DagBag"}
{"timestamp":"2025-12-07T12:50:56.221285","level":"info","event":"Filling up the DagBag from /opt/airflow/dags/tsetmc_history_dag.py","logger":"airflow.models.dagbag.DagBag"}
{"timestamp":"2025-12-07T12:51:26.661254","level":"info","event":"Filling up the DagBag from /opt/airflow/dags/tsetmc_history_dag.py","logger":"airflow.models.dagbag.DagBag"}
{"timestamp":"2025-12-07T12:51:57.166013","level":"info","event":"Filling up the DagBag from /opt/airflow/dags/tsetmc_history_dag.py","logger":"airflow.models.dagbag.DagBag"}
{"timestamp":"2025-12-07T12:52:27.602165","level":"info","event":"Filling up the DagBag from /opt/airflow/dags/tsetmc_history_dag.py","logger":"airflow.models.dagbag.DagBag"}
{"timestamp":"2025-12-07T12:52:58.122111","level":"info","event":"Filling up the DagBag from /opt/airflow/dags/tsetmc_history_dag.py","logger":"airflow.models.dagbag.DagBag"}
{"timestamp":"2025-12-07T12:53:28.635131","level":"info","event":"Filling up the DagBag from /opt/airflow/dags/tsetmc_history_dag.py","logger":"airflow.models.dagbag.DagBag"}
{"timestamp":"2025-12-07T12:54:00.058738","level":"info","event":"Filling up the DagBag from /opt/airflow/dags/tsetmc_history_dag.py","logger":"airflow.models.dagbag.DagBag"}
{"timestamp":"2025-12-07T12:54:30.527502","level":"info","event":"Filling up the DagBag from /opt/airflow/dags/tsetmc_history_dag.py","logger":"airflow.models.dagbag.DagBag"}
{"timestamp":"2025-12-07T12:55:00.983671","level":"info","event":"Filling up the DagBag from /opt/airflow/dags/tsetmc_history_dag.py","logger":"airflow.models.dagbag.DagBag"}
{"timestamp":"2025-12-07T12:55:31.431046","level":"info","event":"Filling up the DagBag from /opt/airflow/dags/tsetmc_history_dag.py","logger":"airflow.models.dagbag.DagBag"}
{"timestamp":"2025-12-07T12:56:01.895019","level":"info","event":"Filling up the DagBag from /opt/airflow/dags/tsetmc_history_dag.py","logger":"airflow.models.dagbag.DagBag"}
{"timestamp":"2025-12-07T12:56:32.348381","level":"info","event":"Filling up the DagBag from /opt/airflow/dags/tsetmc_history_dag.py","logger":"airflow.models.dagbag.DagBag"}
{"timestamp":"2025-12-07T12:57:02.812506","level":"info","event":"Filling up the DagBag from /opt/airflow/dags/tsetmc_history_dag.py","logger":"airflow.models.dagbag.DagBag"}
{"timestamp":"2025-12-07T12:57:33.277301","level":"info","event":"Filling up the DagBag from /opt/airflow/dags/tsetmc_history_dag.py","logger":"airflow.models.dagbag.DagBag"}
{"timestamp":"2025-12-07T12:58:03.994096","level":"info","event":"Filling up the DagBag from /opt/airflow/dags/tsetmc_history_dag.py","logger":"airflow.models.dagbag.DagBag"}
{"timestamp":"2025-12-07T12:58:34.426170","level":"info","event":"Filling up the DagBag from /opt/airflow/dags/tsetmc_history_dag.py","logger":"airflow.models.dagbag.DagBag"}
{"timestamp":"2025-12-07T12:59:04.623118","level":"info","event":"Filling up the DagBag from /opt/airflow/dags/tsetmc_history_dag.py","logger":"airflow.models.dagbag.DagBag"}
{"timestamp":"2025-12-07T12:59:35.106514","level":"info","event":"Filling up the DagBag from /opt/airflow/dags/tsetmc_history_dag.py","logger":"airflow.models.dagbag.DagBag"}
{"timestamp":"2025-12-07T13:00:05.535720","level":"info","event":"Filling up the DagBag from /opt/airflow/dags/tsetmc_history_dag.py","logger":"airflow.models.dagbag.DagBag"}
{"timestamp":"2025-12-07T13:00:35.970339","level":"info","event":"Filling up the DagBag from /opt/airflow/dags/tsetmc_history_dag.py","logger":"airflow.models.dagbag.DagBag"}
{"timestamp":"2025-12-07T13:01:06.407538","level":"info","event":"Filling up the DagBag from /opt/airflow/dags/tsetmc_history_dag.py","logger":"airflow.models.dagbag.DagBag"}
{"timestamp":"2025-12-07T13:01:36.834656","level":"info","event":"Filling up the DagBag from /opt/airflow/dags/tsetmc_history_dag.py","logger":"airflow.models.dagbag.DagBag"}
{"timestamp":"2025-12-07T13:02:07.267176","level":"info","event":"Filling up the DagBag from /opt/airflow/dags/tsetmc_history_dag.py","logger":"airflow.models.dagbag.DagBag"}
{"timestamp":"2025-12-07T13:02:37.706044","level":"info","event":"Filling up the DagBag from /opt/airflow/dags/tsetmc_history_dag.py","logger":"airflow.models.dagbag.DagBag"}
{"timestamp":"2025-12-07T13:03:08.174878","level":"info","event":"Filling up the DagBag from /opt/airflow/dags/tsetmc_history_dag.py","logger":"airflow.models.dagbag.DagBag"}
{"timestamp":"2025-12-07T13:03:38.705740","level":"info","event":"Filling up the DagBag from /opt/airflow/dags/tsetmc_history_dag.py","logger":"airflow.models.dagbag.DagBag"}
{"timestamp":"2025-12-07T13:04:09.141854","level":"info","event":"Filling up the DagBag from /opt/airflow/dags/tsetmc_history_dag.py","logger":"airflow.models.dagbag.DagBag"}
{"timestamp":"2025-12-07T13:04:39.580798","level":"info","event":"Filling up the DagBag from /opt/airflow/dags/tsetmc_history_dag.py","logger":"airflow.models.dagbag.DagBag"}
{"timestamp":"2025-12-07T13:05:10.013659","level":"info","event":"Filling up the DagBag from /opt/airflow/dags/tsetmc_history_dag.py","logger":"airflow.models.dagbag.DagBag"}
{"timestamp":"2025-12-07T13:05:40.458965","level":"info","event":"Filling up the DagBag from /opt/airflow/dags/tsetmc_history_dag.py","logger":"airflow.models.dagbag.DagBag"}
{"timestamp":"2025-12-07T13:06:10.904695","level":"info","event":"Filling up the DagBag from /opt/airflow/dags/tsetmc_history_dag.py","logger":"airflow.models.dagbag.DagBag"}
{"timestamp":"2025-12-07T13:06:41.326699","level":"info","event":"Filling up the DagBag from /opt/airflow/dags/tsetmc_history_dag.py","logger":"airflow.models.dagbag.DagBag"}
{"timestamp":"2025-12-07T13:07:11.751475","level":"info","event":"Filling up the DagBag from /opt/airflow/dags/tsetmc_history_dag.py","logger":"airflow.models.dagbag.DagBag"}
{"timestamp":"2025-12-07T13:07:42.185022","level":"info","event":"Filling up the DagBag from /opt/airflow/dags/tsetmc_history_dag.py","logger":"airflow.models.dagbag.DagBag"}
{"timestamp":"2025-12-07T13:08:12.626796","level":"info","event":"Filling up the DagBag from /opt/airflow/dags/tsetmc_history_dag.py","logger":"airflow.models.dagbag.DagBag"}
{"timestamp":"2025-12-07T13:08:43.066652","level":"info","event":"Filling up the DagBag from /opt/airflow/dags/tsetmc_history_dag.py","logger":"airflow.models.dagbag.DagBag"}
{"timestamp":"2025-12-07T13:09:13.489223","level":"info","event":"Filling up the DagBag from /opt/airflow/dags/tsetmc_history_dag.py","logger":"airflow.models.dagbag.DagBag"}
{"timestamp":"2025-12-07T13:09:43.925710","level":"info","event":"Filling up the DagBag from /opt/airflow/dags/tsetmc_history_dag.py","logger":"airflow.models.dagbag.DagBag"}
{"timestamp":"2025-12-07T13:10:14.409152","level":"info","event":"Filling up the DagBag from /opt/airflow/dags/tsetmc_history_dag.py","logger":"airflow.models.dagbag.DagBag"}
{"timestamp":"2025-12-07T13:10:44.846344","level":"info","event":"Filling up the DagBag from /opt/airflow/dags/tsetmc_history_dag.py","logger":"airflow.models.dagbag.DagBag"}
{"timestamp":"2025-12-07T13:11:15.346096","level":"info","event":"Filling up the DagBag from /opt/airflow/dags/tsetmc_history_dag.py","logger":"airflow.models.dagbag.DagBag"}
{"timestamp":"2025-12-07T13:11:45.866350","level":"info","event":"Filling up the DagBag from /opt/airflow/dags/tsetmc_history_dag.py","logger":"airflow.models.dagbag.DagBag"}
{"timestamp":"2025-12-07T13:12:16.308599","level":"info","event":"Filling up the DagBag from /opt/airflow/dags/tsetmc_history_dag.py","logger":"airflow.models.dagbag.DagBag"}
{"timestamp":"2025-12-07T13:12:46.835794","level":"info","event":"Filling up the DagBag from /opt/airflow/dags/tsetmc_history_dag.py","logger":"airflow.models.dagbag.DagBag"}
{"timestamp":"2025-12-07T13:13:17.322481","level":"info","event":"Filling up the DagBag from /opt/airflow/dags/tsetmc_history_dag.py","logger":"airflow.models.dagbag.DagBag"}
{"timestamp":"2025-12-07T13:13:47.814490","level":"info","event":"Filling up the DagBag from /opt/airflow/dags/tsetmc_history_dag.py","logger":"airflow.models.dagbag.DagBag"}
{"timestamp":"2025-12-07T13:14:18.888957","level":"info","event":"Filling up the DagBag from /opt/airflow/dags/tsetmc_history_dag.py","logger":"airflow.models.dagbag.DagBag"}
{"timestamp":"2025-12-07T13:14:50.343510","level":"info","event":"Filling up the DagBag from /opt/airflow/dags/tsetmc_history_dag.py","logger":"airflow.models.dagbag.DagBag"}
{"timestamp":"2025-12-07T13:15:09.918901","level":"info","event":"Filling up the DagBag from /opt/airflow/dags/tsetmc_history_dag.py","logger":"airflow.models.dagbag.DagBag"}
{"timestamp":"2025-12-07T13:15:40.633852","level":"info","event":"Filling up the DagBag from /opt/airflow/dags/tsetmc_history_dag.py","logger":"airflow.models.dagbag.DagBag"}
{"timestamp":"2025-12-07T13:16:11.057832","level":"info","event":"Filling up the DagBag from /opt/airflow/dags/tsetmc_history_dag.py","logger":"airflow.models.dagbag.DagBag"}
{"timestamp":"2025-12-07T13:16:17.300147","level":"info","event":"Filling up the DagBag from /opt/airflow/dags/tsetmc_history_dag.py","logger":"airflow.models.dagbag.DagBag"}
{"timestamp":"2025-12-07T13:16:47.888131","level":"info","event":"Filling up the DagBag from /opt/airflow/dags/tsetmc_history_dag.py","logger":"airflow.models.dagbag.DagBag"}
{"timestamp":"2025-12-07T13:17:18.399458","level":"info","event":"Filling up the DagBag from /opt/airflow/dags/tsetmc_history_dag.py","logger":"airflow.models.dagbag.DagBag"}
{"timestamp":"2025-12-07T13:17:46.859908","level":"info","event":"Filling up the DagBag from /opt/airflow/dags/tsetmc_history_dag.py","logger":"airflow.models.dagbag.DagBag"}
{"timestamp":"2025-12-07T13:17:50.463202","level":"info","event":"Filling up the DagBag from /opt/airflow/dags/tsetmc_history_dag.py","logger":"airflow.models.dagbag.DagBag"}
{"timestamp":"2025-12-07T13:17:52.911937","level":"info","event":"Filling up the DagBag from /opt/airflow/dags/tsetmc_history_dag.py","logger":"airflow.models.dagbag.DagBag"}
{"timestamp":"2025-12-07T13:17:56.133146","level":"info","event":"Filling up the DagBag from /opt/airflow/dags/tsetmc_history_dag.py","logger":"airflow.models.dagbag.DagBag"}
{"timestamp":"2025-12-07T13:17:57.351290","level":"info","event":"Filling up the DagBag from /opt/airflow/dags/tsetmc_history_dag.py","logger":"airflow.models.dagbag.DagBag"}
{"timestamp":"2025-12-07T13:18:03.593219","level":"info","event":"Filling up the DagBag from /opt/airflow/dags/tsetmc_history_dag.py","logger":"airflow.models.dagbag.DagBag"}
{"timestamp":"2025-12-07T13:18:05.772542","level":"info","event":"Filling up the DagBag from /opt/airflow/dags/tsetmc_history_dag.py","logger":"airflow.models.dagbag.DagBag"}
{"timestamp":"2025-12-07T13:18:07.011248","level":"info","event":"Filling up the DagBag from /opt/airflow/dags/tsetmc_history_dag.py","logger":"airflow.models.dagbag.DagBag"}
{"timestamp":"2025-12-07T13:18:07.039196","level":"error","event":"Failed to import: /opt/airflow/dags/tsetmc_history_dag.py","logger":"airflow.models.dagbag.DagBag","error_detail":[{"exc_type":"SyntaxError","exc_value":"invalid syntax (tsetmc_history_dag.py, line 66)","exc_notes":[],"syntax_error":{"offset":53,"filename":"/opt/airflow/dags/tsetmc_history_dag.py","line":"                    data.append(','.join([code,date.,str(row['shareHolderName']),str(row['numberOfShares']),str(row['perOfShares'])])+'\\n')\n","lineno":66,"msg":"invalid syntax"},"is_cause":false,"frames":[{"filename":"/home/airflow/.local/lib/python3.12/site-packages/airflow/models/dagbag.py","lineno":394,"name":"parse"},{"filename":"<frozen importlib._bootstrap_external>","lineno":995,"name":"exec_module"},{"filename":"<frozen importlib._bootstrap_external>","lineno":1133,"name":"get_code"},{"filename":"<frozen importlib._bootstrap_external>","lineno":1063,"name":"source_to_code"},{"filename":"<frozen importlib._bootstrap>","lineno":488,"name":"_call_with_frames_removed"}],"is_group":false,"exceptions":[]}]}
{"timestamp":"2025-12-07T13:18:09.185942","level":"info","event":"Filling up the DagBag from /opt/airflow/dags/tsetmc_history_dag.py","logger":"airflow.models.dagbag.DagBag"}
{"timestamp":"2025-12-07T13:18:11.452316","level":"info","event":"Filling up the DagBag from /opt/airflow/dags/tsetmc_history_dag.py","logger":"airflow.models.dagbag.DagBag"}
{"timestamp":"2025-12-07T13:18:12.630287","level":"info","event":"Filling up the DagBag from /opt/airflow/dags/tsetmc_history_dag.py","logger":"airflow.models.dagbag.DagBag"}
{"timestamp":"2025-12-07T13:18:14.843953","level":"info","event":"Filling up the DagBag from /opt/airflow/dags/tsetmc_history_dag.py","logger":"airflow.models.dagbag.DagBag"}
{"timestamp":"2025-12-07T13:18:17.096466","level":"info","event":"Filling up the DagBag from /opt/airflow/dags/tsetmc_history_dag.py","logger":"airflow.models.dagbag.DagBag"}
{"timestamp":"2025-12-07T13:18:20.360133","level":"info","event":"Filling up the DagBag from /opt/airflow/dags/tsetmc_history_dag.py","logger":"airflow.models.dagbag.DagBag"}
{"timestamp":"2025-12-07T13:18:22.717840","level":"info","event":"Filling up the DagBag from /opt/airflow/dags/tsetmc_history_dag.py","logger":"airflow.models.dagbag.DagBag"}
{"timestamp":"2025-12-07T13:18:39.164403","level":"info","event":"Filling up the DagBag from /opt/airflow/dags/tsetmc_history_dag.py","logger":"airflow.models.dagbag.DagBag"}
{"timestamp":"2025-12-07T13:18:43.391152","level":"info","event":"Filling up the DagBag from /opt/airflow/dags/tsetmc_history_dag.py","logger":"airflow.models.dagbag.DagBag"}
{"timestamp":"2025-12-07T13:18:46.586496","level":"info","event":"Filling up the DagBag from /opt/airflow/dags/tsetmc_history_dag.py","logger":"airflow.models.dagbag.DagBag"}
{"timestamp":"2025-12-07T13:19:02.965526","level":"info","event":"Filling up the DagBag from /opt/airflow/dags/tsetmc_history_dag.py","logger":"airflow.models.dagbag.DagBag"}
{"timestamp":"2025-12-07T13:19:08.189412","level":"info","event":"Filling up the DagBag from /opt/airflow/dags/tsetmc_history_dag.py","logger":"airflow.models.dagbag.DagBag"}
{"timestamp":"2025-12-07T13:19:17.823673","level":"info","event":"Filling up the DagBag from /opt/airflow/dags/tsetmc_history_dag.py","logger":"airflow.models.dagbag.DagBag"}
{"timestamp":"2025-12-07T13:19:20.002127","level":"info","event":"Filling up the DagBag from /opt/airflow/dags/tsetmc_history_dag.py","logger":"airflow.models.dagbag.DagBag"}
{"timestamp":"2025-12-07T13:19:25.308958","level":"info","event":"Filling up the DagBag from /opt/airflow/dags/tsetmc_history_dag.py","logger":"airflow.models.dagbag.DagBag"}
{"timestamp":"2025-12-07T13:19:33.569304","level":"info","event":"Filling up the DagBag from /opt/airflow/dags/tsetmc_history_dag.py","logger":"airflow.models.dagbag.DagBag"}
{"timestamp":"2025-12-07T13:19:37.105234","level":"info","event":"Filling up the DagBag from /opt/airflow/dags/tsetmc_history_dag.py","logger":"airflow.models.dagbag.DagBag"}
{"timestamp":"2025-12-07T13:19:39.281849","level":"info","event":"Filling up the DagBag from /opt/airflow/dags/tsetmc_history_dag.py","logger":"airflow.models.dagbag.DagBag"}
{"timestamp":"2025-12-07T13:19:42.956315","level":"info","event":"Filling up the DagBag from /opt/airflow/dags/tsetmc_history_dag.py","logger":"airflow.models.dagbag.DagBag"}
{"timestamp":"2025-12-07T13:19:45.141313","level":"info","event":"Filling up the DagBag from /opt/airflow/dags/tsetmc_history_dag.py","logger":"airflow.models.dagbag.DagBag"}
{"timestamp":"2025-12-07T13:19:48.706873","level":"info","event":"Filling up the DagBag from /opt/airflow/dags/tsetmc_history_dag.py","logger":"airflow.models.dagbag.DagBag"}
{"timestamp":"2025-12-07T13:19:54.958058","level":"info","event":"Filling up the DagBag from /opt/airflow/dags/tsetmc_history_dag.py","logger":"airflow.models.dagbag.DagBag"}
{"timestamp":"2025-12-07T13:19:57.164366","level":"info","event":"Filling up the DagBag from /opt/airflow/dags/tsetmc_history_dag.py","logger":"airflow.models.dagbag.DagBag"}
{"timestamp":"2025-12-07T13:19:58.400046","level":"info","event":"Filling up the DagBag from /opt/airflow/dags/tsetmc_history_dag.py","logger":"airflow.models.dagbag.DagBag"}
{"timestamp":"2025-12-07T13:19:59.679220","level":"info","event":"Filling up the DagBag from /opt/airflow/dags/tsetmc_history_dag.py","logger":"airflow.models.dagbag.DagBag"}
{"timestamp":"2025-12-07T13:20:30.181395","level":"info","event":"Filling up the DagBag from /opt/airflow/dags/tsetmc_history_dag.py","logger":"airflow.models.dagbag.DagBag"}
{"timestamp":"2025-12-07T13:20:41.463319","level":"info","event":"Filling up the DagBag from /opt/airflow/dags/tsetmc_history_dag.py","logger":"airflow.models.dagbag.DagBag"}
{"timestamp":"2025-12-07T13:20:55.806199","level":"info","event":"Filling up the DagBag from /opt/airflow/dags/tsetmc_history_dag.py","logger":"airflow.models.dagbag.DagBag"}
{"timestamp":"2025-12-07T13:20:57.979904","level":"info","event":"Filling up the DagBag from /opt/airflow/dags/tsetmc_history_dag.py","logger":"airflow.models.dagbag.DagBag"}
{"timestamp":"2025-12-07T13:21:06.244484","level":"info","event":"Filling up the DagBag from /opt/airflow/dags/tsetmc_history_dag.py","logger":"airflow.models.dagbag.DagBag"}
{"timestamp":"2025-12-07T13:21:09.450440","level":"info","event":"Filling up the DagBag from /opt/airflow/dags/tsetmc_history_dag.py","logger":"airflow.models.dagbag.DagBag"}
{"timestamp":"2025-12-07T13:21:11.639701","level":"info","event":"Filling up the DagBag from /opt/airflow/dags/tsetmc_history_dag.py","logger":"airflow.models.dagbag.DagBag"}
{"timestamp":"2025-12-07T13:21:13.844087","level":"info","event":"Filling up the DagBag from /opt/airflow/dags/tsetmc_history_dag.py","logger":"airflow.models.dagbag.DagBag"}
{"timestamp":"2025-12-07T13:21:22.145312","level":"info","event":"Filling up the DagBag from /opt/airflow/dags/tsetmc_history_dag.py","logger":"airflow.models.dagbag.DagBag"}
{"timestamp":"2025-12-07T13:21:30.423195","level":"info","event":"Filling up the DagBag from /opt/airflow/dags/tsetmc_history_dag.py","logger":"airflow.models.dagbag.DagBag"}
{"timestamp":"2025-12-07T13:21:31.630079","level":"info","event":"Filling up the DagBag from /opt/airflow/dags/tsetmc_history_dag.py","logger":"airflow.models.dagbag.DagBag"}
{"timestamp":"2025-12-07T13:21:33.800727","level":"info","event":"Filling up the DagBag from /opt/airflow/dags/tsetmc_history_dag.py","logger":"airflow.models.dagbag.DagBag"}
{"timestamp":"2025-12-07T13:21:41.040523","level":"info","event":"Filling up the DagBag from /opt/airflow/dags/tsetmc_history_dag.py","logger":"airflow.models.dagbag.DagBag"}
{"timestamp":"2025-12-07T13:22:00.416801","level":"info","event":"Filling up the DagBag from /opt/airflow/dags/tsetmc_history_dag.py","logger":"airflow.models.dagbag.DagBag"}
{"timestamp":"2025-12-07T13:22:02.606421","level":"info","event":"Filling up the DagBag from /opt/airflow/dags/tsetmc_history_dag.py","logger":"airflow.models.dagbag.DagBag"}
{"timestamp":"2025-12-07T13:22:06.870088","level":"info","event":"Filling up the DagBag from /opt/airflow/dags/tsetmc_history_dag.py","logger":"airflow.models.dagbag.DagBag"}
{"timestamp":"2025-12-07T13:22:10.116058","level":"info","event":"Filling up the DagBag from /opt/airflow/dags/tsetmc_history_dag.py","logger":"airflow.models.dagbag.DagBag"}
{"timestamp":"2025-12-07T13:22:15.340118","level":"info","event":"Filling up the DagBag from /opt/airflow/dags/tsetmc_history_dag.py","logger":"airflow.models.dagbag.DagBag"}
{"timestamp":"2025-12-07T13:22:26.646467","level":"info","event":"Filling up the DagBag from /opt/airflow/dags/tsetmc_history_dag.py","logger":"airflow.models.dagbag.DagBag"}
{"timestamp":"2025-12-07T13:22:27.826772","level":"info","event":"Filling up the DagBag from /opt/airflow/dags/tsetmc_history_dag.py","logger":"airflow.models.dagbag.DagBag"}
{"timestamp":"2025-12-07T13:22:31.051844","level":"info","event":"Filling up the DagBag from /opt/airflow/dags/tsetmc_history_dag.py","logger":"airflow.models.dagbag.DagBag"}
{"timestamp":"2025-12-07T13:22:34.268664","level":"info","event":"Filling up the DagBag from /opt/airflow/dags/tsetmc_history_dag.py","logger":"airflow.models.dagbag.DagBag"}
{"timestamp":"2025-12-07T13:22:46.644065","level":"info","event":"Filling up the DagBag from /opt/airflow/dags/tsetmc_history_dag.py","logger":"airflow.models.dagbag.DagBag"}
{"timestamp":"2025-12-07T13:22:48.810113","level":"info","event":"Filling up the DagBag from /opt/airflow/dags/tsetmc_history_dag.py","logger":"airflow.models.dagbag.DagBag"}
{"timestamp":"2025-12-07T13:22:56.092043","level":"info","event":"Filling up the DagBag from /opt/airflow/dags/tsetmc_history_dag.py","logger":"airflow.models.dagbag.DagBag"}
{"timestamp":"2025-12-07T13:23:00.327817","level":"info","event":"Filling up the DagBag from /opt/airflow/dags/tsetmc_history_dag.py","logger":"airflow.models.dagbag.DagBag"}
{"timestamp":"2025-12-07T13:23:05.594690","level":"info","event":"Filling up the DagBag from /opt/airflow/dags/tsetmc_history_dag.py","logger":"airflow.models.dagbag.DagBag"}
{"timestamp":"2025-12-07T13:23:08.785063","level":"info","event":"Filling up the DagBag from /opt/airflow/dags/tsetmc_history_dag.py","logger":"airflow.models.dagbag.DagBag"}
{"timestamp":"2025-12-07T13:23:09.961858","level":"info","event":"Filling up the DagBag from /opt/airflow/dags/tsetmc_history_dag.py","logger":"airflow.models.dagbag.DagBag"}
{"timestamp":"2025-12-07T13:23:40.248686","level":"info","event":"Filling up the DagBag from /opt/airflow/dags/tsetmc_history_dag.py","logger":"airflow.models.dagbag.DagBag"}
{"timestamp":"2025-12-07T13:24:10.683282","level":"info","event":"Filling up the DagBag from /opt/airflow/dags/tsetmc_history_dag.py","logger":"airflow.models.dagbag.DagBag"}
{"timestamp":"2025-12-07T13:24:41.010277","level":"info","event":"Filling up the DagBag from /opt/airflow/dags/tsetmc_history_dag.py","logger":"airflow.models.dagbag.DagBag"}
{"timestamp":"2025-12-07T13:25:11.536655","level":"info","event":"Filling up the DagBag from /opt/airflow/dags/tsetmc_history_dag.py","logger":"airflow.models.dagbag.DagBag"}
{"timestamp":"2025-12-07T13:25:42.068035","level":"info","event":"Filling up the DagBag from /opt/airflow/dags/tsetmc_history_dag.py","logger":"airflow.models.dagbag.DagBag"}
{"timestamp":"2025-12-07T13:26:12.576160","level":"info","event":"Filling up the DagBag from /opt/airflow/dags/tsetmc_history_dag.py","logger":"airflow.models.dagbag.DagBag"}
{"timestamp":"2025-12-07T13:26:42.858149","level":"info","event":"Filling up the DagBag from /opt/airflow/dags/tsetmc_history_dag.py","logger":"airflow.models.dagbag.DagBag"}
{"timestamp":"2025-12-07T13:26:49.280540","level":"info","event":"Filling up the DagBag from /opt/airflow/dags/tsetmc_history_dag.py","logger":"airflow.models.dagbag.DagBag"}
{"timestamp":"2025-12-07T13:26:50.552692","level":"info","event":"Filling up the DagBag from /opt/airflow/dags/tsetmc_history_dag.py","logger":"airflow.models.dagbag.DagBag"}
{"timestamp":"2025-12-07T13:26:58.181472","level":"info","event":"Filling up the DagBag from /opt/airflow/dags/tsetmc_history_dag.py","logger":"airflow.models.dagbag.DagBag"}
{"timestamp":"2025-12-07T13:26:59.876658","level":"info","event":"Filling up the DagBag from /opt/airflow/dags/tsetmc_history_dag.py","logger":"airflow.models.dagbag.DagBag"}
{"timestamp":"2025-12-07T13:27:08.045237","level":"info","event":"Filling up the DagBag from /opt/airflow/dags/tsetmc_history_dag.py","logger":"airflow.models.dagbag.DagBag"}
{"timestamp":"2025-12-07T13:27:15.373523","level":"info","event":"Filling up the DagBag from /opt/airflow/dags/tsetmc_history_dag.py","logger":"airflow.models.dagbag.DagBag"}
{"timestamp":"2025-12-07T13:27:16.562923","level":"info","event":"Filling up the DagBag from /opt/airflow/dags/tsetmc_history_dag.py","logger":"airflow.models.dagbag.DagBag"}
{"timestamp":"2025-12-07T13:27:18.797627","level":"info","event":"Filling up the DagBag from /opt/airflow/dags/tsetmc_history_dag.py","logger":"airflow.models.dagbag.DagBag"}
{"timestamp":"2025-12-07T13:27:25.050365","level":"info","event":"Filling up the DagBag from /opt/airflow/dags/tsetmc_history_dag.py","logger":"airflow.models.dagbag.DagBag"}
{"timestamp":"2025-12-07T13:27:31.530903","level":"info","event":"Filling up the DagBag from /opt/airflow/dags/tsetmc_history_dag.py","logger":"airflow.models.dagbag.DagBag"}
{"timestamp":"2025-12-07T13:27:33.815978","level":"info","event":"Filling up the DagBag from /opt/airflow/dags/tsetmc_history_dag.py","logger":"airflow.models.dagbag.DagBag"}
{"timestamp":"2025-12-07T13:27:53.598738","level":"info","event":"Filling up the DagBag from /opt/airflow/dags/tsetmc_history_dag.py","logger":"airflow.models.dagbag.DagBag"}
{"timestamp":"2025-12-07T13:28:20.111372","level":"info","event":"Filling up the DagBag from /opt/airflow/dags/tsetmc_history_dag.py","logger":"airflow.models.dagbag.DagBag"}
{"timestamp":"2025-12-07T13:28:50.620400","level":"info","event":"Filling up the DagBag from /opt/airflow/dags/tsetmc_history_dag.py","logger":"airflow.models.dagbag.DagBag"}
{"timestamp":"2025-12-07T13:29:01.755177","level":"info","event":"Filling up the DagBag from /opt/airflow/dags/tsetmc_history_dag.py","logger":"airflow.models.dagbag.DagBag"}
{"timestamp":"2025-12-07T13:29:32.170221","level":"info","event":"Filling up the DagBag from /opt/airflow/dags/tsetmc_history_dag.py","logger":"airflow.models.dagbag.DagBag"}
{"timestamp":"2025-12-07T13:30:02.755447","level":"info","event":"Filling up the DagBag from /opt/airflow/dags/tsetmc_history_dag.py","logger":"airflow.models.dagbag.DagBag"}
{"timestamp":"2025-12-07T13:30:33.307953","level":"info","event":"Filling up the DagBag from /opt/airflow/dags/tsetmc_history_dag.py","logger":"airflow.models.dagbag.DagBag"}
{"timestamp":"2025-12-07T13:31:03.945501","level":"info","event":"Filling up the DagBag from /opt/airflow/dags/tsetmc_history_dag.py","logger":"airflow.models.dagbag.DagBag"}
{"timestamp":"2025-12-07T13:31:34.439684","level":"info","event":"Filling up the DagBag from /opt/airflow/dags/tsetmc_history_dag.py","logger":"airflow.models.dagbag.DagBag"}
{"timestamp":"2025-12-07T13:32:05.169924","level":"info","event":"Filling up the DagBag from /opt/airflow/dags/tsetmc_history_dag.py","logger":"airflow.models.dagbag.DagBag"}
{"timestamp":"2025-12-07T13:32:36.188461","level":"info","event":"Filling up the DagBag from /opt/airflow/dags/tsetmc_history_dag.py","logger":"airflow.models.dagbag.DagBag"}
{"timestamp":"2025-12-07T13:32:40.469539","level":"info","event":"Filling up the DagBag from /opt/airflow/dags/tsetmc_history_dag.py","logger":"airflow.models.dagbag.DagBag"}
{"timestamp":"2025-12-07T13:33:20.279566","level":"info","event":"Filling up the DagBag from /opt/airflow/dags/tsetmc_history_dag.py","logger":"airflow.models.dagbag.DagBag"}
{"timestamp":"2025-12-07T13:33:28.840262","level":"info","event":"Filling up the DagBag from /opt/airflow/dags/tsetmc_history_dag.py","logger":"airflow.models.dagbag.DagBag"}
{"timestamp":"2025-12-07T13:33:28.880815","level":"error","event":"Failed to import: /opt/airflow/dags/tsetmc_history_dag.py","logger":"airflow.models.dagbag.DagBag","error_detail":[{"exc_type":"SyntaxError","exc_value":"invalid syntax (tsetmc_history_dag.py, line 100)","exc_notes":[],"syntax_error":{"offset":25,"filename":"/opt/airflow/dags/tsetmc_history_dag.py","line":"                        ,\n","lineno":100,"msg":"invalid syntax"},"is_cause":false,"frames":[{"filename":"/home/airflow/.local/lib/python3.12/site-packages/airflow/models/dagbag.py","lineno":394,"name":"parse"},{"filename":"<frozen importlib._bootstrap_external>","lineno":995,"name":"exec_module"},{"filename":"<frozen importlib._bootstrap_external>","lineno":1133,"name":"get_code"},{"filename":"<frozen importlib._bootstrap_external>","lineno":1063,"name":"source_to_code"},{"filename":"<frozen importlib._bootstrap>","lineno":488,"name":"_call_with_frames_removed"}],"is_group":false,"exceptions":[]}]}
{"timestamp":"2025-12-07T13:33:32.781784","level":"info","event":"Filling up the DagBag from /opt/airflow/dags/tsetmc_history_dag.py","logger":"airflow.models.dagbag.DagBag"}
{"timestamp":"2025-12-07T13:33:38.672107","level":"info","event":"Filling up the DagBag from /opt/airflow/dags/tsetmc_history_dag.py","logger":"airflow.models.dagbag.DagBag"}
{"timestamp":"2025-12-07T13:34:01.007714","level":"info","event":"Filling up the DagBag from /opt/airflow/dags/tsetmc_history_dag.py","logger":"airflow.models.dagbag.DagBag"}
{"timestamp":"2025-12-07T13:34:20.839013","level":"info","event":"Filling up the DagBag from /opt/airflow/dags/tsetmc_history_dag.py","logger":"airflow.models.dagbag.DagBag"}
{"timestamp":"2025-12-07T13:34:25.665902","level":"info","event":"Filling up the DagBag from /opt/airflow/dags/tsetmc_history_dag.py","logger":"airflow.models.dagbag.DagBag"}
{"timestamp":"2025-12-07T13:34:46.213213","level":"info","event":"Filling up the DagBag from /opt/airflow/dags/tsetmc_history_dag.py","logger":"airflow.models.dagbag.DagBag"}
{"timestamp":"2025-12-07T13:34:50.624684","level":"info","event":"Filling up the DagBag from /opt/airflow/dags/tsetmc_history_dag.py","logger":"airflow.models.dagbag.DagBag"}
{"timestamp":"2025-12-07T13:34:51.925471","level":"info","event":"Filling up the DagBag from /opt/airflow/dags/tsetmc_history_dag.py","logger":"airflow.models.dagbag.DagBag"}
{"timestamp":"2025-12-07T13:34:53.243483","level":"info","event":"Filling up the DagBag from /opt/airflow/dags/tsetmc_history_dag.py","logger":"airflow.models.dagbag.DagBag"}
{"timestamp":"2025-12-07T13:35:10.796095","level":"info","event":"Filling up the DagBag from /opt/airflow/dags/tsetmc_history_dag.py","logger":"airflow.models.dagbag.DagBag"}
{"timestamp":"2025-12-07T13:35:27.238156","level":"info","event":"Filling up the DagBag from /opt/airflow/dags/tsetmc_history_dag.py","logger":"airflow.models.dagbag.DagBag"}
{"timestamp":"2025-12-07T13:35:31.468773","level":"info","event":"Filling up the DagBag from /opt/airflow/dags/tsetmc_history_dag.py","logger":"airflow.models.dagbag.DagBag"}
{"timestamp":"2025-12-07T13:35:40.799515","level":"info","event":"Filling up the DagBag from /opt/airflow/dags/tsetmc_history_dag.py","logger":"airflow.models.dagbag.DagBag"}
{"timestamp":"2025-12-07T13:36:10.975331","level":"info","event":"Filling up the DagBag from /opt/airflow/dags/tsetmc_history_dag.py","logger":"airflow.models.dagbag.DagBag"}
{"timestamp":"2025-12-07T13:36:14.303127","level":"info","event":"Filling up the DagBag from /opt/airflow/dags/tsetmc_history_dag.py","logger":"airflow.models.dagbag.DagBag"}
{"timestamp":"2025-12-07T13:36:44.920077","level":"info","event":"Filling up the DagBag from /opt/airflow/dags/tsetmc_history_dag.py","logger":"airflow.models.dagbag.DagBag"}
{"timestamp":"2025-12-07T13:37:09.555046","level":"info","event":"Filling up the DagBag from /opt/airflow/dags/tsetmc_history_dag.py","logger":"airflow.models.dagbag.DagBag"}
{"timestamp":"2025-12-07T13:37:36.131802","level":"info","event":"Filling up the DagBag from /opt/airflow/dags/tsetmc_history_dag.py","logger":"airflow.models.dagbag.DagBag"}
{"timestamp":"2025-12-07T13:37:36.166837","level":"error","event":"Failed to import: /opt/airflow/dags/tsetmc_history_dag.py","logger":"airflow.models.dagbag.DagBag","error_detail":[{"exc_type":"IndentationError","exc_value":"unexpected indent (tsetmc_history_dag.py, line 104)","exc_notes":[],"syntax_error":{"offset":20,"filename":"/opt/airflow/dags/tsetmc_history_dag.py","line":"                    print(f\"Loaded {file_path} to Postgres.\")\n","lineno":104,"msg":"unexpected indent"},"is_cause":false,"frames":[{"filename":"/home/airflow/.local/lib/python3.12/site-packages/airflow/models/dagbag.py","lineno":394,"name":"parse"},{"filename":"<frozen importlib._bootstrap_external>","lineno":995,"name":"exec_module"},{"filename":"<frozen importlib._bootstrap_external>","lineno":1133,"name":"get_code"},{"filename":"<frozen importlib._bootstrap_external>","lineno":1063,"name":"source_to_code"},{"filename":"<frozen importlib._bootstrap>","lineno":488,"name":"_call_with_frames_removed"}],"is_group":false,"exceptions":[]}]}
{"timestamp":"2025-12-07T13:37:38.495169","level":"info","event":"Filling up the DagBag from /opt/airflow/dags/tsetmc_history_dag.py","logger":"airflow.models.dagbag.DagBag"}
{"timestamp":"2025-12-07T13:37:43.727477","level":"info","event":"Filling up the DagBag from /opt/airflow/dags/tsetmc_history_dag.py","logger":"airflow.models.dagbag.DagBag"}
{"timestamp":"2025-12-07T13:37:46.952622","level":"info","event":"Filling up the DagBag from /opt/airflow/dags/tsetmc_history_dag.py","logger":"airflow.models.dagbag.DagBag"}
{"timestamp":"2025-12-07T13:37:52.244460","level":"info","event":"Filling up the DagBag from /opt/airflow/dags/tsetmc_history_dag.py","logger":"airflow.models.dagbag.DagBag"}
{"timestamp":"2025-12-07T13:38:02.645752","level":"info","event":"Filling up the DagBag from /opt/airflow/dags/tsetmc_history_dag.py","logger":"airflow.models.dagbag.DagBag"}
{"timestamp":"2025-12-07T13:38:03.895078","level":"info","event":"Filling up the DagBag from /opt/airflow/dags/tsetmc_history_dag.py","logger":"airflow.models.dagbag.DagBag"}
{"timestamp":"2025-12-07T13:38:12.208282","level":"info","event":"Filling up the DagBag from /opt/airflow/dags/tsetmc_history_dag.py","logger":"airflow.models.dagbag.DagBag"}
{"timestamp":"2025-12-07T13:38:21.528947","level":"info","event":"Filling up the DagBag from /opt/airflow/dags/tsetmc_history_dag.py","logger":"airflow.models.dagbag.DagBag"}
{"timestamp":"2025-12-07T13:38:31.796919","level":"info","event":"Filling up the DagBag from /opt/airflow/dags/tsetmc_history_dag.py","logger":"airflow.models.dagbag.DagBag"}
{"timestamp":"2025-12-07T13:38:37.026816","level":"info","event":"Filling up the DagBag from /opt/airflow/dags/tsetmc_history_dag.py","logger":"airflow.models.dagbag.DagBag"}
{"timestamp":"2025-12-07T13:38:45.342587","level":"info","event":"Filling up the DagBag from /opt/airflow/dags/tsetmc_history_dag.py","logger":"airflow.models.dagbag.DagBag"}
{"timestamp":"2025-12-07T13:38:46.579746","level":"info","event":"Filling up the DagBag from /opt/airflow/dags/tsetmc_history_dag.py","logger":"airflow.models.dagbag.DagBag"}
{"timestamp":"2025-12-07T13:38:47.891710","level":"info","event":"Filling up the DagBag from /opt/airflow/dags/tsetmc_history_dag.py","logger":"airflow.models.dagbag.DagBag"}
{"timestamp":"2025-12-07T13:38:47.923223","level":"error","event":"Failed to import: /opt/airflow/dags/tsetmc_history_dag.py","logger":"airflow.models.dagbag.DagBag","error_detail":[{"exc_type":"SyntaxError","exc_value":"invalid syntax (tsetmc_history_dag.py, line 102)","exc_notes":[],"syntax_error":{"offset":23,"filename":"/opt/airflow/dags/tsetmc_history_dag.py","line":"                    ).\n","lineno":102,"msg":"invalid syntax"},"is_cause":false,"frames":[{"filename":"/home/airflow/.local/lib/python3.12/site-packages/airflow/models/dagbag.py","lineno":394,"name":"parse"},{"filename":"<frozen importlib._bootstrap_external>","lineno":995,"name":"exec_module"},{"filename":"<frozen importlib._bootstrap_external>","lineno":1133,"name":"get_code"},{"filename":"<frozen importlib._bootstrap_external>","lineno":1063,"name":"source_to_code"},{"filename":"<frozen importlib._bootstrap>","lineno":488,"name":"_call_with_frames_removed"}],"is_group":false,"exceptions":[]}]}
{"timestamp":"2025-12-07T13:38:51.114947","level":"info","event":"Filling up the DagBag from /opt/airflow/dags/tsetmc_history_dag.py","logger":"airflow.models.dagbag.DagBag"}
{"timestamp":"2025-12-07T13:39:13.542164","level":"info","event":"Filling up the DagBag from /opt/airflow/dags/tsetmc_history_dag.py","logger":"airflow.models.dagbag.DagBag"}
{"timestamp":"2025-12-07T13:39:44.070979","level":"info","event":"Filling up the DagBag from /opt/airflow/dags/tsetmc_history_dag.py","logger":"airflow.models.dagbag.DagBag"}
