{"timestamp":"2025-12-07T11:47:20.842283","level":"info","event":"DAG bundles loaded: dags-folder","logger":"airflow.dag_processing.bundles.manager.DagBundlesManager"}
{"timestamp":"2025-12-07T11:47:20.879545","level":"info","event":"Filling up the DagBag from /opt/airflow/dags/tsetmc_history_dag.py","logger":"airflow.models.dagbag.DagBag"}
{"timestamp":"2025-12-07T11:47:29.899370Z","level":"info","event":"ETFكدرزروصندوقهاي سرمايه گذاري قابل معامله 158124520.0 3.953","chan":"stdout","logger":"task"}
{"timestamp":"2025-12-07T11:47:29.900051Z","level":"info","event":"شركت بيمه ما-سهامي عام - 138350058.0 3.458","chan":"stdout","logger":"task"}
{"timestamp":"2025-12-07T11:47:29.901527Z","level":"info","event":"شركت بيمه ما-سهامي عام - 137773593.0 3.444","chan":"stdout","logger":"task"}
{"timestamp":"2025-12-07T11:47:29.902654Z","level":"info","event":"ETFكدرزروصندوقهاي سرمايه گذاري قابل معامله 175208539.0 4.38","chan":"stdout","logger":"task"}
{"timestamp":"2025-12-07T11:47:29.985331Z","level":"info","event":"ETFكدرزروصندوقهاي سرمايه گذاري قابل معامله 141021228.0 3.525","chan":"stdout","logger":"task"}
{"timestamp":"2025-12-07T11:47:29.986038Z","level":"info","event":"شركت بيمه ما-سهامي عام - 138350058.0 3.458","chan":"stdout","logger":"task"}
{"timestamp":"2025-12-07T11:47:29.988984Z","level":"info","event":"ETFكدرزروصندوقهاي سرمايه گذاري قابل معامله 158124520.0 3.953","chan":"stdout","logger":"task"}
{"timestamp":"2025-12-07T11:47:29.989495Z","level":"info","event":"شركت بيمه ما-سهامي عام - 138350058.0 3.458","chan":"stdout","logger":"task"}
{"timestamp":"2025-12-07T11:47:30.041995Z","level":"info","event":"Failed to fetch https://cdn.tsetmc.com/api/Shareholder/34144395039913458/20251109: HTTPSConnectionPool(host='cdn.tsetmc.com', port=443): Max retries exceeded with url: /api/Shareholder/34144395039913458/20251109 (Caused by SSLError(SSLCertVerificationError(1, '[SSL: CERTIFICATE_VERIFY_FAILED] certificate verify failed: unable to get local issuer certificate (_ssl.c:1010)')))","chan":"stdout","logger":"task"}
{"timestamp":"2025-12-07T11:47:30.098059Z","level":"info","event":"ETFكدرزروصندوقهاي سرمايه گذاري قابل معامله 93265071.0 2.331","chan":"stdout","logger":"task"}
{"timestamp":"2025-12-07T11:47:30.099047Z","level":"info","event":"شركت بيمه ما-سهامي عام - 138350058.0 3.458","chan":"stdout","logger":"task"}
{"timestamp":"2025-12-07T11:47:30.099585Z","level":"info","event":"شركت بيمه ما-سهامي عام - 138350058.0 3.458","chan":"stdout","logger":"task"}
{"timestamp":"2025-12-07T11:47:30.100132Z","level":"info","event":"ETFكدرزروصندوقهاي سرمايه گذاري قابل معامله 110198852.0 2.754","chan":"stdout","logger":"task"}
{"timestamp":"2025-12-07T11:47:30.185609Z","level":"info","event":"ETFكدرزروصندوقهاي سرمايه گذاري قابل معامله 54244454.0 1.356","chan":"stdout","logger":"task"}
{"timestamp":"2025-12-07T11:47:30.186136Z","level":"info","event":"شركت بيمه ما-سهامي عام - 138350058.0 3.458","chan":"stdout","logger":"task"}
{"timestamp":"2025-12-07T11:47:30.186590Z","level":"info","event":"ETFكدرزروصندوقهاي سرمايه گذاري قابل معامله 93265071.0 2.331","chan":"stdout","logger":"task"}
{"timestamp":"2025-12-07T11:47:30.187502Z","level":"info","event":"شركت بيمه ما-سهامي عام - 138350058.0 3.458","chan":"stdout","logger":"task"}
{"timestamp":"2025-12-07T11:47:30.231146Z","level":"info","event":"Failed to fetch https://cdn.tsetmc.com/api/Shareholder/34144395039913458/20251112: HTTPSConnectionPool(host='cdn.tsetmc.com', port=443): Max retries exceeded with url: /api/Shareholder/34144395039913458/20251112 (Caused by SSLError(SSLCertVerificationError(1, '[SSL: CERTIFICATE_VERIFY_FAILED] certificate verify failed: unable to get local issuer certificate (_ssl.c:1010)')))","chan":"stdout","logger":"task"}
{"timestamp":"2025-12-07T11:47:30.276153Z","level":"info","event":"شركت بيمه ما-سهامي عام - 138350058.0 3.458","chan":"stdout","logger":"task"}
{"timestamp":"2025-12-07T11:47:30.277058Z","level":"info","event":"ETFكدرزروصندوقهاي سرمايه گذاري قابل معامله 54244454.0 1.356","chan":"stdout","logger":"task"}
{"timestamp":"2025-12-07T11:47:30.277912Z","level":"info","event":"شركت بيمه ما-سهامي عام - 138350058.0 3.458","chan":"stdout","logger":"task"}
{"timestamp":"2025-12-07T11:47:30.348090Z","level":"info","event":"شركت بيمه ما-سهامي عام - 138350058.0 3.458","chan":"stdout","logger":"task"}
{"timestamp":"2025-12-07T11:47:30.348869Z","level":"info","event":"ETFكدرزروصندوقهاي سرمايه گذاري قابل معامله 54244454.0 1.356","chan":"stdout","logger":"task"}
{"timestamp":"2025-12-07T11:47:30.349561Z","level":"info","event":"شركت بيمه ما-سهامي عام - 138350058.0 3.458","chan":"stdout","logger":"task"}
{"timestamp":"2025-12-07T11:47:30.395222Z","level":"info","event":"Failed to fetch https://cdn.tsetmc.com/api/Shareholder/34144395039913458/20251115: HTTPSConnectionPool(host='cdn.tsetmc.com', port=443): Max retries exceeded with url: /api/Shareholder/34144395039913458/20251115 (Caused by SSLError(SSLCertVerificationError(1, '[SSL: CERTIFICATE_VERIFY_FAILED] certificate verify failed: unable to get local issuer certificate (_ssl.c:1010)')))","chan":"stdout","logger":"task"}
{"timestamp":"2025-12-07T11:47:30.447284Z","level":"info","event":"شركت بيمه ما-سهامي عام - 138347423.0 3.458","chan":"stdout","logger":"task"}
{"timestamp":"2025-12-07T11:47:30.448024Z","level":"info","event":"شركت بيمه ما-سهامي عام - 138347423.0 3.458","chan":"stdout","logger":"task"}
{"timestamp":"2025-12-07T11:47:30.526258Z","level":"info","event":"شركت بيمه ما-سهامي عام - 138347423.0 3.458","chan":"stdout","logger":"task"}
{"timestamp":"2025-12-07T11:47:30.526966Z","level":"info","event":"شركت بيمه ما-سهامي عام - 138347423.0 3.458","chan":"stdout","logger":"task"}
{"timestamp":"2025-12-07T11:47:30.573187Z","level":"info","event":"Failed to fetch https://cdn.tsetmc.com/api/Shareholder/34144395039913458/20251118: HTTPSConnectionPool(host='cdn.tsetmc.com', port=443): Max retries exceeded with url: /api/Shareholder/34144395039913458/20251118 (Caused by SSLError(SSLCertVerificationError(1, '[SSL: CERTIFICATE_VERIFY_FAILED] certificate verify failed: unable to get local issuer certificate (_ssl.c:1010)')))","chan":"stdout","logger":"task"}
{"timestamp":"2025-12-07T11:47:30.613444Z","level":"info","event":"شركت بيمه ما-سهامي عام - 138347423.0 3.458","chan":"stdout","logger":"task"}
{"timestamp":"2025-12-07T11:47:30.614117Z","level":"info","event":"شركت بيمه ما-سهامي عام - 138347423.0 3.458","chan":"stdout","logger":"task"}
{"timestamp":"2025-12-07T11:47:30.694878Z","level":"info","event":"شركت بيمه ما-سهامي عام - 138347423.0 3.458","chan":"stdout","logger":"task"}
{"timestamp":"2025-12-07T11:47:30.695397Z","level":"info","event":"شركت بيمه ما-سهامي عام - 138347423.0 3.458","chan":"stdout","logger":"task"}
{"timestamp":"2025-12-07T11:47:30.752731Z","level":"info","event":"Failed to fetch https://cdn.tsetmc.com/api/Shareholder/34144395039913458/20251121: HTTPSConnectionPool(host='cdn.tsetmc.com', port=443): Max retries exceeded with url: /api/Shareholder/34144395039913458/20251121 (Caused by SSLError(SSLCertVerificationError(1, '[SSL: CERTIFICATE_VERIFY_FAILED] certificate verify failed: unable to get local issuer certificate (_ssl.c:1010)')))","chan":"stdout","logger":"task"}
{"timestamp":"2025-12-07T11:47:30.813311Z","level":"info","event":"شركت بيمه ما-سهامي عام - 138347423.0 3.458","chan":"stdout","logger":"task"}
{"timestamp":"2025-12-07T11:47:30.813976Z","level":"info","event":"شركت بيمه ما-سهامي عام - 138347423.0 3.458","chan":"stdout","logger":"task"}
{"timestamp":"2025-12-07T11:47:30.882161Z","level":"info","event":"شركت بيمه ما-سهامي عام - 138347423.0 3.458","chan":"stdout","logger":"task"}
{"timestamp":"2025-12-07T11:47:30.882872Z","level":"info","event":"شركت بيمه ما-سهامي عام - 138347423.0 3.458","chan":"stdout","logger":"task"}
{"timestamp":"2025-12-07T11:47:30.929827Z","level":"info","event":"Failed to fetch https://cdn.tsetmc.com/api/Shareholder/34144395039913458/20251124: HTTPSConnectionPool(host='cdn.tsetmc.com', port=443): Max retries exceeded with url: /api/Shareholder/34144395039913458/20251124 (Caused by SSLError(SSLCertVerificationError(1, '[SSL: CERTIFICATE_VERIFY_FAILED] certificate verify failed: unable to get local issuer certificate (_ssl.c:1010)')))","chan":"stdout","logger":"task"}
{"timestamp":"2025-12-07T11:47:30.965188Z","level":"info","event":"شركت بيمه ما-سهامي عام - 138347423.0 3.458","chan":"stdout","logger":"task"}
{"timestamp":"2025-12-07T11:47:30.965857Z","level":"info","event":"شركت بيمه ما-سهامي عام - 138347423.0 3.458","chan":"stdout","logger":"task"}
{"timestamp":"2025-12-07T11:47:31.029843Z","level":"info","event":"ETFكدرزروصندوقهاي سرمايه گذاري قابل معامله 175000000.0 4.191","chan":"stdout","logger":"task"}
{"timestamp":"2025-12-07T11:47:31.030612Z","level":"info","event":"شركت بيمه ما-سهامي عام - 138347423.0 3.313","chan":"stdout","logger":"task"}
{"timestamp":"2025-12-07T11:47:31.031028Z","level":"info","event":"شركت بيمه ما-سهامي عام - 138347423.0 3.458","chan":"stdout","logger":"task"}
{"timestamp":"2025-12-07T11:47:31.082941Z","level":"info","event":"Failed to fetch https://cdn.tsetmc.com/api/Shareholder/34144395039913458/20251127: HTTPSConnectionPool(host='cdn.tsetmc.com', port=443): Max retries exceeded with url: /api/Shareholder/34144395039913458/20251127 (Caused by SSLError(SSLCertVerificationError(1, '[SSL: CERTIFICATE_VERIFY_FAILED] certificate verify failed: unable to get local issuer certificate (_ssl.c:1010)')))","chan":"stdout","logger":"task"}
{"timestamp":"2025-12-07T11:47:31.139351Z","level":"info","event":"ETFكدرزروصندوقهاي سرمايه گذاري قابل معامله 175000000.0 4.191","chan":"stdout","logger":"task"}
{"timestamp":"2025-12-07T11:47:31.139936Z","level":"info","event":"شركت بيمه ما-سهامي عام - 138347423.0 3.313","chan":"stdout","logger":"task"}
{"timestamp":"2025-12-07T11:47:31.140341Z","level":"info","event":"شركت بيمه ما-سهامي عام - 138347423.0 3.458","chan":"stdout","logger":"task"}
{"timestamp":"2025-12-07T11:47:31.212842Z","level":"info","event":"ETFكدرزروصندوقهاي سرمايه گذاري قابل معامله 175000000.0 4.191","chan":"stdout","logger":"task"}
{"timestamp":"2025-12-07T11:47:31.213494Z","level":"info","event":"شركت بيمه ما-سهامي عام - 138347423.0 3.313","chan":"stdout","logger":"task"}
{"timestamp":"2025-12-07T11:47:31.213991Z","level":"info","event":"ETFكدرزروصندوقهاي سرمايه گذاري قابل معامله 175000000.0 4.191","chan":"stdout","logger":"task"}
{"timestamp":"2025-12-07T11:47:31.214496Z","level":"info","event":"شركت بيمه ما-سهامي عام - 138347423.0 3.313","chan":"stdout","logger":"task"}
{"timestamp":"2025-12-07T11:47:31.429682Z","level":"info","event":"Failed to fetch https://cdn.tsetmc.com/api/Shareholder/34144395039913458/20251130: HTTPSConnectionPool(host='cdn.tsetmc.com', port=443): Max retries exceeded with url: /api/Shareholder/34144395039913458/20251130 (Caused by SSLError(SSLCertVerificationError(1, '[SSL: CERTIFICATE_VERIFY_FAILED] certificate verify failed: unable to get local issuer certificate (_ssl.c:1010)')))","chan":"stdout","logger":"task"}
{"timestamp":"2025-12-07T11:47:31.496865Z","level":"info","event":"ETFكدرزروصندوقهاي سرمايه گذاري قابل معامله 85944902.0 2.058","chan":"stdout","logger":"task"}
{"timestamp":"2025-12-07T11:47:31.497689Z","level":"info","event":"شركت بيمه ما-سهامي عام - 138347423.0 3.313","chan":"stdout","logger":"task"}
{"timestamp":"2025-12-07T11:47:31.498165Z","level":"info","event":"ETFكدرزروصندوقهاي سرمايه گذاري قابل معامله 129859495.0 3.11","chan":"stdout","logger":"task"}
{"timestamp":"2025-12-07T11:47:31.498624Z","level":"info","event":"شركت بيمه ما-سهامي عام - 138347423.0 3.313","chan":"stdout","logger":"task"}
{"timestamp":"2025-12-07T11:47:31.591495Z","level":"info","event":"شركت بيمه ما-سهامي عام - 138347423.0 3.313","chan":"stdout","logger":"task"}
{"timestamp":"2025-12-07T11:47:31.592310Z","level":"info","event":"ETFكدرزروصندوقهاي سرمايه گذاري قابل معامله 85944902.0 2.058","chan":"stdout","logger":"task"}
{"timestamp":"2025-12-07T11:47:31.593293Z","level":"info","event":"شركت بيمه ما-سهامي عام - 138347423.0 3.313","chan":"stdout","logger":"task"}
{"timestamp":"2025-12-07T11:47:31.639357Z","level":"info","event":"Failed to fetch https://cdn.tsetmc.com/api/Shareholder/34144395039913458/20251203: HTTPSConnectionPool(host='cdn.tsetmc.com', port=443): Max retries exceeded with url: /api/Shareholder/34144395039913458/20251203 (Caused by SSLError(SSLCertVerificationError(1, '[SSL: CERTIFICATE_VERIFY_FAILED] certificate verify failed: unable to get local issuer certificate (_ssl.c:1010)')))","chan":"stdout","logger":"task"}
{"timestamp":"2025-12-07T11:47:31.692571Z","level":"info","event":"شركت بيمه ما-سهامي عام - 138347423.0 3.313","chan":"stdout","logger":"task"}
{"timestamp":"2025-12-07T11:47:31.693570Z","level":"info","event":"شركت بيمه ما-سهامي عام - 138347423.0 3.313","chan":"stdout","logger":"task"}
{"timestamp":"2025-12-07T11:47:31.795317Z","level":"info","event":"شركت بيمه ما-سهامي عام - 138347423.0 3.313","chan":"stdout","logger":"task"}
{"timestamp":"2025-12-07T11:47:31.796379Z","level":"info","event":"شركت بيمه ما-سهامي عام - 138347423.0 3.313","chan":"stdout","logger":"task"}
{"timestamp":"2025-12-07T11:47:31.839375Z","level":"info","event":"Failed to fetch https://cdn.tsetmc.com/api/Shareholder/34144395039913458/20251206: HTTPSConnectionPool(host='cdn.tsetmc.com', port=443): Max retries exceeded with url: /api/Shareholder/34144395039913458/20251206 (Caused by SSLError(SSLCertVerificationError(1, '[SSL: CERTIFICATE_VERIFY_FAILED] certificate verify failed: unable to get local issuer certificate (_ssl.c:1010)')))","chan":"stdout","logger":"task"}
{"timestamp":"2025-12-07T11:47:31.891142Z","level":"info","event":"شركت بيمه ما-سهامي عام - 138347423.0 3.313","chan":"stdout","logger":"task"}
{"timestamp":"2025-12-07T11:47:31.993222Z","level":"info","event":"شركت سرمايه گذاري ملي ايران -سهامي عام - 4396591595.0 2.035","chan":"stdout","logger":"task"}
{"timestamp":"2025-12-07T11:47:31.994026Z","level":"info","event":"صندوق بيمه عمروحوادث نيروهاي مسلح 34401229389.0 15.926","chan":"stdout","logger":"task"}
{"timestamp":"2025-12-07T11:47:31.994672Z","level":"info","event":"شركت بيمه مركزي جمهوري اسلامي ايران 2246894586.0 1.04","chan":"stdout","logger":"task"}
{"timestamp":"2025-12-07T11:47:31.995388Z","level":"info","event":"صندوق بازنشستگي نيروهاي مسلح 40611697809.0 18.801","chan":"stdout","logger":"task"}
{"timestamp":"2025-12-07T11:47:31.996289Z","level":"info","event":"موسسه صندوق بيمه اجتماعي روستائيان وعشاير 9440129361.0 4.37","chan":"stdout","logger":"task"}
{"timestamp":"2025-12-07T11:47:31.997067Z","level":"info","event":"شركت سرمايه گذاري تجاري شستان -س .خ - 31410392019.0 14.541","chan":"stdout","logger":"task"}
{"timestamp":"2025-12-07T11:47:31.997692Z","level":"info","event":"موسسه صندوق بازنشستگي  ،وظيفه  ،ازكارافتادگي وپ 55807104080.0 25.836","chan":"stdout","logger":"task"}
{"timestamp":"2025-12-07T11:47:31.998273Z","level":"info","event":"شركت واسط مالي مرداد-بامسئوليت محدود- 4576659039.0 2.118","chan":"stdout","logger":"task"}
{"timestamp":"2025-12-07T11:47:31.998815Z","level":"info","event":"شركت سرمايه گذاري ملي ايران -سهامي عام - 4396591595.0 2.035","chan":"stdout","logger":"task"}
{"timestamp":"2025-12-07T11:47:31.999239Z","level":"info","event":"صندوق بيمه عمروحوادث نيروهاي مسلح 34401229389.0 15.926","chan":"stdout","logger":"task"}
{"timestamp":"2025-12-07T11:47:31.999661Z","level":"info","event":"شركت بيمه مركزي جمهوري اسلامي ايران 2246894586.0 1.04","chan":"stdout","logger":"task"}
{"timestamp":"2025-12-07T11:47:32.000254Z","level":"info","event":"صندوق بازنشستگي نيروهاي مسلح 40611697809.0 18.801","chan":"stdout","logger":"task"}
{"timestamp":"2025-12-07T11:47:32.000785Z","level":"info","event":"موسسه صندوق بيمه اجتماعي روستائيان وعشاير 9440129361.0 4.37","chan":"stdout","logger":"task"}
{"timestamp":"2025-12-07T11:47:32.001272Z","level":"info","event":"شركت سرمايه گذاري تجاري شستان -س .خ - 31410392019.0 14.541","chan":"stdout","logger":"task"}
{"timestamp":"2025-12-07T11:47:32.001820Z","level":"info","event":"موسسه صندوق بازنشستگي  ،وظيفه  ،ازكارافتادگي وپ 55807104080.0 25.836","chan":"stdout","logger":"task"}
{"timestamp":"2025-12-07T11:47:32.002349Z","level":"info","event":"شركت واسط مالي مرداد-بامسئوليت محدود- 4576659039.0 2.118","chan":"stdout","logger":"task"}
{"timestamp":"2025-12-07T11:47:32.044360Z","level":"info","event":"Failed to fetch https://cdn.tsetmc.com/api/Shareholder/26014913469567886/20251108: HTTPSConnectionPool(host='cdn.tsetmc.com', port=443): Max retries exceeded with url: /api/Shareholder/26014913469567886/20251108 (Caused by SSLError(SSLCertVerificationError(1, '[SSL: CERTIFICATE_VERIFY_FAILED] certificate verify failed: unable to get local issuer certificate (_ssl.c:1010)')))","chan":"stdout","logger":"task"}
{"timestamp":"2025-12-07T11:47:32.097443Z","level":"info","event":"صندوق بيمه عمروحوادث نيروهاي مسلح 34401229389.0 15.926","chan":"stdout","logger":"task"}
{"timestamp":"2025-12-07T11:47:32.097951Z","level":"info","event":"شركت سرمايه گذاري ملي ايران -سهامي عام - 4396591595.0 2.035","chan":"stdout","logger":"task"}
{"timestamp":"2025-12-07T11:47:32.098434Z","level":"info","event":"شركت واسط مالي مرداد-بامسئوليت محدود- 4576659039.0 2.118","chan":"stdout","logger":"task"}
{"timestamp":"2025-12-07T11:47:32.098864Z","level":"info","event":"صندوق بازنشستگي نيروهاي مسلح 40611697809.0 18.801","chan":"stdout","logger":"task"}
{"timestamp":"2025-12-07T11:47:32.099635Z","level":"info","event":"شركت بيمه مركزي جمهوري اسلامي ايران 2246894586.0 1.04","chan":"stdout","logger":"task"}
{"timestamp":"2025-12-07T11:47:32.100287Z","level":"info","event":"شركت سرمايه گذاري تجاري شستان -س .خ - 31410392019.0 14.541","chan":"stdout","logger":"task"}
{"timestamp":"2025-12-07T11:47:32.100910Z","level":"info","event":"موسسه صندوق بازنشستگي  ،وظيفه  ،ازكارافتادگي وپ 55807104080.0 25.836","chan":"stdout","logger":"task"}
{"timestamp":"2025-12-07T11:47:32.101425Z","level":"info","event":"موسسه صندوق بيمه اجتماعي روستائيان وعشاير 9440129361.0 4.37","chan":"stdout","logger":"task"}
{"timestamp":"2025-12-07T11:47:32.101894Z","level":"info","event":"موسسه صندوق بازنشستگي  ،وظيفه  ،ازكارافتادگي وپ 55807104080.0 25.836","chan":"stdout","logger":"task"}
{"timestamp":"2025-12-07T11:47:32.102322Z","level":"info","event":"صندوق بيمه عمروحوادث نيروهاي مسلح 34401229389.0 15.926","chan":"stdout","logger":"task"}
{"timestamp":"2025-12-07T11:47:32.102865Z","level":"info","event":"شركت سرمايه گذاري ملي ايران -سهامي عام - 4396591595.0 2.035","chan":"stdout","logger":"task"}
{"timestamp":"2025-12-07T11:47:32.103343Z","level":"info","event":"شركت بيمه مركزي جمهوري اسلامي ايران 2246894586.0 1.04","chan":"stdout","logger":"task"}
{"timestamp":"2025-12-07T11:47:32.103807Z","level":"info","event":"شركت سرمايه گذاري تجاري شستان -س .خ - 31410392019.0 14.541","chan":"stdout","logger":"task"}
{"timestamp":"2025-12-07T11:47:32.104462Z","level":"info","event":"شركت واسط مالي مرداد-بامسئوليت محدود- 4576659039.0 2.118","chan":"stdout","logger":"task"}
{"timestamp":"2025-12-07T11:47:32.105050Z","level":"info","event":"موسسه صندوق بيمه اجتماعي روستائيان وعشاير 9440129361.0 4.37","chan":"stdout","logger":"task"}
{"timestamp":"2025-12-07T11:47:32.105625Z","level":"info","event":"صندوق بازنشستگي نيروهاي مسلح 40611697809.0 18.801","chan":"stdout","logger":"task"}
{"timestamp":"2025-12-07T11:47:32.191512Z","level":"info","event":"شركت سرمايه گذاري ملي ايران -سهامي عام - 4396591595.0 2.035","chan":"stdout","logger":"task"}
{"timestamp":"2025-12-07T11:47:32.192095Z","level":"info","event":"صندوق بيمه عمروحوادث نيروهاي مسلح 34401229389.0 15.926","chan":"stdout","logger":"task"}
{"timestamp":"2025-12-07T11:47:32.192893Z","level":"info","event":"شركت بيمه مركزي جمهوري اسلامي ايران 2246894586.0 1.04","chan":"stdout","logger":"task"}
{"timestamp":"2025-12-07T11:47:32.193749Z","level":"info","event":"صندوق بازنشستگي نيروهاي مسلح 40611697809.0 18.801","chan":"stdout","logger":"task"}
{"timestamp":"2025-12-07T11:47:32.194587Z","level":"info","event":"موسسه صندوق بيمه اجتماعي روستائيان وعشاير 9440129361.0 4.37","chan":"stdout","logger":"task"}
{"timestamp":"2025-12-07T11:47:32.195452Z","level":"info","event":"شركت سرمايه گذاري تجاري شستان -س .خ - 31410392019.0 14.541","chan":"stdout","logger":"task"}
{"timestamp":"2025-12-07T11:47:32.196277Z","level":"info","event":"موسسه صندوق بازنشستگي  ،وظيفه  ،ازكارافتادگي وپ 55807104080.0 25.836","chan":"stdout","logger":"task"}
{"timestamp":"2025-12-07T11:47:32.197014Z","level":"info","event":"شركت واسط مالي مرداد-بامسئوليت محدود- 4576659039.0 2.118","chan":"stdout","logger":"task"}
{"timestamp":"2025-12-07T11:47:32.197672Z","level":"info","event":"شركت سرمايه گذاري ملي ايران -سهامي عام - 4396591595.0 2.035","chan":"stdout","logger":"task"}
{"timestamp":"2025-12-07T11:47:32.198174Z","level":"info","event":"صندوق بيمه عمروحوادث نيروهاي مسلح 34401229389.0 15.926","chan":"stdout","logger":"task"}
{"timestamp":"2025-12-07T11:47:32.198604Z","level":"info","event":"شركت بيمه مركزي جمهوري اسلامي ايران 2246894586.0 1.04","chan":"stdout","logger":"task"}
{"timestamp":"2025-12-07T11:47:32.199054Z","level":"info","event":"صندوق بازنشستگي نيروهاي مسلح 40611697809.0 18.801","chan":"stdout","logger":"task"}
{"timestamp":"2025-12-07T11:47:32.199476Z","level":"info","event":"موسسه صندوق بيمه اجتماعي روستائيان وعشاير 9440129361.0 4.37","chan":"stdout","logger":"task"}
{"timestamp":"2025-12-07T11:47:32.200005Z","level":"info","event":"شركت سرمايه گذاري تجاري شستان -س .خ - 31410392019.0 14.541","chan":"stdout","logger":"task"}
{"timestamp":"2025-12-07T11:47:32.200607Z","level":"info","event":"موسسه صندوق بازنشستگي  ،وظيفه  ،ازكارافتادگي وپ 55807104080.0 25.836","chan":"stdout","logger":"task"}
{"timestamp":"2025-12-07T11:47:32.201177Z","level":"info","event":"شركت واسط مالي مرداد-بامسئوليت محدود- 4576659039.0 2.118","chan":"stdout","logger":"task"}
{"timestamp":"2025-12-07T11:47:32.233699Z","level":"info","event":"Failed to fetch https://cdn.tsetmc.com/api/Shareholder/26014913469567886/20251111: HTTPSConnectionPool(host='cdn.tsetmc.com', port=443): Max retries exceeded with url: /api/Shareholder/26014913469567886/20251111 (Caused by SSLError(SSLCertVerificationError(1, '[SSL: CERTIFICATE_VERIFY_FAILED] certificate verify failed: unable to get local issuer certificate (_ssl.c:1010)')))","chan":"stdout","logger":"task"}
{"timestamp":"2025-12-07T11:47:32.300689Z","level":"info","event":"صندوق بيمه عمروحوادث نيروهاي مسلح 34401229389.0 15.926","chan":"stdout","logger":"task"}
{"timestamp":"2025-12-07T11:47:32.301293Z","level":"info","event":"شركت بيمه مركزي جمهوري اسلامي ايران 2246894586.0 1.04","chan":"stdout","logger":"task"}
{"timestamp":"2025-12-07T11:47:32.301815Z","level":"info","event":"شركت واسط مالي مرداد-بامسئوليت محدود- 4576659039.0 2.118","chan":"stdout","logger":"task"}
{"timestamp":"2025-12-07T11:47:32.304372Z","level":"info","event":"صندوق بازنشستگي نيروهاي مسلح 40611697809.0 18.801","chan":"stdout","logger":"task"}
{"timestamp":"2025-12-07T11:47:32.304964Z","level":"info","event":"شركت سرمايه گذاري تجاري شستان -س .خ - 31410392019.0 14.541","chan":"stdout","logger":"task"}
{"timestamp":"2025-12-07T11:47:32.305434Z","level":"info","event":"موسسه صندوق بازنشستگي  ،وظيفه  ،ازكارافتادگي وپ 55807104080.0 25.836","chan":"stdout","logger":"task"}
{"timestamp":"2025-12-07T11:47:32.305861Z","level":"info","event":"موسسه صندوق بيمه اجتماعي روستائيان وعشاير 9440129361.0 4.37","chan":"stdout","logger":"task"}
{"timestamp":"2025-12-07T11:47:32.306297Z","level":"info","event":"شركت سرمايه گذاري ملي ايران -سهامي عام - 4396591595.0 2.035","chan":"stdout","logger":"task"}
{"timestamp":"2025-12-07T11:47:32.306727Z","level":"info","event":"شركت سرمايه گذاري تجاري شستان -س .خ - 31410392019.0 14.541","chan":"stdout","logger":"task"}
{"timestamp":"2025-12-07T11:47:32.307162Z","level":"info","event":"شركت بيمه مركزي جمهوري اسلامي ايران 2246894586.0 1.04","chan":"stdout","logger":"task"}
{"timestamp":"2025-12-07T11:47:32.307583Z","level":"info","event":"موسسه صندوق بيمه اجتماعي روستائيان وعشاير 9440129361.0 4.37","chan":"stdout","logger":"task"}
{"timestamp":"2025-12-07T11:47:32.308038Z","level":"info","event":"شركت سرمايه گذاري ملي ايران -سهامي عام - 4396591595.0 2.035","chan":"stdout","logger":"task"}
{"timestamp":"2025-12-07T11:47:32.308432Z","level":"info","event":"موسسه صندوق بازنشستگي  ،وظيفه  ،ازكارافتادگي وپ 55807104080.0 25.836","chan":"stdout","logger":"task"}
{"timestamp":"2025-12-07T11:47:32.308947Z","level":"info","event":"صندوق بازنشستگي نيروهاي مسلح 40611697809.0 18.801","chan":"stdout","logger":"task"}
{"timestamp":"2025-12-07T11:47:32.309568Z","level":"info","event":"صندوق بيمه عمروحوادث نيروهاي مسلح 34401229389.0 15.926","chan":"stdout","logger":"task"}
{"timestamp":"2025-12-07T11:47:32.310279Z","level":"info","event":"شركت واسط مالي مرداد-بامسئوليت محدود- 4576659039.0 2.118","chan":"stdout","logger":"task"}
{"timestamp":"2025-12-07T11:47:32.400821Z","level":"info","event":"شركت سرمايه گذاري ملي ايران -سهامي عام - 4396591595.0 2.035","chan":"stdout","logger":"task"}
{"timestamp":"2025-12-07T11:47:32.401559Z","level":"info","event":"صندوق بيمه عمروحوادث نيروهاي مسلح 34401229389.0 15.926","chan":"stdout","logger":"task"}
{"timestamp":"2025-12-07T11:47:32.402142Z","level":"info","event":"شركت بيمه مركزي جمهوري اسلامي ايران 2246894586.0 1.04","chan":"stdout","logger":"task"}
{"timestamp":"2025-12-07T11:47:32.403276Z","level":"info","event":"صندوق بازنشستگي نيروهاي مسلح 40611697809.0 18.801","chan":"stdout","logger":"task"}
{"timestamp":"2025-12-07T11:47:32.404070Z","level":"info","event":"موسسه صندوق بيمه اجتماعي روستائيان وعشاير 9440129361.0 4.37","chan":"stdout","logger":"task"}
{"timestamp":"2025-12-07T11:47:32.404914Z","level":"info","event":"شركت سرمايه گذاري تجاري شستان -س .خ - 31410392019.0 14.541","chan":"stdout","logger":"task"}
{"timestamp":"2025-12-07T11:47:32.405660Z","level":"info","event":"موسسه صندوق بازنشستگي  ،وظيفه  ،ازكارافتادگي وپ 55807104080.0 25.836","chan":"stdout","logger":"task"}
{"timestamp":"2025-12-07T11:47:32.406285Z","level":"info","event":"شركت واسط مالي مرداد-بامسئوليت محدود- 4576659039.0 2.118","chan":"stdout","logger":"task"}
{"timestamp":"2025-12-07T11:47:32.406958Z","level":"info","event":"شركت سرمايه گذاري ملي ايران -سهامي عام - 4396591595.0 2.035","chan":"stdout","logger":"task"}
{"timestamp":"2025-12-07T11:47:32.407512Z","level":"info","event":"صندوق بيمه عمروحوادث نيروهاي مسلح 34401229389.0 15.926","chan":"stdout","logger":"task"}
{"timestamp":"2025-12-07T11:47:32.408077Z","level":"info","event":"شركت بيمه مركزي جمهوري اسلامي ايران 2246894586.0 1.04","chan":"stdout","logger":"task"}
{"timestamp":"2025-12-07T11:47:32.408695Z","level":"info","event":"صندوق بازنشستگي نيروهاي مسلح 40611697809.0 18.801","chan":"stdout","logger":"task"}
{"timestamp":"2025-12-07T11:47:32.409821Z","level":"info","event":"موسسه صندوق بيمه اجتماعي روستائيان وعشاير 9440129361.0 4.37","chan":"stdout","logger":"task"}
{"timestamp":"2025-12-07T11:47:32.410846Z","level":"info","event":"شركت سرمايه گذاري تجاري شستان -س .خ - 31410392019.0 14.541","chan":"stdout","logger":"task"}
{"timestamp":"2025-12-07T11:47:32.411679Z","level":"info","event":"موسسه صندوق بازنشستگي  ،وظيفه  ،ازكارافتادگي وپ 55807104080.0 25.836","chan":"stdout","logger":"task"}
{"timestamp":"2025-12-07T11:47:32.412487Z","level":"info","event":"شركت واسط مالي مرداد-بامسئوليت محدود- 4576659039.0 2.118","chan":"stdout","logger":"task"}
{"timestamp":"2025-12-07T11:47:32.452289Z","level":"info","event":"Failed to fetch https://cdn.tsetmc.com/api/Shareholder/26014913469567886/20251114: HTTPSConnectionPool(host='cdn.tsetmc.com', port=443): Max retries exceeded with url: /api/Shareholder/26014913469567886/20251114 (Caused by SSLError(SSLCertVerificationError(1, '[SSL: CERTIFICATE_VERIFY_FAILED] certificate verify failed: unable to get local issuer certificate (_ssl.c:1010)')))","chan":"stdout","logger":"task"}
{"timestamp":"2025-12-07T11:47:32.503803Z","level":"info","event":"صندوق بازنشستگي نيروهاي مسلح 40611697809.0 18.801","chan":"stdout","logger":"task"}
{"timestamp":"2025-12-07T11:47:32.504419Z","level":"info","event":"شركت سرمايه گذاري تجاري شستان -س .خ - 31410392019.0 14.541","chan":"stdout","logger":"task"}
{"timestamp":"2025-12-07T11:47:32.504794Z","level":"info","event":"شركت بيمه مركزي جمهوري اسلامي ايران 2246894586.0 1.04","chan":"stdout","logger":"task"}
{"timestamp":"2025-12-07T11:47:32.505483Z","level":"info","event":"صندوق بيمه عمروحوادث نيروهاي مسلح 34401229389.0 15.926","chan":"stdout","logger":"task"}
{"timestamp":"2025-12-07T11:47:32.505945Z","level":"info","event":"شركت واسط مالي مرداد-بامسئوليت محدود- 4576659039.0 2.118","chan":"stdout","logger":"task"}
{"timestamp":"2025-12-07T11:47:32.506444Z","level":"info","event":"موسسه صندوق بازنشستگي  ،وظيفه  ،ازكارافتادگي وپ 55807104080.0 25.836","chan":"stdout","logger":"task"}
{"timestamp":"2025-12-07T11:47:32.506830Z","level":"info","event":"شركت سرمايه گذاري ملي ايران -سهامي عام - 4396591595.0 2.035","chan":"stdout","logger":"task"}
{"timestamp":"2025-12-07T11:47:32.507150Z","level":"info","event":"موسسه صندوق بيمه اجتماعي روستائيان وعشاير 9440129361.0 4.37","chan":"stdout","logger":"task"}
{"timestamp":"2025-12-07T11:47:32.507431Z","level":"info","event":"صندوق بيمه عمروحوادث نيروهاي مسلح 34401229389.0 15.926","chan":"stdout","logger":"task"}
{"timestamp":"2025-12-07T11:47:32.507753Z","level":"info","event":"شركت بيمه مركزي جمهوري اسلامي ايران 2246894586.0 1.04","chan":"stdout","logger":"task"}
{"timestamp":"2025-12-07T11:47:32.508241Z","level":"info","event":"شركت واسط مالي مرداد-بامسئوليت محدود- 4576659039.0 2.118","chan":"stdout","logger":"task"}
{"timestamp":"2025-12-07T11:47:32.508694Z","level":"info","event":"صندوق بازنشستگي نيروهاي مسلح 40611697809.0 18.801","chan":"stdout","logger":"task"}
{"timestamp":"2025-12-07T11:47:32.509488Z","level":"info","event":"شركت سرمايه گذاري تجاري شستان -س .خ - 31410392019.0 14.541","chan":"stdout","logger":"task"}
{"timestamp":"2025-12-07T11:47:32.510348Z","level":"info","event":"موسسه صندوق بازنشستگي  ،وظيفه  ،ازكارافتادگي وپ 55807104080.0 25.836","chan":"stdout","logger":"task"}
{"timestamp":"2025-12-07T11:47:32.511403Z","level":"info","event":"موسسه صندوق بيمه اجتماعي روستائيان وعشاير 9440129361.0 4.37","chan":"stdout","logger":"task"}
{"timestamp":"2025-12-07T11:47:32.512133Z","level":"info","event":"شركت سرمايه گذاري ملي ايران -سهامي عام - 4396591595.0 2.035","chan":"stdout","logger":"task"}
{"timestamp":"2025-12-07T11:47:32.586046Z","level":"info","event":"شركت سرمايه گذاري ملي ايران -سهامي عام - 4396591595.0 2.035","chan":"stdout","logger":"task"}
{"timestamp":"2025-12-07T11:47:32.586678Z","level":"info","event":"صندوق بيمه عمروحوادث نيروهاي مسلح 34401229389.0 15.926","chan":"stdout","logger":"task"}
{"timestamp":"2025-12-07T11:47:32.587094Z","level":"info","event":"شركت بيمه مركزي جمهوري اسلامي ايران 2256194586.0 1.044","chan":"stdout","logger":"task"}
{"timestamp":"2025-12-07T11:47:32.587751Z","level":"info","event":"صندوق بازنشستگي نيروهاي مسلح 40611697809.0 18.801","chan":"stdout","logger":"task"}
{"timestamp":"2025-12-07T11:47:32.588608Z","level":"info","event":"موسسه صندوق بيمه اجتماعي روستائيان وعشاير 9440129361.0 4.37","chan":"stdout","logger":"task"}
{"timestamp":"2025-12-07T11:47:32.589037Z","level":"info","event":"شركت سرمايه گذاري تجاري شستان -س .خ - 31410392019.0 14.541","chan":"stdout","logger":"task"}
{"timestamp":"2025-12-07T11:47:32.589344Z","level":"info","event":"موسسه صندوق بازنشستگي  ،وظيفه  ،ازكارافتادگي وپ 55807104080.0 25.836","chan":"stdout","logger":"task"}
{"timestamp":"2025-12-07T11:47:32.589641Z","level":"info","event":"شركت واسط مالي مرداد-بامسئوليت محدود- 4576659039.0 2.118","chan":"stdout","logger":"task"}
{"timestamp":"2025-12-07T11:47:32.589917Z","level":"info","event":"شركت سرمايه گذاري ملي ايران -سهامي عام - 4396591595.0 2.035","chan":"stdout","logger":"task"}
{"timestamp":"2025-12-07T11:47:32.590197Z","level":"info","event":"صندوق بيمه عمروحوادث نيروهاي مسلح 34401229389.0 15.926","chan":"stdout","logger":"task"}
{"timestamp":"2025-12-07T11:47:32.590495Z","level":"info","event":"شركت بيمه مركزي جمهوري اسلامي ايران 2246894586.0 1.04","chan":"stdout","logger":"task"}
{"timestamp":"2025-12-07T11:47:32.590854Z","level":"info","event":"صندوق بازنشستگي نيروهاي مسلح 40611697809.0 18.801","chan":"stdout","logger":"task"}
{"timestamp":"2025-12-07T11:47:32.591215Z","level":"info","event":"موسسه صندوق بيمه اجتماعي روستائيان وعشاير 9440129361.0 4.37","chan":"stdout","logger":"task"}
{"timestamp":"2025-12-07T11:47:32.591468Z","level":"info","event":"شركت سرمايه گذاري تجاري شستان -س .خ - 31410392019.0 14.541","chan":"stdout","logger":"task"}
{"timestamp":"2025-12-07T11:47:32.591848Z","level":"info","event":"موسسه صندوق بازنشستگي  ،وظيفه  ،ازكارافتادگي وپ 55807104080.0 25.836","chan":"stdout","logger":"task"}
{"timestamp":"2025-12-07T11:47:32.592192Z","level":"info","event":"شركت واسط مالي مرداد-بامسئوليت محدود- 4576659039.0 2.118","chan":"stdout","logger":"task"}
{"timestamp":"2025-12-07T11:47:32.637380Z","level":"info","event":"Failed to fetch https://cdn.tsetmc.com/api/Shareholder/26014913469567886/20251117: HTTPSConnectionPool(host='cdn.tsetmc.com', port=443): Max retries exceeded with url: /api/Shareholder/26014913469567886/20251117 (Caused by SSLError(SSLCertVerificationError(1, '[SSL: CERTIFICATE_VERIFY_FAILED] certificate verify failed: unable to get local issuer certificate (_ssl.c:1010)')))","chan":"stdout","logger":"task"}
{"timestamp":"2025-12-07T11:47:32.698013Z","level":"info","event":"صندوق بيمه عمروحوادث نيروهاي مسلح 34401229389.0 15.926","chan":"stdout","logger":"task"}
{"timestamp":"2025-12-07T11:47:32.698652Z","level":"info","event":"شركت بيمه مركزي جمهوري اسلامي ايران 2265294586.0 1.048","chan":"stdout","logger":"task"}
{"timestamp":"2025-12-07T11:47:32.699048Z","level":"info","event":"شركت واسط مالي مرداد-بامسئوليت محدود- 4576659039.0 2.118","chan":"stdout","logger":"task"}
{"timestamp":"2025-12-07T11:47:32.699450Z","level":"info","event":"صندوق بازنشستگي نيروهاي مسلح 40611697809.0 18.801","chan":"stdout","logger":"task"}
{"timestamp":"2025-12-07T11:47:32.699976Z","level":"info","event":"شركت سرمايه گذاري ملي ايران -سهامي عام - 4396591595.0 2.035","chan":"stdout","logger":"task"}
{"timestamp":"2025-12-07T11:47:32.700611Z","level":"info","event":"موسسه صندوق بازنشستگي  ،وظيفه  ،ازكارافتادگي وپ 55807104080.0 25.836","chan":"stdout","logger":"task"}
{"timestamp":"2025-12-07T11:47:32.701248Z","level":"info","event":"موسسه صندوق بيمه اجتماعي روستائيان وعشاير 9440129361.0 4.37","chan":"stdout","logger":"task"}
{"timestamp":"2025-12-07T11:47:32.702146Z","level":"info","event":"شركت سرمايه گذاري تجاري شستان -س .خ - 31410392019.0 14.541","chan":"stdout","logger":"task"}
{"timestamp":"2025-12-07T11:47:32.702551Z","level":"info","event":"موسسه صندوق بيمه اجتماعي روستائيان وعشاير 9440129361.0 4.37","chan":"stdout","logger":"task"}
{"timestamp":"2025-12-07T11:47:32.702904Z","level":"info","event":"صندوق بيمه عمروحوادث نيروهاي مسلح 34401229389.0 15.926","chan":"stdout","logger":"task"}
{"timestamp":"2025-12-07T11:47:32.703198Z","level":"info","event":"صندوق بازنشستگي نيروهاي مسلح 40611697809.0 18.801","chan":"stdout","logger":"task"}
{"timestamp":"2025-12-07T11:47:32.703561Z","level":"info","event":"موسسه صندوق بازنشستگي  ،وظيفه  ،ازكارافتادگي وپ 55807104080.0 25.836","chan":"stdout","logger":"task"}
{"timestamp":"2025-12-07T11:47:32.703886Z","level":"info","event":"شركت سرمايه گذاري ملي ايران -سهامي عام - 4396591595.0 2.035","chan":"stdout","logger":"task"}
{"timestamp":"2025-12-07T11:47:32.704229Z","level":"info","event":"شركت بيمه مركزي جمهوري اسلامي ايران 2256194586.0 1.044","chan":"stdout","logger":"task"}
{"timestamp":"2025-12-07T11:47:32.704585Z","level":"info","event":"شركت سرمايه گذاري تجاري شستان -س .خ - 31410392019.0 14.541","chan":"stdout","logger":"task"}
{"timestamp":"2025-12-07T11:47:32.704903Z","level":"info","event":"شركت واسط مالي مرداد-بامسئوليت محدود- 4576659039.0 2.118","chan":"stdout","logger":"task"}
{"timestamp":"2025-12-07T11:47:32.785244Z","level":"info","event":"شركت سرمايه گذاري ملي ايران -سهامي عام - 4396591595.0 2.035","chan":"stdout","logger":"task"}
{"timestamp":"2025-12-07T11:47:32.785819Z","level":"info","event":"صندوق بيمه عمروحوادث نيروهاي مسلح 34401229389.0 15.926","chan":"stdout","logger":"task"}
{"timestamp":"2025-12-07T11:47:32.786249Z","level":"info","event":"شركت بيمه مركزي جمهوري اسلامي ايران 2265294586.0 1.048","chan":"stdout","logger":"task"}
{"timestamp":"2025-12-07T11:47:32.786609Z","level":"info","event":"صندوق بازنشستگي نيروهاي مسلح 40611697809.0 18.801","chan":"stdout","logger":"task"}
{"timestamp":"2025-12-07T11:47:32.787161Z","level":"info","event":"موسسه صندوق بيمه اجتماعي روستائيان وعشاير 9440129361.0 4.37","chan":"stdout","logger":"task"}
{"timestamp":"2025-12-07T11:47:32.787773Z","level":"info","event":"شركت سرمايه گذاري تجاري شستان -س .خ - 31410392019.0 14.541","chan":"stdout","logger":"task"}
{"timestamp":"2025-12-07T11:47:32.788283Z","level":"info","event":"موسسه صندوق بازنشستگي  ،وظيفه  ،ازكارافتادگي وپ 55807104080.0 25.836","chan":"stdout","logger":"task"}
{"timestamp":"2025-12-07T11:47:32.788767Z","level":"info","event":"شركت واسط مالي مرداد-بامسئوليت محدود- 4576659039.0 2.118","chan":"stdout","logger":"task"}
{"timestamp":"2025-12-07T11:47:32.789229Z","level":"info","event":"شركت سرمايه گذاري ملي ايران -سهامي عام - 4396591595.0 2.035","chan":"stdout","logger":"task"}
{"timestamp":"2025-12-07T11:47:32.789662Z","level":"info","event":"صندوق بيمه عمروحوادث نيروهاي مسلح 34401229389.0 15.926","chan":"stdout","logger":"task"}
{"timestamp":"2025-12-07T11:47:32.790045Z","level":"info","event":"شركت بيمه مركزي جمهوري اسلامي ايران 2265294586.0 1.048","chan":"stdout","logger":"task"}
{"timestamp":"2025-12-07T11:47:32.790443Z","level":"info","event":"صندوق بازنشستگي نيروهاي مسلح 40611697809.0 18.801","chan":"stdout","logger":"task"}
{"timestamp":"2025-12-07T11:47:32.790838Z","level":"info","event":"موسسه صندوق بيمه اجتماعي روستائيان وعشاير 9440129361.0 4.37","chan":"stdout","logger":"task"}
{"timestamp":"2025-12-07T11:47:32.791191Z","level":"info","event":"شركت سرمايه گذاري تجاري شستان -س .خ - 31410392019.0 14.541","chan":"stdout","logger":"task"}
{"timestamp":"2025-12-07T11:47:32.791699Z","level":"info","event":"موسسه صندوق بازنشستگي  ،وظيفه  ،ازكارافتادگي وپ 55807104080.0 25.836","chan":"stdout","logger":"task"}
{"timestamp":"2025-12-07T11:47:32.792133Z","level":"info","event":"شركت واسط مالي مرداد-بامسئوليت محدود- 4576659039.0 2.118","chan":"stdout","logger":"task"}
{"timestamp":"2025-12-07T11:47:32.843064Z","level":"info","event":"Failed to fetch https://cdn.tsetmc.com/api/Shareholder/26014913469567886/20251120: HTTPSConnectionPool(host='cdn.tsetmc.com', port=443): Max retries exceeded with url: /api/Shareholder/26014913469567886/20251120 (Caused by SSLError(SSLCertVerificationError(1, '[SSL: CERTIFICATE_VERIFY_FAILED] certificate verify failed: unable to get local issuer certificate (_ssl.c:1010)')))","chan":"stdout","logger":"task"}
{"timestamp":"2025-12-07T11:47:32.892881Z","level":"info","event":"موسسه صندوق بازنشستگي  ،وظيفه  ،ازكارافتادگي وپ 55807104080.0 25.836","chan":"stdout","logger":"task"}
{"timestamp":"2025-12-07T11:47:32.893677Z","level":"info","event":"شركت سرمايه گذاري ملي ايران -سهامي عام - 4396591595.0 2.035","chan":"stdout","logger":"task"}
{"timestamp":"2025-12-07T11:47:32.894502Z","level":"info","event":"شركت واسط مالي مرداد-بامسئوليت محدود- 4576659039.0 2.118","chan":"stdout","logger":"task"}
{"timestamp":"2025-12-07T11:47:32.896795Z","level":"info","event":"موسسه صندوق بيمه اجتماعي روستائيان وعشاير 9440129361.0 4.37","chan":"stdout","logger":"task"}
{"timestamp":"2025-12-07T11:47:32.897709Z","level":"info","event":"شركت سرمايه گذاري تجاري شستان -س .خ - 31410392019.0 14.541","chan":"stdout","logger":"task"}
{"timestamp":"2025-12-07T11:47:32.898502Z","level":"info","event":"شركت بيمه مركزي جمهوري اسلامي ايران 2265294586.0 1.048","chan":"stdout","logger":"task"}
{"timestamp":"2025-12-07T11:47:32.899569Z","level":"info","event":"صندوق بازنشستگي نيروهاي مسلح 40611697809.0 18.801","chan":"stdout","logger":"task"}
{"timestamp":"2025-12-07T11:47:32.900294Z","level":"info","event":"صندوق بيمه عمروحوادث نيروهاي مسلح 34401229389.0 15.926","chan":"stdout","logger":"task"}
{"timestamp":"2025-12-07T11:47:32.900813Z","level":"info","event":"صندوق بيمه عمروحوادث نيروهاي مسلح 34401229389.0 15.926","chan":"stdout","logger":"task"}
{"timestamp":"2025-12-07T11:47:32.901345Z","level":"info","event":"شركت بيمه مركزي جمهوري اسلامي ايران 2265294586.0 1.048","chan":"stdout","logger":"task"}
{"timestamp":"2025-12-07T11:47:32.901922Z","level":"info","event":"شركت واسط مالي مرداد-بامسئوليت محدود- 4576659039.0 2.118","chan":"stdout","logger":"task"}
{"timestamp":"2025-12-07T11:47:32.902491Z","level":"info","event":"صندوق بازنشستگي نيروهاي مسلح 40611697809.0 18.801","chan":"stdout","logger":"task"}
{"timestamp":"2025-12-07T11:47:32.903138Z","level":"info","event":"شركت سرمايه گذاري ملي ايران -سهامي عام - 4396591595.0 2.035","chan":"stdout","logger":"task"}
{"timestamp":"2025-12-07T11:47:32.904413Z","level":"info","event":"موسسه صندوق بازنشستگي  ،وظيفه  ،ازكارافتادگي وپ 55807104080.0 25.836","chan":"stdout","logger":"task"}
{"timestamp":"2025-12-07T11:47:32.905085Z","level":"info","event":"موسسه صندوق بيمه اجتماعي روستائيان وعشاير 9440129361.0 4.37","chan":"stdout","logger":"task"}
{"timestamp":"2025-12-07T11:47:32.905722Z","level":"info","event":"شركت سرمايه گذاري تجاري شستان -س .خ - 31410392019.0 14.541","chan":"stdout","logger":"task"}
{"timestamp":"2025-12-07T11:47:33.001194Z","level":"info","event":"شركت سرمايه گذاري ملي ايران -سهامي عام - 4396591595.0 2.035","chan":"stdout","logger":"task"}
{"timestamp":"2025-12-07T11:47:33.001877Z","level":"info","event":"صندوق بيمه عمروحوادث نيروهاي مسلح 34401229389.0 15.926","chan":"stdout","logger":"task"}
{"timestamp":"2025-12-07T11:47:33.002414Z","level":"info","event":"شركت بيمه مركزي جمهوري اسلامي ايران 2265294586.0 1.048","chan":"stdout","logger":"task"}
{"timestamp":"2025-12-07T11:47:33.003849Z","level":"info","event":"صندوق بازنشستگي نيروهاي مسلح 40611697809.0 18.801","chan":"stdout","logger":"task"}
{"timestamp":"2025-12-07T11:47:33.004615Z","level":"info","event":"موسسه صندوق بيمه اجتماعي روستائيان وعشاير 9440129361.0 4.37","chan":"stdout","logger":"task"}
{"timestamp":"2025-12-07T11:47:33.005249Z","level":"info","event":"شركت سرمايه گذاري تجاري شستان -س .خ - 31410392019.0 14.541","chan":"stdout","logger":"task"}
{"timestamp":"2025-12-07T11:47:33.005841Z","level":"info","event":"موسسه صندوق بازنشستگي  ،وظيفه  ،ازكارافتادگي وپ 55807104080.0 25.836","chan":"stdout","logger":"task"}
{"timestamp":"2025-12-07T11:47:33.006423Z","level":"info","event":"شركت واسط مالي مرداد-بامسئوليت محدود- 4576659039.0 2.118","chan":"stdout","logger":"task"}
{"timestamp":"2025-12-07T11:47:33.007085Z","level":"info","event":"شركت سرمايه گذاري ملي ايران -سهامي عام - 4396591595.0 2.035","chan":"stdout","logger":"task"}
{"timestamp":"2025-12-07T11:47:33.007640Z","level":"info","event":"صندوق بيمه عمروحوادث نيروهاي مسلح 34401229389.0 15.926","chan":"stdout","logger":"task"}
{"timestamp":"2025-12-07T11:47:33.008087Z","level":"info","event":"شركت بيمه مركزي جمهوري اسلامي ايران 2265294586.0 1.048","chan":"stdout","logger":"task"}
{"timestamp":"2025-12-07T11:47:33.008574Z","level":"info","event":"صندوق بازنشستگي نيروهاي مسلح 40611697809.0 18.801","chan":"stdout","logger":"task"}
{"timestamp":"2025-12-07T11:47:33.009060Z","level":"info","event":"موسسه صندوق بيمه اجتماعي روستائيان وعشاير 9440129361.0 4.37","chan":"stdout","logger":"task"}
{"timestamp":"2025-12-07T11:47:33.009729Z","level":"info","event":"شركت سرمايه گذاري تجاري شستان -س .خ - 31410392019.0 14.541","chan":"stdout","logger":"task"}
{"timestamp":"2025-12-07T11:47:33.010567Z","level":"info","event":"موسسه صندوق بازنشستگي  ،وظيفه  ،ازكارافتادگي وپ 55807104080.0 25.836","chan":"stdout","logger":"task"}
{"timestamp":"2025-12-07T11:47:33.011664Z","level":"info","event":"شركت واسط مالي مرداد-بامسئوليت محدود- 4576659039.0 2.118","chan":"stdout","logger":"task"}
{"timestamp":"2025-12-07T11:47:33.048354Z","level":"info","event":"Failed to fetch https://cdn.tsetmc.com/api/Shareholder/26014913469567886/20251123: HTTPSConnectionPool(host='cdn.tsetmc.com', port=443): Max retries exceeded with url: /api/Shareholder/26014913469567886/20251123 (Caused by SSLError(SSLCertVerificationError(1, '[SSL: CERTIFICATE_VERIFY_FAILED] certificate verify failed: unable to get local issuer certificate (_ssl.c:1010)')))","chan":"stdout","logger":"task"}
{"timestamp":"2025-12-07T11:47:33.091544Z","level":"info","event":"موسسه صندوق بازنشستگي  ،وظيفه  ،ازكارافتادگي وپ 55807104080.0 25.836","chan":"stdout","logger":"task"}
{"timestamp":"2025-12-07T11:47:33.092270Z","level":"info","event":"شركت سرمايه گذاري تجاري شستان -س .خ - 31410392019.0 14.541","chan":"stdout","logger":"task"}
{"timestamp":"2025-12-07T11:47:33.092905Z","level":"info","event":"شركت واسط مالي مرداد-بامسئوليت محدود- 4576659039.0 2.118","chan":"stdout","logger":"task"}
{"timestamp":"2025-12-07T11:47:33.095291Z","level":"info","event":"شركت سرمايه گذاري ملي ايران -سهامي عام - 4396591595.0 2.035","chan":"stdout","logger":"task"}
{"timestamp":"2025-12-07T11:47:33.096148Z","level":"info","event":"موسسه صندوق بيمه اجتماعي روستائيان وعشاير 9440129361.0 4.37","chan":"stdout","logger":"task"}
{"timestamp":"2025-12-07T11:47:33.096907Z","level":"info","event":"شركت بيمه مركزي جمهوري اسلامي ايران 2265294586.0 1.048","chan":"stdout","logger":"task"}
{"timestamp":"2025-12-07T11:47:33.097575Z","level":"info","event":"صندوق بازنشستگي نيروهاي مسلح 40611697809.0 18.801","chan":"stdout","logger":"task"}
{"timestamp":"2025-12-07T11:47:33.098135Z","level":"info","event":"صندوق بيمه عمروحوادث نيروهاي مسلح 34401229389.0 15.926","chan":"stdout","logger":"task"}
{"timestamp":"2025-12-07T11:47:33.098714Z","level":"info","event":"شركت سرمايه گذاري ملي ايران -سهامي عام - 4396591595.0 2.035","chan":"stdout","logger":"task"}
{"timestamp":"2025-12-07T11:47:33.099327Z","level":"info","event":"موسسه صندوق بازنشستگي  ،وظيفه  ،ازكارافتادگي وپ 55807104080.0 25.836","chan":"stdout","logger":"task"}
{"timestamp":"2025-12-07T11:47:33.100279Z","level":"info","event":"شركت سرمايه گذاري تجاري شستان -س .خ - 31410392019.0 14.541","chan":"stdout","logger":"task"}
{"timestamp":"2025-12-07T11:47:33.101015Z","level":"info","event":"شركت واسط مالي مرداد-بامسئوليت محدود- 4576659039.0 2.118","chan":"stdout","logger":"task"}
{"timestamp":"2025-12-07T11:47:33.101608Z","level":"info","event":"شركت بيمه مركزي جمهوري اسلامي ايران 2265294586.0 1.048","chan":"stdout","logger":"task"}
{"timestamp":"2025-12-07T11:47:33.102195Z","level":"info","event":"صندوق بيمه عمروحوادث نيروهاي مسلح 34401229389.0 15.926","chan":"stdout","logger":"task"}
{"timestamp":"2025-12-07T11:47:33.102688Z","level":"info","event":"صندوق بازنشستگي نيروهاي مسلح 40611697809.0 18.801","chan":"stdout","logger":"task"}
{"timestamp":"2025-12-07T11:47:33.103115Z","level":"info","event":"موسسه صندوق بيمه اجتماعي روستائيان وعشاير 9440129361.0 4.37","chan":"stdout","logger":"task"}
{"timestamp":"2025-12-07T11:47:33.184287Z","level":"info","event":"شركت سرمايه گذاري ملي ايران -سهامي عام - 4396591595.0 2.035","chan":"stdout","logger":"task"}
{"timestamp":"2025-12-07T11:47:33.184848Z","level":"info","event":"صندوق بيمه عمروحوادث نيروهاي مسلح 34401229389.0 15.926","chan":"stdout","logger":"task"}
{"timestamp":"2025-12-07T11:47:33.185341Z","level":"info","event":"شركت بيمه مركزي جمهوري اسلامي ايران 2265294586.0 1.048","chan":"stdout","logger":"task"}
{"timestamp":"2025-12-07T11:47:33.185935Z","level":"info","event":"صندوق بازنشستگي نيروهاي مسلح 40611697809.0 18.801","chan":"stdout","logger":"task"}
{"timestamp":"2025-12-07T11:47:33.186465Z","level":"info","event":"موسسه صندوق بيمه اجتماعي روستائيان وعشاير 9440129361.0 4.37","chan":"stdout","logger":"task"}
{"timestamp":"2025-12-07T11:47:33.187034Z","level":"info","event":"شركت سرمايه گذاري تجاري شستان -س .خ - 31410392019.0 14.541","chan":"stdout","logger":"task"}
{"timestamp":"2025-12-07T11:47:33.187685Z","level":"info","event":"موسسه صندوق بازنشستگي  ،وظيفه  ،ازكارافتادگي وپ 55807104080.0 25.836","chan":"stdout","logger":"task"}
{"timestamp":"2025-12-07T11:47:33.188356Z","level":"info","event":"شركت واسط مالي مرداد-بامسئوليت محدود- 4576659039.0 2.118","chan":"stdout","logger":"task"}
{"timestamp":"2025-12-07T11:47:33.188981Z","level":"info","event":"شركت سرمايه گذاري ملي ايران -سهامي عام - 4396591595.0 2.035","chan":"stdout","logger":"task"}
{"timestamp":"2025-12-07T11:47:33.189682Z","level":"info","event":"صندوق بيمه عمروحوادث نيروهاي مسلح 34401229389.0 15.926","chan":"stdout","logger":"task"}
{"timestamp":"2025-12-07T11:47:33.190262Z","level":"info","event":"شركت بيمه مركزي جمهوري اسلامي ايران 2265294586.0 1.048","chan":"stdout","logger":"task"}
{"timestamp":"2025-12-07T11:47:33.190632Z","level":"info","event":"صندوق بازنشستگي نيروهاي مسلح 40611697809.0 18.801","chan":"stdout","logger":"task"}
{"timestamp":"2025-12-07T11:47:33.191113Z","level":"info","event":"موسسه صندوق بيمه اجتماعي روستائيان وعشاير 9440129361.0 4.37","chan":"stdout","logger":"task"}
{"timestamp":"2025-12-07T11:47:33.191566Z","level":"info","event":"شركت سرمايه گذاري تجاري شستان -س .خ - 31410392019.0 14.541","chan":"stdout","logger":"task"}
{"timestamp":"2025-12-07T11:47:33.192046Z","level":"info","event":"موسسه صندوق بازنشستگي  ،وظيفه  ،ازكارافتادگي وپ 55807104080.0 25.836","chan":"stdout","logger":"task"}
{"timestamp":"2025-12-07T11:47:33.192545Z","level":"info","event":"شركت واسط مالي مرداد-بامسئوليت محدود- 4576659039.0 2.118","chan":"stdout","logger":"task"}
{"timestamp":"2025-12-07T11:47:33.231190Z","level":"info","event":"Failed to fetch https://cdn.tsetmc.com/api/Shareholder/26014913469567886/20251126: HTTPSConnectionPool(host='cdn.tsetmc.com', port=443): Max retries exceeded with url: /api/Shareholder/26014913469567886/20251126 (Caused by SSLError(SSLCertVerificationError(1, '[SSL: CERTIFICATE_VERIFY_FAILED] certificate verify failed: unable to get local issuer certificate (_ssl.c:1010)')))","chan":"stdout","logger":"task"}
{"timestamp":"2025-12-07T11:47:33.272805Z","level":"info","event":"صندوق بازنشستگي نيروهاي مسلح 40611697809.0 18.801","chan":"stdout","logger":"task"}
{"timestamp":"2025-12-07T11:47:33.273350Z","level":"info","event":"شركت سرمايه گذاري تجاري شستان -س .خ - 31410392019.0 14.541","chan":"stdout","logger":"task"}
{"timestamp":"2025-12-07T11:47:33.273809Z","level":"info","event":"شركت بيمه مركزي جمهوري اسلامي ايران 2273794586.0 1.052","chan":"stdout","logger":"task"}
{"timestamp":"2025-12-07T11:47:33.274244Z","level":"info","event":"صندوق بيمه عمروحوادث نيروهاي مسلح 34401229389.0 15.926","chan":"stdout","logger":"task"}
{"timestamp":"2025-12-07T11:47:33.275593Z","level":"info","event":"شركت سرمايه گذاري ملي ايران -سهامي عام - 4396591595.0 2.035","chan":"stdout","logger":"task"}
{"timestamp":"2025-12-07T11:47:33.276201Z","level":"info","event":"شركت واسط مالي مرداد-بامسئوليت محدود- 4576659039.0 2.118","chan":"stdout","logger":"task"}
{"timestamp":"2025-12-07T11:47:33.276901Z","level":"info","event":"موسسه صندوق بازنشستگي  ،وظيفه  ،ازكارافتادگي وپ 55807104080.0 25.836","chan":"stdout","logger":"task"}
{"timestamp":"2025-12-07T11:47:33.277643Z","level":"info","event":"موسسه صندوق بيمه اجتماعي روستائيان وعشاير 9440129361.0 4.37","chan":"stdout","logger":"task"}
{"timestamp":"2025-12-07T11:47:33.279438Z","level":"info","event":"شركت سرمايه گذاري تجاري شستان -س .خ - 31410392019.0 14.541","chan":"stdout","logger":"task"}
{"timestamp":"2025-12-07T11:47:33.281036Z","level":"info","event":"شركت سرمايه گذاري ملي ايران -سهامي عام - 4396591595.0 2.035","chan":"stdout","logger":"task"}
{"timestamp":"2025-12-07T11:47:33.281665Z","level":"info","event":"شركت بيمه مركزي جمهوري اسلامي ايران 2265294586.0 1.048","chan":"stdout","logger":"task"}
{"timestamp":"2025-12-07T11:47:33.282352Z","level":"info","event":"صندوق بيمه عمروحوادث نيروهاي مسلح 34401229389.0 15.926","chan":"stdout","logger":"task"}
{"timestamp":"2025-12-07T11:47:33.282808Z","level":"info","event":"موسسه صندوق بيمه اجتماعي روستائيان وعشاير 9440129361.0 4.37","chan":"stdout","logger":"task"}
{"timestamp":"2025-12-07T11:47:33.283519Z","level":"info","event":"صندوق بازنشستگي نيروهاي مسلح 40611697809.0 18.801","chan":"stdout","logger":"task"}
{"timestamp":"2025-12-07T11:47:33.284052Z","level":"info","event":"شركت واسط مالي مرداد-بامسئوليت محدود- 4576659039.0 2.118","chan":"stdout","logger":"task"}
{"timestamp":"2025-12-07T11:47:33.284628Z","level":"info","event":"موسسه صندوق بازنشستگي  ،وظيفه  ،ازكارافتادگي وپ 55807104080.0 25.836","chan":"stdout","logger":"task"}
{"timestamp":"2025-12-07T11:47:33.356070Z","level":"info","event":"شركت سرمايه گذاري ملي ايران -سهامي عام - 4396591595.0 2.035","chan":"stdout","logger":"task"}
{"timestamp":"2025-12-07T11:47:33.356713Z","level":"info","event":"صندوق بيمه عمروحوادث نيروهاي مسلح 34401229389.0 15.926","chan":"stdout","logger":"task"}
{"timestamp":"2025-12-07T11:47:33.357242Z","level":"info","event":"شركت بيمه مركزي جمهوري اسلامي ايران 2273794586.0 1.052","chan":"stdout","logger":"task"}
{"timestamp":"2025-12-07T11:47:33.357640Z","level":"info","event":"صندوق بازنشستگي نيروهاي مسلح 40611697809.0 18.801","chan":"stdout","logger":"task"}
{"timestamp":"2025-12-07T11:47:33.358265Z","level":"info","event":"موسسه صندوق بيمه اجتماعي روستائيان وعشاير 9440129361.0 4.37","chan":"stdout","logger":"task"}
{"timestamp":"2025-12-07T11:47:33.358876Z","level":"info","event":"شركت سرمايه گذاري تجاري شستان -س .خ - 31410392019.0 14.541","chan":"stdout","logger":"task"}
{"timestamp":"2025-12-07T11:47:33.359423Z","level":"info","event":"موسسه صندوق بازنشستگي  ،وظيفه  ،ازكارافتادگي وپ 55807104080.0 25.836","chan":"stdout","logger":"task"}
{"timestamp":"2025-12-07T11:47:33.359919Z","level":"info","event":"شركت واسط مالي مرداد-بامسئوليت محدود- 4576659039.0 2.118","chan":"stdout","logger":"task"}
{"timestamp":"2025-12-07T11:47:33.360698Z","level":"info","event":"شركت سرمايه گذاري ملي ايران -سهامي عام - 4396591595.0 2.035","chan":"stdout","logger":"task"}
{"timestamp":"2025-12-07T11:47:33.362037Z","level":"info","event":"صندوق بيمه عمروحوادث نيروهاي مسلح 34401229389.0 15.926","chan":"stdout","logger":"task"}
{"timestamp":"2025-12-07T11:47:33.364143Z","level":"info","event":"شركت بيمه مركزي جمهوري اسلامي ايران 2265294586.0 1.048","chan":"stdout","logger":"task"}
{"timestamp":"2025-12-07T11:47:33.364955Z","level":"info","event":"صندوق بازنشستگي نيروهاي مسلح 40611697809.0 18.801","chan":"stdout","logger":"task"}
{"timestamp":"2025-12-07T11:47:33.366126Z","level":"info","event":"موسسه صندوق بيمه اجتماعي روستائيان وعشاير 9440129361.0 4.37","chan":"stdout","logger":"task"}
{"timestamp":"2025-12-07T11:47:33.366608Z","level":"info","event":"شركت سرمايه گذاري تجاري شستان -س .خ - 31410392019.0 14.541","chan":"stdout","logger":"task"}
{"timestamp":"2025-12-07T11:47:33.367046Z","level":"info","event":"موسسه صندوق بازنشستگي  ،وظيفه  ،ازكارافتادگي وپ 55807104080.0 25.836","chan":"stdout","logger":"task"}
{"timestamp":"2025-12-07T11:47:33.367567Z","level":"info","event":"شركت واسط مالي مرداد-بامسئوليت محدود- 4576659039.0 2.118","chan":"stdout","logger":"task"}
{"timestamp":"2025-12-07T11:47:33.404646Z","level":"info","event":"Failed to fetch https://cdn.tsetmc.com/api/Shareholder/26014913469567886/20251129: HTTPSConnectionPool(host='cdn.tsetmc.com', port=443): Max retries exceeded with url: /api/Shareholder/26014913469567886/20251129 (Caused by SSLError(SSLCertVerificationError(1, '[SSL: CERTIFICATE_VERIFY_FAILED] certificate verify failed: unable to get local issuer certificate (_ssl.c:1010)')))","chan":"stdout","logger":"task"}
{"timestamp":"2025-12-07T11:47:33.458889Z","level":"info","event":"صندوق بيمه عمروحوادث نيروهاي مسلح 34401229389.0 15.926","chan":"stdout","logger":"task"}
{"timestamp":"2025-12-07T11:47:33.459500Z","level":"info","event":"موسسه صندوق بازنشستگي  ،وظيفه  ،ازكارافتادگي وپ 55807104080.0 25.836","chan":"stdout","logger":"task"}
{"timestamp":"2025-12-07T11:47:33.460152Z","level":"info","event":"شركت سرمايه گذاري تجاري شستان -س .خ - 31410392019.0 14.541","chan":"stdout","logger":"task"}
{"timestamp":"2025-12-07T11:47:33.461199Z","level":"info","event":"شركت سرمايه گذاري ملي ايران -سهامي عام - 4396591595.0 2.035","chan":"stdout","logger":"task"}
{"timestamp":"2025-12-07T11:47:33.462992Z","level":"info","event":"شركت بيمه مركزي جمهوري اسلامي ايران 2283094586.0 1.056","chan":"stdout","logger":"task"}
{"timestamp":"2025-12-07T11:47:33.463933Z","level":"info","event":"شركت واسط مالي مرداد-بامسئوليت محدود- 4576659039.0 2.118","chan":"stdout","logger":"task"}
{"timestamp":"2025-12-07T11:47:33.464922Z","level":"info","event":"صندوق بازنشستگي نيروهاي مسلح 40611697809.0 18.801","chan":"stdout","logger":"task"}
{"timestamp":"2025-12-07T11:47:33.466847Z","level":"info","event":"موسسه صندوق بيمه اجتماعي روستائيان وعشاير 9440129361.0 4.37","chan":"stdout","logger":"task"}
{"timestamp":"2025-12-07T11:47:33.467750Z","level":"info","event":"صندوق بيمه عمروحوادث نيروهاي مسلح 34401229389.0 15.926","chan":"stdout","logger":"task"}
{"timestamp":"2025-12-07T11:47:33.468585Z","level":"info","event":"شركت واسط مالي مرداد-بامسئوليت محدود- 4576659039.0 2.118","chan":"stdout","logger":"task"}
{"timestamp":"2025-12-07T11:47:33.469264Z","level":"info","event":"شركت بيمه مركزي جمهوري اسلامي ايران 2274594586.0 1.053","chan":"stdout","logger":"task"}
{"timestamp":"2025-12-07T11:47:33.469779Z","level":"info","event":"صندوق بازنشستگي نيروهاي مسلح 40611697809.0 18.801","chan":"stdout","logger":"task"}
{"timestamp":"2025-12-07T11:47:33.470198Z","level":"info","event":"موسسه صندوق بازنشستگي  ،وظيفه  ،ازكارافتادگي وپ 55807104080.0 25.836","chan":"stdout","logger":"task"}
{"timestamp":"2025-12-07T11:47:33.470637Z","level":"info","event":"شركت سرمايه گذاري ملي ايران -سهامي عام - 4396591595.0 2.035","chan":"stdout","logger":"task"}
{"timestamp":"2025-12-07T11:47:33.470992Z","level":"info","event":"موسسه صندوق بيمه اجتماعي روستائيان وعشاير 9440129361.0 4.37","chan":"stdout","logger":"task"}
{"timestamp":"2025-12-07T11:47:33.471362Z","level":"info","event":"شركت سرمايه گذاري تجاري شستان -س .خ - 31410392019.0 14.541","chan":"stdout","logger":"task"}
{"timestamp":"2025-12-07T11:47:33.552320Z","level":"info","event":"شركت سرمايه گذاري ملي ايران -سهامي عام - 4396591595.0 2.035","chan":"stdout","logger":"task"}
{"timestamp":"2025-12-07T11:47:33.552849Z","level":"info","event":"صندوق بيمه عمروحوادث نيروهاي مسلح 34401229389.0 15.926","chan":"stdout","logger":"task"}
{"timestamp":"2025-12-07T11:47:33.553184Z","level":"info","event":"شركت بيمه مركزي جمهوري اسلامي ايران 2283094586.0 1.056","chan":"stdout","logger":"task"}
{"timestamp":"2025-12-07T11:47:33.553768Z","level":"info","event":"صندوق بازنشستگي نيروهاي مسلح 40611697809.0 18.801","chan":"stdout","logger":"task"}
{"timestamp":"2025-12-07T11:47:33.554208Z","level":"info","event":"موسسه صندوق بيمه اجتماعي روستائيان وعشاير 9440129361.0 4.37","chan":"stdout","logger":"task"}
{"timestamp":"2025-12-07T11:47:33.554664Z","level":"info","event":"شركت سرمايه گذاري تجاري شستان -س .خ - 31410392019.0 14.541","chan":"stdout","logger":"task"}
{"timestamp":"2025-12-07T11:47:33.555111Z","level":"info","event":"موسسه صندوق بازنشستگي  ،وظيفه  ،ازكارافتادگي وپ 55807104080.0 25.836","chan":"stdout","logger":"task"}
{"timestamp":"2025-12-07T11:47:33.555608Z","level":"info","event":"شركت واسط مالي مرداد-بامسئوليت محدود- 4576659039.0 2.118","chan":"stdout","logger":"task"}
{"timestamp":"2025-12-07T11:47:33.555981Z","level":"info","event":"شركت سرمايه گذاري ملي ايران -سهامي عام - 4396591595.0 2.035","chan":"stdout","logger":"task"}
{"timestamp":"2025-12-07T11:47:33.556337Z","level":"info","event":"صندوق بيمه عمروحوادث نيروهاي مسلح 34401229389.0 15.926","chan":"stdout","logger":"task"}
{"timestamp":"2025-12-07T11:47:33.556683Z","level":"info","event":"شركت بيمه مركزي جمهوري اسلامي ايران 2283094586.0 1.056","chan":"stdout","logger":"task"}
{"timestamp":"2025-12-07T11:47:33.557030Z","level":"info","event":"صندوق بازنشستگي نيروهاي مسلح 40611697809.0 18.801","chan":"stdout","logger":"task"}
{"timestamp":"2025-12-07T11:47:33.557401Z","level":"info","event":"موسسه صندوق بيمه اجتماعي روستائيان وعشاير 9440129361.0 4.37","chan":"stdout","logger":"task"}
{"timestamp":"2025-12-07T11:47:33.557834Z","level":"info","event":"شركت سرمايه گذاري تجاري شستان -س .خ - 31410392019.0 14.541","chan":"stdout","logger":"task"}
{"timestamp":"2025-12-07T11:47:33.558152Z","level":"info","event":"موسسه صندوق بازنشستگي  ،وظيفه  ،ازكارافتادگي وپ 55807104080.0 25.836","chan":"stdout","logger":"task"}
{"timestamp":"2025-12-07T11:47:33.558549Z","level":"info","event":"شركت واسط مالي مرداد-بامسئوليت محدود- 4576659039.0 2.118","chan":"stdout","logger":"task"}
{"timestamp":"2025-12-07T11:47:33.597833Z","level":"info","event":"Failed to fetch https://cdn.tsetmc.com/api/Shareholder/26014913469567886/20251202: HTTPSConnectionPool(host='cdn.tsetmc.com', port=443): Max retries exceeded with url: /api/Shareholder/26014913469567886/20251202 (Caused by SSLError(SSLCertVerificationError(1, '[SSL: CERTIFICATE_VERIFY_FAILED] certificate verify failed: unable to get local issuer certificate (_ssl.c:1010)')))","chan":"stdout","logger":"task"}
{"timestamp":"2025-12-07T11:47:33.665778Z","level":"info","event":"شركت واسط مالي مرداد-بامسئوليت محدود- 4576659039.0 2.118","chan":"stdout","logger":"task"}
{"timestamp":"2025-12-07T11:47:33.666472Z","level":"info","event":"صندوق بازنشستگي نيروهاي مسلح 40611697809.0 18.801","chan":"stdout","logger":"task"}
{"timestamp":"2025-12-07T11:47:33.666967Z","level":"info","event":"موسسه صندوق بازنشستگي  ،وظيفه  ،ازكارافتادگي وپ 55807104080.0 25.836","chan":"stdout","logger":"task"}
{"timestamp":"2025-12-07T11:47:33.667449Z","level":"info","event":"شركت سرمايه گذاري تجاري شستان -س .خ - 31410392019.0 14.541","chan":"stdout","logger":"task"}
{"timestamp":"2025-12-07T11:47:33.677076Z","level":"info","event":"صندوق بيمه عمروحوادث نيروهاي مسلح 34401229389.0 15.926","chan":"stdout","logger":"task"}
{"timestamp":"2025-12-07T11:47:33.677737Z","level":"info","event":"شركت سرمايه گذاري ملي ايران -سهامي عام - 4396591595.0 2.035","chan":"stdout","logger":"task"}
{"timestamp":"2025-12-07T11:47:33.678624Z","level":"info","event":"موسسه صندوق بيمه اجتماعي روستائيان وعشاير 9440129361.0 4.37","chan":"stdout","logger":"task"}
{"timestamp":"2025-12-07T11:47:33.679421Z","level":"info","event":"شركت بيمه مركزي جمهوري اسلامي ايران 2283094586.0 1.056","chan":"stdout","logger":"task"}
{"timestamp":"2025-12-07T11:47:33.680062Z","level":"info","event":"شركت سرمايه گذاري ملي ايران -سهامي عام - 4396591595.0 2.035","chan":"stdout","logger":"task"}
{"timestamp":"2025-12-07T11:47:33.680788Z","level":"info","event":"شركت بيمه مركزي جمهوري اسلامي ايران 2283094586.0 1.056","chan":"stdout","logger":"task"}
{"timestamp":"2025-12-07T11:47:33.681448Z","level":"info","event":"شركت واسط مالي مرداد-بامسئوليت محدود- 4576659039.0 2.118","chan":"stdout","logger":"task"}
{"timestamp":"2025-12-07T11:47:33.681953Z","level":"info","event":"موسسه صندوق بيمه اجتماعي روستائيان وعشاير 9440129361.0 4.37","chan":"stdout","logger":"task"}
{"timestamp":"2025-12-07T11:47:33.682457Z","level":"info","event":"صندوق بازنشستگي نيروهاي مسلح 40611697809.0 18.801","chan":"stdout","logger":"task"}
{"timestamp":"2025-12-07T11:47:33.682981Z","level":"info","event":"صندوق بيمه عمروحوادث نيروهاي مسلح 34401229389.0 15.926","chan":"stdout","logger":"task"}
{"timestamp":"2025-12-07T11:47:33.683444Z","level":"info","event":"شركت سرمايه گذاري تجاري شستان -س .خ - 31410392019.0 14.541","chan":"stdout","logger":"task"}
{"timestamp":"2025-12-07T11:47:33.683884Z","level":"info","event":"موسسه صندوق بازنشستگي  ،وظيفه  ،ازكارافتادگي وپ 55807104080.0 25.836","chan":"stdout","logger":"task"}
{"timestamp":"2025-12-07T11:47:33.785645Z","level":"info","event":"شركت سرمايه گذاري ملي ايران -سهامي عام - 4396591595.0 2.035","chan":"stdout","logger":"task"}
{"timestamp":"2025-12-07T11:47:33.786197Z","level":"info","event":"صندوق بيمه عمروحوادث نيروهاي مسلح 34401229389.0 15.926","chan":"stdout","logger":"task"}
{"timestamp":"2025-12-07T11:47:33.786669Z","level":"info","event":"شركت بيمه مركزي جمهوري اسلامي ايران 2283094586.0 1.056","chan":"stdout","logger":"task"}
{"timestamp":"2025-12-07T11:47:33.788105Z","level":"info","event":"صندوق بازنشستگي نيروهاي مسلح 40611697809.0 18.801","chan":"stdout","logger":"task"}
{"timestamp":"2025-12-07T11:47:33.788801Z","level":"info","event":"موسسه صندوق بيمه اجتماعي روستائيان وعشاير 9440129361.0 4.37","chan":"stdout","logger":"task"}
{"timestamp":"2025-12-07T11:47:33.789292Z","level":"info","event":"شركت سرمايه گذاري تجاري شستان -س .خ - 31410392019.0 14.541","chan":"stdout","logger":"task"}
{"timestamp":"2025-12-07T11:47:33.789756Z","level":"info","event":"موسسه صندوق بازنشستگي  ،وظيفه  ،ازكارافتادگي وپ 55807104080.0 25.836","chan":"stdout","logger":"task"}
{"timestamp":"2025-12-07T11:47:33.790196Z","level":"info","event":"شركت واسط مالي مرداد-بامسئوليت محدود- 4576659039.0 2.118","chan":"stdout","logger":"task"}
{"timestamp":"2025-12-07T11:47:33.790656Z","level":"info","event":"شركت سرمايه گذاري ملي ايران -سهامي عام - 4396591595.0 2.035","chan":"stdout","logger":"task"}
{"timestamp":"2025-12-07T11:47:33.791084Z","level":"info","event":"صندوق بيمه عمروحوادث نيروهاي مسلح 34401229389.0 15.926","chan":"stdout","logger":"task"}
{"timestamp":"2025-12-07T11:47:33.791477Z","level":"info","event":"شركت بيمه مركزي جمهوري اسلامي ايران 2283094586.0 1.056","chan":"stdout","logger":"task"}
{"timestamp":"2025-12-07T11:47:33.791893Z","level":"info","event":"صندوق بازنشستگي نيروهاي مسلح 40611697809.0 18.801","chan":"stdout","logger":"task"}
{"timestamp":"2025-12-07T11:47:33.792340Z","level":"info","event":"موسسه صندوق بيمه اجتماعي روستائيان وعشاير 9440129361.0 4.37","chan":"stdout","logger":"task"}
{"timestamp":"2025-12-07T11:47:33.792813Z","level":"info","event":"شركت سرمايه گذاري تجاري شستان -س .خ - 31410392019.0 14.541","chan":"stdout","logger":"task"}
{"timestamp":"2025-12-07T11:47:33.793216Z","level":"info","event":"موسسه صندوق بازنشستگي  ،وظيفه  ،ازكارافتادگي وپ 55807104080.0 25.836","chan":"stdout","logger":"task"}
{"timestamp":"2025-12-07T11:47:33.794032Z","level":"info","event":"شركت واسط مالي مرداد-بامسئوليت محدود- 4576659039.0 2.118","chan":"stdout","logger":"task"}
{"timestamp":"2025-12-07T11:47:33.836529Z","level":"info","event":"Failed to fetch https://cdn.tsetmc.com/api/Shareholder/26014913469567886/20251205: HTTPSConnectionPool(host='cdn.tsetmc.com', port=443): Max retries exceeded with url: /api/Shareholder/26014913469567886/20251205 (Caused by SSLError(SSLCertVerificationError(1, '[SSL: CERTIFICATE_VERIFY_FAILED] certificate verify failed: unable to get local issuer certificate (_ssl.c:1010)')))","chan":"stdout","logger":"task"}
{"timestamp":"2025-12-07T11:47:33.901496Z","level":"info","event":"شركت واسط مالي مرداد-بامسئوليت محدود- 4576659039.0 2.118","chan":"stdout","logger":"task"}
{"timestamp":"2025-12-07T11:47:33.902865Z","level":"info","event":"شركت سرمايه گذاري ملي ايران -سهامي عام - 4396591595.0 2.035","chan":"stdout","logger":"task"}
{"timestamp":"2025-12-07T11:47:33.904070Z","level":"info","event":"صندوق بيمه عمروحوادث نيروهاي مسلح 34401229389.0 15.926","chan":"stdout","logger":"task"}
{"timestamp":"2025-12-07T11:47:33.904825Z","level":"info","event":"موسسه صندوق بازنشستگي  ،وظيفه  ،ازكارافتادگي وپ 55807104080.0 25.836","chan":"stdout","logger":"task"}
{"timestamp":"2025-12-07T11:47:33.905317Z","level":"info","event":"شركت بيمه مركزي جمهوري اسلامي ايران 2283094586.0 1.056","chan":"stdout","logger":"task"}
{"timestamp":"2025-12-07T11:47:33.905845Z","level":"info","event":"صندوق بازنشستگي نيروهاي مسلح 40611697809.0 18.801","chan":"stdout","logger":"task"}
{"timestamp":"2025-12-07T11:47:33.906374Z","level":"info","event":"شركت سرمايه گذاري تجاري شستان -س .خ - 31410392019.0 14.541","chan":"stdout","logger":"task"}
{"timestamp":"2025-12-07T11:47:33.906860Z","level":"info","event":"موسسه صندوق بيمه اجتماعي روستائيان وعشاير 9440129361.0 4.37","chan":"stdout","logger":"task"}
{"timestamp":"2025-12-07T11:47:33.907338Z","level":"info","event":"شركت واسط مالي مرداد-بامسئوليت محدود- 4576659039.0 2.118","chan":"stdout","logger":"task"}
{"timestamp":"2025-12-07T11:47:33.907801Z","level":"info","event":"صندوق بازنشستگي نيروهاي مسلح 40611697809.0 18.801","chan":"stdout","logger":"task"}
{"timestamp":"2025-12-07T11:47:33.908236Z","level":"info","event":"موسسه صندوق بازنشستگي  ،وظيفه  ،ازكارافتادگي وپ 55807104080.0 25.836","chan":"stdout","logger":"task"}
{"timestamp":"2025-12-07T11:47:33.908721Z","level":"info","event":"شركت سرمايه گذاري تجاري شستان -س .خ - 31410392019.0 14.541","chan":"stdout","logger":"task"}
{"timestamp":"2025-12-07T11:47:33.909149Z","level":"info","event":"صندوق بيمه عمروحوادث نيروهاي مسلح 34401229389.0 15.926","chan":"stdout","logger":"task"}
{"timestamp":"2025-12-07T11:47:33.909740Z","level":"info","event":"شركت سرمايه گذاري ملي ايران -سهامي عام - 4396591595.0 2.035","chan":"stdout","logger":"task"}
{"timestamp":"2025-12-07T11:47:33.910299Z","level":"info","event":"موسسه صندوق بيمه اجتماعي روستائيان وعشاير 9440129361.0 4.37","chan":"stdout","logger":"task"}
{"timestamp":"2025-12-07T11:47:33.910898Z","level":"info","event":"شركت بيمه مركزي جمهوري اسلامي ايران 2283094586.0 1.056","chan":"stdout","logger":"task"}
{"timestamp":"2025-12-07T11:47:33.954446Z","level":"info","event":"شركت سرمايه گذاري ملي ايران -سهامي عام - 4396591595.0 2.035","chan":"stdout","logger":"task"}
{"timestamp":"2025-12-07T11:47:33.955332Z","level":"info","event":"صندوق بيمه عمروحوادث نيروهاي مسلح 34401229389.0 15.926","chan":"stdout","logger":"task"}
{"timestamp":"2025-12-07T11:47:33.956417Z","level":"info","event":"شركت بيمه مركزي جمهوري اسلامي ايران 2283094586.0 1.056","chan":"stdout","logger":"task"}
{"timestamp":"2025-12-07T11:47:33.956906Z","level":"info","event":"صندوق بازنشستگي نيروهاي مسلح 40611697809.0 18.801","chan":"stdout","logger":"task"}
{"timestamp":"2025-12-07T11:47:33.957335Z","level":"info","event":"موسسه صندوق بيمه اجتماعي روستائيان وعشاير 9440129361.0 4.37","chan":"stdout","logger":"task"}
{"timestamp":"2025-12-07T11:47:33.957672Z","level":"info","event":"شركت سرمايه گذاري تجاري شستان -س .خ - 31410392019.0 14.541","chan":"stdout","logger":"task"}
{"timestamp":"2025-12-07T11:47:33.958051Z","level":"info","event":"موسسه صندوق بازنشستگي  ،وظيفه  ،ازكارافتادگي وپ 55807104080.0 25.836","chan":"stdout","logger":"task"}
{"timestamp":"2025-12-07T11:47:33.958383Z","level":"info","event":"شركت واسط مالي مرداد-بامسئوليت محدود- 4576659039.0 2.118","chan":"stdout","logger":"task"}
{"timestamp":"2025-12-07T11:47:34.006178Z","level":"info","event":"Failed to fetch https://cdn.tsetmc.com/api/Shareholder/26014913469567886/20251107: HTTPSConnectionPool(host='cdn.tsetmc.com', port=443): Max retries exceeded with url: /api/Shareholder/26014913469567886/20251107 (Caused by SSLError(SSLCertVerificationError(1, '[SSL: CERTIFICATE_VERIFY_FAILED] certificate verify failed: unable to get local issuer certificate (_ssl.c:1010)')))","chan":"stdout","logger":"task"}
{"timestamp":"2025-12-07T11:47:34.065625Z","level":"info","event":"موسسه صندوق بازنشستگي  ،وظيفه  ،ازكارافتادگي وپ 55807104080.0 25.836","chan":"stdout","logger":"task"}
{"timestamp":"2025-12-07T11:47:34.066280Z","level":"info","event":"صندوق بيمه عمروحوادث نيروهاي مسلح 34401229389.0 15.926","chan":"stdout","logger":"task"}
{"timestamp":"2025-12-07T11:47:34.066868Z","level":"info","event":"شركت سرمايه گذاري ملي ايران -سهامي عام - 4396591595.0 2.035","chan":"stdout","logger":"task"}
{"timestamp":"2025-12-07T11:47:34.067548Z","level":"info","event":"شركت بيمه مركزي جمهوري اسلامي ايران 2246894586.0 1.04","chan":"stdout","logger":"task"}
{"timestamp":"2025-12-07T11:47:34.068290Z","level":"info","event":"شركت سرمايه گذاري تجاري شستان -س .خ - 31410392019.0 14.541","chan":"stdout","logger":"task"}
{"timestamp":"2025-12-07T11:47:34.068862Z","level":"info","event":"شركت واسط مالي مرداد-بامسئوليت محدود- 4576659039.0 2.118","chan":"stdout","logger":"task"}
{"timestamp":"2025-12-07T11:47:34.069460Z","level":"info","event":"موسسه صندوق بيمه اجتماعي روستائيان وعشاير 9440129361.0 4.37","chan":"stdout","logger":"task"}
{"timestamp":"2025-12-07T11:47:34.070033Z","level":"info","event":"صندوق بازنشستگي نيروهاي مسلح 40611697809.0 18.801","chan":"stdout","logger":"task"}
{"timestamp":"2025-12-07T11:47:34.070523Z","level":"info","event":"شركت بيمه مركزي جمهوري اسلامي ايران 2246894586.0 1.04","chan":"stdout","logger":"task"}
{"timestamp":"2025-12-07T11:47:34.071175Z","level":"info","event":"شركت واسط مالي مرداد-بامسئوليت محدود- 4576659039.0 2.118","chan":"stdout","logger":"task"}
{"timestamp":"2025-12-07T11:47:34.071732Z","level":"info","event":"صندوق بيمه عمروحوادث نيروهاي مسلح 34401229389.0 15.926","chan":"stdout","logger":"task"}
{"timestamp":"2025-12-07T11:47:34.072524Z","level":"info","event":"شركت سرمايه گذاري تجاري شستان -س .خ - 31410392019.0 14.541","chan":"stdout","logger":"task"}
{"timestamp":"2025-12-07T11:47:34.073221Z","level":"info","event":"موسسه صندوق بازنشستگي  ،وظيفه  ،ازكارافتادگي وپ 55807104080.0 25.836","chan":"stdout","logger":"task"}
{"timestamp":"2025-12-07T11:47:34.074017Z","level":"info","event":"صندوق بازنشستگي نيروهاي مسلح 40611697809.0 18.801","chan":"stdout","logger":"task"}
{"timestamp":"2025-12-07T11:47:34.074700Z","level":"info","event":"موسسه صندوق بيمه اجتماعي روستائيان وعشاير 9440129361.0 4.37","chan":"stdout","logger":"task"}
{"timestamp":"2025-12-07T11:47:34.075185Z","level":"info","event":"شركت سرمايه گذاري ملي ايران -سهامي عام - 4396591595.0 2.035","chan":"stdout","logger":"task"}
{"timestamp":"2025-12-07T11:47:34.144449Z","level":"info","event":"شركت سرمايه گذاري ملي ايران -سهامي عام - 4396591595.0 2.035","chan":"stdout","logger":"task"}
{"timestamp":"2025-12-07T11:47:34.146818Z","level":"info","event":"صندوق بيمه عمروحوادث نيروهاي مسلح 34401229389.0 15.926","chan":"stdout","logger":"task"}
{"timestamp":"2025-12-07T11:47:34.147616Z","level":"info","event":"شركت بيمه مركزي جمهوري اسلامي ايران 2246894586.0 1.04","chan":"stdout","logger":"task"}
{"timestamp":"2025-12-07T11:47:34.148679Z","level":"info","event":"صندوق بازنشستگي نيروهاي مسلح 40611697809.0 18.801","chan":"stdout","logger":"task"}
{"timestamp":"2025-12-07T11:47:34.149311Z","level":"info","event":"موسسه صندوق بيمه اجتماعي روستائيان وعشاير 9440129361.0 4.37","chan":"stdout","logger":"task"}
{"timestamp":"2025-12-07T11:47:34.149849Z","level":"info","event":"شركت سرمايه گذاري تجاري شستان -س .خ - 31410392019.0 14.541","chan":"stdout","logger":"task"}
{"timestamp":"2025-12-07T11:47:34.150340Z","level":"info","event":"موسسه صندوق بازنشستگي  ،وظيفه  ،ازكارافتادگي وپ 55807104080.0 25.836","chan":"stdout","logger":"task"}
{"timestamp":"2025-12-07T11:47:34.150772Z","level":"info","event":"شركت واسط مالي مرداد-بامسئوليت محدود- 4576659039.0 2.118","chan":"stdout","logger":"task"}
{"timestamp":"2025-12-07T11:47:34.151581Z","level":"info","event":"شركت سرمايه گذاري ملي ايران -سهامي عام - 4396591595.0 2.035","chan":"stdout","logger":"task"}
{"timestamp":"2025-12-07T11:47:34.152345Z","level":"info","event":"صندوق بيمه عمروحوادث نيروهاي مسلح 34401229389.0 15.926","chan":"stdout","logger":"task"}
{"timestamp":"2025-12-07T11:47:34.153425Z","level":"info","event":"شركت بيمه مركزي جمهوري اسلامي ايران 2246894586.0 1.04","chan":"stdout","logger":"task"}
{"timestamp":"2025-12-07T11:47:34.153903Z","level":"info","event":"صندوق بازنشستگي نيروهاي مسلح 40611697809.0 18.801","chan":"stdout","logger":"task"}
{"timestamp":"2025-12-07T11:47:34.154512Z","level":"info","event":"موسسه صندوق بيمه اجتماعي روستائيان وعشاير 9440129361.0 4.37","chan":"stdout","logger":"task"}
{"timestamp":"2025-12-07T11:47:34.155040Z","level":"info","event":"شركت سرمايه گذاري تجاري شستان -س .خ - 31410392019.0 14.541","chan":"stdout","logger":"task"}
{"timestamp":"2025-12-07T11:47:34.155559Z","level":"info","event":"موسسه صندوق بازنشستگي  ،وظيفه  ،ازكارافتادگي وپ 55807104080.0 25.836","chan":"stdout","logger":"task"}
{"timestamp":"2025-12-07T11:47:34.156020Z","level":"info","event":"شركت واسط مالي مرداد-بامسئوليت محدود- 4576659039.0 2.118","chan":"stdout","logger":"task"}
{"timestamp":"2025-12-07T11:47:34.188289Z","level":"info","event":"Failed to fetch https://cdn.tsetmc.com/api/Shareholder/26014913469567886/20251110: HTTPSConnectionPool(host='cdn.tsetmc.com', port=443): Max retries exceeded with url: /api/Shareholder/26014913469567886/20251110 (Caused by SSLError(SSLCertVerificationError(1, '[SSL: CERTIFICATE_VERIFY_FAILED] certificate verify failed: unable to get local issuer certificate (_ssl.c:1010)')))","chan":"stdout","logger":"task"}
{"timestamp":"2025-12-07T11:47:34.234158Z","level":"info","event":"شركت سرمايه گذاري تجاري شستان -س .خ - 31410392019.0 14.541","chan":"stdout","logger":"task"}
{"timestamp":"2025-12-07T11:47:34.234910Z","level":"info","event":"شركت بيمه مركزي جمهوري اسلامي ايران 2246894586.0 1.04","chan":"stdout","logger":"task"}
{"timestamp":"2025-12-07T11:47:34.235458Z","level":"info","event":"موسسه صندوق بيمه اجتماعي روستائيان وعشاير 9440129361.0 4.37","chan":"stdout","logger":"task"}
{"timestamp":"2025-12-07T11:47:34.236288Z","level":"info","event":"شركت سرمايه گذاري ملي ايران -سهامي عام - 4396591595.0 2.035","chan":"stdout","logger":"task"}
{"timestamp":"2025-12-07T11:47:34.236868Z","level":"info","event":"موسسه صندوق بازنشستگي  ،وظيفه  ،ازكارافتادگي وپ 55807104080.0 25.836","chan":"stdout","logger":"task"}
{"timestamp":"2025-12-07T11:47:34.237510Z","level":"info","event":"صندوق بازنشستگي نيروهاي مسلح 40611697809.0 18.801","chan":"stdout","logger":"task"}
{"timestamp":"2025-12-07T11:47:34.238097Z","level":"info","event":"صندوق بيمه عمروحوادث نيروهاي مسلح 34401229389.0 15.926","chan":"stdout","logger":"task"}
{"timestamp":"2025-12-07T11:47:34.238745Z","level":"info","event":"شركت واسط مالي مرداد-بامسئوليت محدود- 4576659039.0 2.118","chan":"stdout","logger":"task"}
{"timestamp":"2025-12-07T11:47:34.239287Z","level":"info","event":"شركت سرمايه گذاري ملي ايران -سهامي عام - 4396591595.0 2.035","chan":"stdout","logger":"task"}
{"timestamp":"2025-12-07T11:47:34.239831Z","level":"info","event":"صندوق بازنشستگي نيروهاي مسلح 40611697809.0 18.801","chan":"stdout","logger":"task"}
{"timestamp":"2025-12-07T11:47:34.240689Z","level":"info","event":"شركت بيمه مركزي جمهوري اسلامي ايران 2246894586.0 1.04","chan":"stdout","logger":"task"}
{"timestamp":"2025-12-07T11:47:34.241108Z","level":"info","event":"صندوق بيمه عمروحوادث نيروهاي مسلح 34401229389.0 15.926","chan":"stdout","logger":"task"}
{"timestamp":"2025-12-07T11:47:34.241570Z","level":"info","event":"موسسه صندوق بازنشستگي  ،وظيفه  ،ازكارافتادگي وپ 55807104080.0 25.836","chan":"stdout","logger":"task"}
{"timestamp":"2025-12-07T11:47:34.241966Z","level":"info","event":"موسسه صندوق بيمه اجتماعي روستائيان وعشاير 9440129361.0 4.37","chan":"stdout","logger":"task"}
{"timestamp":"2025-12-07T11:47:34.242734Z","level":"info","event":"شركت سرمايه گذاري تجاري شستان -س .خ - 31410392019.0 14.541","chan":"stdout","logger":"task"}
{"timestamp":"2025-12-07T11:47:34.243263Z","level":"info","event":"شركت واسط مالي مرداد-بامسئوليت محدود- 4576659039.0 2.118","chan":"stdout","logger":"task"}
{"timestamp":"2025-12-07T11:47:34.320418Z","level":"info","event":"شركت سرمايه گذاري ملي ايران -سهامي عام - 4396591595.0 2.035","chan":"stdout","logger":"task"}
{"timestamp":"2025-12-07T11:47:34.321383Z","level":"info","event":"صندوق بيمه عمروحوادث نيروهاي مسلح 34401229389.0 15.926","chan":"stdout","logger":"task"}
{"timestamp":"2025-12-07T11:47:34.321907Z","level":"info","event":"شركت بيمه مركزي جمهوري اسلامي ايران 2246894586.0 1.04","chan":"stdout","logger":"task"}
{"timestamp":"2025-12-07T11:47:34.322471Z","level":"info","event":"صندوق بازنشستگي نيروهاي مسلح 40611697809.0 18.801","chan":"stdout","logger":"task"}
{"timestamp":"2025-12-07T11:47:34.322965Z","level":"info","event":"موسسه صندوق بيمه اجتماعي روستائيان وعشاير 9440129361.0 4.37","chan":"stdout","logger":"task"}
{"timestamp":"2025-12-07T11:47:34.323492Z","level":"info","event":"شركت سرمايه گذاري تجاري شستان -س .خ - 31410392019.0 14.541","chan":"stdout","logger":"task"}
{"timestamp":"2025-12-07T11:47:34.324562Z","level":"info","event":"موسسه صندوق بازنشستگي  ،وظيفه  ،ازكارافتادگي وپ 55807104080.0 25.836","chan":"stdout","logger":"task"}
{"timestamp":"2025-12-07T11:47:34.325029Z","level":"info","event":"شركت واسط مالي مرداد-بامسئوليت محدود- 4576659039.0 2.118","chan":"stdout","logger":"task"}
{"timestamp":"2025-12-07T11:47:34.325499Z","level":"info","event":"شركت سرمايه گذاري ملي ايران -سهامي عام - 4396591595.0 2.035","chan":"stdout","logger":"task"}
{"timestamp":"2025-12-07T11:47:34.326023Z","level":"info","event":"صندوق بيمه عمروحوادث نيروهاي مسلح 34401229389.0 15.926","chan":"stdout","logger":"task"}
{"timestamp":"2025-12-07T11:47:34.326490Z","level":"info","event":"شركت بيمه مركزي جمهوري اسلامي ايران 2246894586.0 1.04","chan":"stdout","logger":"task"}
{"timestamp":"2025-12-07T11:47:34.327114Z","level":"info","event":"صندوق بازنشستگي نيروهاي مسلح 40611697809.0 18.801","chan":"stdout","logger":"task"}
{"timestamp":"2025-12-07T11:47:34.327924Z","level":"info","event":"موسسه صندوق بيمه اجتماعي روستائيان وعشاير 9440129361.0 4.37","chan":"stdout","logger":"task"}
{"timestamp":"2025-12-07T11:47:34.328927Z","level":"info","event":"شركت سرمايه گذاري تجاري شستان -س .خ - 31410392019.0 14.541","chan":"stdout","logger":"task"}
{"timestamp":"2025-12-07T11:47:34.329983Z","level":"info","event":"موسسه صندوق بازنشستگي  ،وظيفه  ،ازكارافتادگي وپ 55807104080.0 25.836","chan":"stdout","logger":"task"}
{"timestamp":"2025-12-07T11:47:34.330604Z","level":"info","event":"شركت واسط مالي مرداد-بامسئوليت محدود- 4576659039.0 2.118","chan":"stdout","logger":"task"}
{"timestamp":"2025-12-07T11:47:34.372604Z","level":"info","event":"Failed to fetch https://cdn.tsetmc.com/api/Shareholder/26014913469567886/20251113: HTTPSConnectionPool(host='cdn.tsetmc.com', port=443): Max retries exceeded with url: /api/Shareholder/26014913469567886/20251113 (Caused by SSLError(SSLCertVerificationError(1, '[SSL: CERTIFICATE_VERIFY_FAILED] certificate verify failed: unable to get local issuer certificate (_ssl.c:1010)')))","chan":"stdout","logger":"task"}
{"timestamp":"2025-12-07T11:47:34.425059Z","level":"info","event":"صندوق بيمه عمروحوادث نيروهاي مسلح 34401229389.0 15.926","chan":"stdout","logger":"task"}
{"timestamp":"2025-12-07T11:47:34.425781Z","level":"info","event":"شركت بيمه مركزي جمهوري اسلامي ايران 2246894586.0 1.04","chan":"stdout","logger":"task"}
{"timestamp":"2025-12-07T11:47:34.426248Z","level":"info","event":"شركت واسط مالي مرداد-بامسئوليت محدود- 4576659039.0 2.118","chan":"stdout","logger":"task"}
{"timestamp":"2025-12-07T11:47:34.426698Z","level":"info","event":"صندوق بازنشستگي نيروهاي مسلح 40611697809.0 18.801","chan":"stdout","logger":"task"}
{"timestamp":"2025-12-07T11:47:34.427107Z","level":"info","event":"شركت سرمايه گذاري تجاري شستان -س .خ - 31410392019.0 14.541","chan":"stdout","logger":"task"}
{"timestamp":"2025-12-07T11:47:34.427595Z","level":"info","event":"موسسه صندوق بازنشستگي  ،وظيفه  ،ازكارافتادگي وپ 55807104080.0 25.836","chan":"stdout","logger":"task"}
{"timestamp":"2025-12-07T11:47:34.428299Z","level":"info","event":"موسسه صندوق بيمه اجتماعي روستائيان وعشاير 9440129361.0 4.37","chan":"stdout","logger":"task"}
{"timestamp":"2025-12-07T11:47:34.428936Z","level":"info","event":"شركت سرمايه گذاري ملي ايران -سهامي عام - 4396591595.0 2.035","chan":"stdout","logger":"task"}
{"timestamp":"2025-12-07T11:47:34.429639Z","level":"info","event":"شركت سرمايه گذاري تجاري شستان -س .خ - 31410392019.0 14.541","chan":"stdout","logger":"task"}
{"timestamp":"2025-12-07T11:47:34.430407Z","level":"info","event":"شركت بيمه مركزي جمهوري اسلامي ايران 2246894586.0 1.04","chan":"stdout","logger":"task"}
{"timestamp":"2025-12-07T11:47:34.430904Z","level":"info","event":"موسسه صندوق بيمه اجتماعي روستائيان وعشاير 9440129361.0 4.37","chan":"stdout","logger":"task"}
{"timestamp":"2025-12-07T11:47:34.431430Z","level":"info","event":"شركت سرمايه گذاري ملي ايران -سهامي عام - 4396591595.0 2.035","chan":"stdout","logger":"task"}
{"timestamp":"2025-12-07T11:47:34.432070Z","level":"info","event":"موسسه صندوق بازنشستگي  ،وظيفه  ،ازكارافتادگي وپ 55807104080.0 25.836","chan":"stdout","logger":"task"}
{"timestamp":"2025-12-07T11:47:34.432803Z","level":"info","event":"صندوق بازنشستگي نيروهاي مسلح 40611697809.0 18.801","chan":"stdout","logger":"task"}
{"timestamp":"2025-12-07T11:47:34.433320Z","level":"info","event":"صندوق بيمه عمروحوادث نيروهاي مسلح 34401229389.0 15.926","chan":"stdout","logger":"task"}
{"timestamp":"2025-12-07T11:47:34.433830Z","level":"info","event":"شركت واسط مالي مرداد-بامسئوليت محدود- 4576659039.0 2.118","chan":"stdout","logger":"task"}
{"timestamp":"2025-12-07T11:47:34.524106Z","level":"info","event":"شركت سرمايه گذاري ملي ايران -سهامي عام - 4396591595.0 2.035","chan":"stdout","logger":"task"}
{"timestamp":"2025-12-07T11:47:34.524736Z","level":"info","event":"صندوق بيمه عمروحوادث نيروهاي مسلح 34401229389.0 15.926","chan":"stdout","logger":"task"}
{"timestamp":"2025-12-07T11:47:34.525159Z","level":"info","event":"شركت بيمه مركزي جمهوري اسلامي ايران 2246894586.0 1.04","chan":"stdout","logger":"task"}
{"timestamp":"2025-12-07T11:47:34.525503Z","level":"info","event":"صندوق بازنشستگي نيروهاي مسلح 40611697809.0 18.801","chan":"stdout","logger":"task"}
{"timestamp":"2025-12-07T11:47:34.525905Z","level":"info","event":"موسسه صندوق بيمه اجتماعي روستائيان وعشاير 9440129361.0 4.37","chan":"stdout","logger":"task"}
{"timestamp":"2025-12-07T11:47:34.526203Z","level":"info","event":"شركت سرمايه گذاري تجاري شستان -س .خ - 31410392019.0 14.541","chan":"stdout","logger":"task"}
{"timestamp":"2025-12-07T11:47:34.526759Z","level":"info","event":"موسسه صندوق بازنشستگي  ،وظيفه  ،ازكارافتادگي وپ 55807104080.0 25.836","chan":"stdout","logger":"task"}
{"timestamp":"2025-12-07T11:47:34.527411Z","level":"info","event":"شركت واسط مالي مرداد-بامسئوليت محدود- 4576659039.0 2.118","chan":"stdout","logger":"task"}
{"timestamp":"2025-12-07T11:47:34.528304Z","level":"info","event":"شركت سرمايه گذاري ملي ايران -سهامي عام - 4396591595.0 2.035","chan":"stdout","logger":"task"}
{"timestamp":"2025-12-07T11:47:34.529150Z","level":"info","event":"صندوق بيمه عمروحوادث نيروهاي مسلح 34401229389.0 15.926","chan":"stdout","logger":"task"}
{"timestamp":"2025-12-07T11:47:34.529999Z","level":"info","event":"شركت بيمه مركزي جمهوري اسلامي ايران 2246894586.0 1.04","chan":"stdout","logger":"task"}
{"timestamp":"2025-12-07T11:47:34.530678Z","level":"info","event":"صندوق بازنشستگي نيروهاي مسلح 40611697809.0 18.801","chan":"stdout","logger":"task"}
{"timestamp":"2025-12-07T11:47:34.531264Z","level":"info","event":"موسسه صندوق بيمه اجتماعي روستائيان وعشاير 9440129361.0 4.37","chan":"stdout","logger":"task"}
{"timestamp":"2025-12-07T11:47:34.532136Z","level":"info","event":"شركت سرمايه گذاري تجاري شستان -س .خ - 31410392019.0 14.541","chan":"stdout","logger":"task"}
{"timestamp":"2025-12-07T11:47:34.533133Z","level":"info","event":"موسسه صندوق بازنشستگي  ،وظيفه  ،ازكارافتادگي وپ 55807104080.0 25.836","chan":"stdout","logger":"task"}
{"timestamp":"2025-12-07T11:47:34.533738Z","level":"info","event":"شركت واسط مالي مرداد-بامسئوليت محدود- 4576659039.0 2.118","chan":"stdout","logger":"task"}
{"timestamp":"2025-12-07T11:47:34.570375Z","level":"info","event":"شركت بيمه مركزي جمهوري اسلامي ايران 2256194586.0 1.044","chan":"stdout","logger":"task"}
{"timestamp":"2025-12-07T11:47:34.572200Z","level":"info","event":"صندوق بيمه عمروحوادث نيروهاي مسلح 34401229389.0 15.926","chan":"stdout","logger":"task"}
{"timestamp":"2025-12-07T11:47:34.572791Z","level":"info","event":"موسسه صندوق بيمه اجتماعي روستائيان وعشاير 9440129361.0 4.37","chan":"stdout","logger":"task"}
{"timestamp":"2025-12-07T11:47:34.573284Z","level":"info","event":"شركت واسط مالي مرداد-بامسئوليت محدود- 4576659039.0 2.118","chan":"stdout","logger":"task"}
{"timestamp":"2025-12-07T11:47:34.573648Z","level":"info","event":"صندوق بازنشستگي نيروهاي مسلح 40611697809.0 18.801","chan":"stdout","logger":"task"}
{"timestamp":"2025-12-07T11:47:34.573953Z","level":"info","event":"شركت سرمايه گذاري ملي ايران -سهامي عام - 4396591595.0 2.035","chan":"stdout","logger":"task"}
{"timestamp":"2025-12-07T11:47:34.574244Z","level":"info","event":"شركت سرمايه گذاري تجاري شستان -س .خ - 31410392019.0 14.541","chan":"stdout","logger":"task"}
{"timestamp":"2025-12-07T11:47:34.574529Z","level":"info","event":"موسسه صندوق بازنشستگي  ،وظيفه  ،ازكارافتادگي وپ 55807104080.0 25.836","chan":"stdout","logger":"task"}
{"timestamp":"2025-12-07T11:47:34.574809Z","level":"info","event":"صندوق بازنشستگي نيروهاي مسلح 40611697809.0 18.801","chan":"stdout","logger":"task"}
{"timestamp":"2025-12-07T11:47:34.575988Z","level":"info","event":"شركت سرمايه گذاري تجاري شستان -س .خ - 31410392019.0 14.541","chan":"stdout","logger":"task"}
{"timestamp":"2025-12-07T11:47:34.576576Z","level":"info","event":"شركت بيمه مركزي جمهوري اسلامي ايران 2246894586.0 1.04","chan":"stdout","logger":"task"}
{"timestamp":"2025-12-07T11:47:34.576989Z","level":"info","event":"صندوق بيمه عمروحوادث نيروهاي مسلح 34401229389.0 15.926","chan":"stdout","logger":"task"}
{"timestamp":"2025-12-07T11:47:34.577384Z","level":"info","event":"شركت واسط مالي مرداد-بامسئوليت محدود- 4576659039.0 2.118","chan":"stdout","logger":"task"}
{"timestamp":"2025-12-07T11:47:34.577862Z","level":"info","event":"موسسه صندوق بازنشستگي  ،وظيفه  ،ازكارافتادگي وپ 55807104080.0 25.836","chan":"stdout","logger":"task"}
{"timestamp":"2025-12-07T11:47:34.578805Z","level":"info","event":"شركت سرمايه گذاري ملي ايران -سهامي عام - 4396591595.0 2.035","chan":"stdout","logger":"task"}
{"timestamp":"2025-12-07T11:47:34.579618Z","level":"info","event":"موسسه صندوق بيمه اجتماعي روستائيان وعشاير 9440129361.0 4.37","chan":"stdout","logger":"task"}
{"timestamp":"2025-12-07T11:47:34.636667Z","level":"info","event":"شركت سرمايه گذاري ملي ايران -سهامي عام - 4396591595.0 2.035","chan":"stdout","logger":"task"}
{"timestamp":"2025-12-07T11:47:34.637248Z","level":"info","event":"صندوق بيمه عمروحوادث نيروهاي مسلح 34401229389.0 15.926","chan":"stdout","logger":"task"}
{"timestamp":"2025-12-07T11:47:34.637670Z","level":"info","event":"شركت بيمه مركزي جمهوري اسلامي ايران 2256194586.0 1.044","chan":"stdout","logger":"task"}
{"timestamp":"2025-12-07T11:47:34.638219Z","level":"info","event":"صندوق بازنشستگي نيروهاي مسلح 40611697809.0 18.801","chan":"stdout","logger":"task"}
{"timestamp":"2025-12-07T11:47:34.638735Z","level":"info","event":"موسسه صندوق بيمه اجتماعي روستائيان وعشاير 9440129361.0 4.37","chan":"stdout","logger":"task"}
{"timestamp":"2025-12-07T11:47:34.639283Z","level":"info","event":"شركت سرمايه گذاري تجاري شستان -س .خ - 31410392019.0 14.541","chan":"stdout","logger":"task"}
{"timestamp":"2025-12-07T11:47:34.639711Z","level":"info","event":"موسسه صندوق بازنشستگي  ،وظيفه  ،ازكارافتادگي وپ 55807104080.0 25.836","chan":"stdout","logger":"task"}
{"timestamp":"2025-12-07T11:47:34.640126Z","level":"info","event":"شركت واسط مالي مرداد-بامسئوليت محدود- 4576659039.0 2.118","chan":"stdout","logger":"task"}
{"timestamp":"2025-12-07T11:47:34.640568Z","level":"info","event":"شركت سرمايه گذاري ملي ايران -سهامي عام - 4396591595.0 2.035","chan":"stdout","logger":"task"}
{"timestamp":"2025-12-07T11:47:34.641124Z","level":"info","event":"صندوق بيمه عمروحوادث نيروهاي مسلح 34401229389.0 15.926","chan":"stdout","logger":"task"}
{"timestamp":"2025-12-07T11:47:34.641648Z","level":"info","event":"شركت بيمه مركزي جمهوري اسلامي ايران 2256194586.0 1.044","chan":"stdout","logger":"task"}
{"timestamp":"2025-12-07T11:47:34.642211Z","level":"info","event":"صندوق بازنشستگي نيروهاي مسلح 40611697809.0 18.801","chan":"stdout","logger":"task"}
{"timestamp":"2025-12-07T11:47:34.642841Z","level":"info","event":"موسسه صندوق بيمه اجتماعي روستائيان وعشاير 9440129361.0 4.37","chan":"stdout","logger":"task"}
{"timestamp":"2025-12-07T11:47:34.643360Z","level":"info","event":"شركت سرمايه گذاري تجاري شستان -س .خ - 31410392019.0 14.541","chan":"stdout","logger":"task"}
{"timestamp":"2025-12-07T11:47:34.643806Z","level":"info","event":"موسسه صندوق بازنشستگي  ،وظيفه  ،ازكارافتادگي وپ 55807104080.0 25.836","chan":"stdout","logger":"task"}
{"timestamp":"2025-12-07T11:47:34.644622Z","level":"info","event":"شركت واسط مالي مرداد-بامسئوليت محدود- 4576659039.0 2.118","chan":"stdout","logger":"task"}
{"timestamp":"2025-12-07T11:47:34.685863Z","level":"info","event":"Failed to fetch https://cdn.tsetmc.com/api/Shareholder/26014913469567886/20251118: HTTPSConnectionPool(host='cdn.tsetmc.com', port=443): Max retries exceeded with url: /api/Shareholder/26014913469567886/20251118 (Caused by SSLError(SSLCertVerificationError(1, '[SSL: CERTIFICATE_VERIFY_FAILED] certificate verify failed: unable to get local issuer certificate (_ssl.c:1010)')))","chan":"stdout","logger":"task"}
{"timestamp":"2025-12-07T11:47:34.723332Z","level":"info","event":"موسسه صندوق بازنشستگي  ،وظيفه  ،ازكارافتادگي وپ 55807104080.0 25.836","chan":"stdout","logger":"task"}
{"timestamp":"2025-12-07T11:47:34.723979Z","level":"info","event":"شركت سرمايه گذاري ملي ايران -سهامي عام - 4396591595.0 2.035","chan":"stdout","logger":"task"}
{"timestamp":"2025-12-07T11:47:34.724408Z","level":"info","event":"شركت واسط مالي مرداد-بامسئوليت محدود- 4576659039.0 2.118","chan":"stdout","logger":"task"}
{"timestamp":"2025-12-07T11:47:34.724742Z","level":"info","event":"موسسه صندوق بيمه اجتماعي روستائيان وعشاير 9440129361.0 4.37","chan":"stdout","logger":"task"}
{"timestamp":"2025-12-07T11:47:34.725045Z","level":"info","event":"شركت سرمايه گذاري تجاري شستان -س .خ - 31410392019.0 14.541","chan":"stdout","logger":"task"}
{"timestamp":"2025-12-07T11:47:34.725414Z","level":"info","event":"شركت بيمه مركزي جمهوري اسلامي ايران 2265294586.0 1.048","chan":"stdout","logger":"task"}
{"timestamp":"2025-12-07T11:47:34.726308Z","level":"info","event":"صندوق بازنشستگي نيروهاي مسلح 40611697809.0 18.801","chan":"stdout","logger":"task"}
{"timestamp":"2025-12-07T11:47:34.726898Z","level":"info","event":"صندوق بيمه عمروحوادث نيروهاي مسلح 34401229389.0 15.926","chan":"stdout","logger":"task"}
{"timestamp":"2025-12-07T11:47:34.727253Z","level":"info","event":"صندوق بيمه عمروحوادث نيروهاي مسلح 34401229389.0 15.926","chan":"stdout","logger":"task"}
{"timestamp":"2025-12-07T11:47:34.727664Z","level":"info","event":"شركت بيمه مركزي جمهوري اسلامي ايران 2265294586.0 1.048","chan":"stdout","logger":"task"}
{"timestamp":"2025-12-07T11:47:34.728347Z","level":"info","event":"شركت واسط مالي مرداد-بامسئوليت محدود- 4576659039.0 2.118","chan":"stdout","logger":"task"}
{"timestamp":"2025-12-07T11:47:34.728974Z","level":"info","event":"صندوق بازنشستگي نيروهاي مسلح 40611697809.0 18.801","chan":"stdout","logger":"task"}
{"timestamp":"2025-12-07T11:47:34.729687Z","level":"info","event":"شركت سرمايه گذاري ملي ايران -سهامي عام - 4396591595.0 2.035","chan":"stdout","logger":"task"}
{"timestamp":"2025-12-07T11:47:34.730441Z","level":"info","event":"موسسه صندوق بازنشستگي  ،وظيفه  ،ازكارافتادگي وپ 55807104080.0 25.836","chan":"stdout","logger":"task"}
{"timestamp":"2025-12-07T11:47:34.730997Z","level":"info","event":"موسسه صندوق بيمه اجتماعي روستائيان وعشاير 9440129361.0 4.37","chan":"stdout","logger":"task"}
{"timestamp":"2025-12-07T11:47:34.731907Z","level":"info","event":"شركت سرمايه گذاري تجاري شستان -س .خ - 31410392019.0 14.541","chan":"stdout","logger":"task"}
{"timestamp":"2025-12-07T11:47:34.803446Z","level":"info","event":"شركت سرمايه گذاري ملي ايران -سهامي عام - 4396591595.0 2.035","chan":"stdout","logger":"task"}
{"timestamp":"2025-12-07T11:47:34.804586Z","level":"info","event":"صندوق بيمه عمروحوادث نيروهاي مسلح 34401229389.0 15.926","chan":"stdout","logger":"task"}
{"timestamp":"2025-12-07T11:47:34.805689Z","level":"info","event":"شركت بيمه مركزي جمهوري اسلامي ايران 2265294586.0 1.048","chan":"stdout","logger":"task"}
{"timestamp":"2025-12-07T11:47:34.806173Z","level":"info","event":"صندوق بازنشستگي نيروهاي مسلح 40611697809.0 18.801","chan":"stdout","logger":"task"}
{"timestamp":"2025-12-07T11:47:34.806513Z","level":"info","event":"موسسه صندوق بيمه اجتماعي روستائيان وعشاير 9440129361.0 4.37","chan":"stdout","logger":"task"}
{"timestamp":"2025-12-07T11:47:34.806785Z","level":"info","event":"شركت سرمايه گذاري تجاري شستان -س .خ - 31410392019.0 14.541","chan":"stdout","logger":"task"}
{"timestamp":"2025-12-07T11:47:34.807097Z","level":"info","event":"موسسه صندوق بازنشستگي  ،وظيفه  ،ازكارافتادگي وپ 55807104080.0 25.836","chan":"stdout","logger":"task"}
{"timestamp":"2025-12-07T11:47:34.807362Z","level":"info","event":"شركت واسط مالي مرداد-بامسئوليت محدود- 4576659039.0 2.118","chan":"stdout","logger":"task"}
{"timestamp":"2025-12-07T11:47:34.807675Z","level":"info","event":"شركت سرمايه گذاري ملي ايران -سهامي عام - 4396591595.0 2.035","chan":"stdout","logger":"task"}
{"timestamp":"2025-12-07T11:47:34.807939Z","level":"info","event":"صندوق بيمه عمروحوادث نيروهاي مسلح 34401229389.0 15.926","chan":"stdout","logger":"task"}
{"timestamp":"2025-12-07T11:47:34.808315Z","level":"info","event":"شركت بيمه مركزي جمهوري اسلامي ايران 2265294586.0 1.048","chan":"stdout","logger":"task"}
{"timestamp":"2025-12-07T11:47:34.808697Z","level":"info","event":"صندوق بازنشستگي نيروهاي مسلح 40611697809.0 18.801","chan":"stdout","logger":"task"}
{"timestamp":"2025-12-07T11:47:34.809032Z","level":"info","event":"موسسه صندوق بيمه اجتماعي روستائيان وعشاير 9440129361.0 4.37","chan":"stdout","logger":"task"}
{"timestamp":"2025-12-07T11:47:34.809398Z","level":"info","event":"شركت سرمايه گذاري تجاري شستان -س .خ - 31410392019.0 14.541","chan":"stdout","logger":"task"}
{"timestamp":"2025-12-07T11:47:34.809722Z","level":"info","event":"موسسه صندوق بازنشستگي  ،وظيفه  ،ازكارافتادگي وپ 55807104080.0 25.836","chan":"stdout","logger":"task"}
{"timestamp":"2025-12-07T11:47:34.810110Z","level":"info","event":"شركت واسط مالي مرداد-بامسئوليت محدود- 4576659039.0 2.118","chan":"stdout","logger":"task"}
{"timestamp":"2025-12-07T11:47:34.851115Z","level":"info","event":"Failed to fetch https://cdn.tsetmc.com/api/Shareholder/26014913469567886/20251121: HTTPSConnectionPool(host='cdn.tsetmc.com', port=443): Max retries exceeded with url: /api/Shareholder/26014913469567886/20251121 (Caused by SSLError(SSLCertVerificationError(1, '[SSL: CERTIFICATE_VERIFY_FAILED] certificate verify failed: unable to get local issuer certificate (_ssl.c:1010)')))","chan":"stdout","logger":"task"}
{"timestamp":"2025-12-07T11:47:34.895544Z","level":"info","event":"شركت سرمايه گذاري ملي ايران -سهامي عام - 4396591595.0 2.035","chan":"stdout","logger":"task"}
{"timestamp":"2025-12-07T11:47:34.897605Z","level":"info","event":"موسسه صندوق بازنشستگي  ،وظيفه  ،ازكارافتادگي وپ 55807104080.0 25.836","chan":"stdout","logger":"task"}
{"timestamp":"2025-12-07T11:47:34.898633Z","level":"info","event":"شركت سرمايه گذاري تجاري شستان -س .خ - 31410392019.0 14.541","chan":"stdout","logger":"task"}
{"timestamp":"2025-12-07T11:47:34.899439Z","level":"info","event":"شركت واسط مالي مرداد-بامسئوليت محدود- 4576659039.0 2.118","chan":"stdout","logger":"task"}
{"timestamp":"2025-12-07T11:47:34.900432Z","level":"info","event":"شركت بيمه مركزي جمهوري اسلامي ايران 2265294586.0 1.048","chan":"stdout","logger":"task"}
{"timestamp":"2025-12-07T11:47:34.901212Z","level":"info","event":"صندوق بيمه عمروحوادث نيروهاي مسلح 34401229389.0 15.926","chan":"stdout","logger":"task"}
{"timestamp":"2025-12-07T11:47:34.901825Z","level":"info","event":"صندوق بازنشستگي نيروهاي مسلح 40611697809.0 18.801","chan":"stdout","logger":"task"}
{"timestamp":"2025-12-07T11:47:34.902455Z","level":"info","event":"موسسه صندوق بيمه اجتماعي روستائيان وعشاير 9440129361.0 4.37","chan":"stdout","logger":"task"}
{"timestamp":"2025-12-07T11:47:34.902993Z","level":"info","event":"موسسه صندوق بازنشستگي  ،وظيفه  ،ازكارافتادگي وپ 55807104080.0 25.836","chan":"stdout","logger":"task"}
{"timestamp":"2025-12-07T11:47:34.903709Z","level":"info","event":"شركت سرمايه گذاري ملي ايران -سهامي عام - 4396591595.0 2.035","chan":"stdout","logger":"task"}
{"timestamp":"2025-12-07T11:47:34.904384Z","level":"info","event":"شركت واسط مالي مرداد-بامسئوليت محدود- 4576659039.0 2.118","chan":"stdout","logger":"task"}
{"timestamp":"2025-12-07T11:47:34.905015Z","level":"info","event":"موسسه صندوق بيمه اجتماعي روستائيان وعشاير 9440129361.0 4.37","chan":"stdout","logger":"task"}
{"timestamp":"2025-12-07T11:47:34.905563Z","level":"info","event":"شركت سرمايه گذاري تجاري شستان -س .خ - 31410392019.0 14.541","chan":"stdout","logger":"task"}
{"timestamp":"2025-12-07T11:47:34.906123Z","level":"info","event":"شركت بيمه مركزي جمهوري اسلامي ايران 2265294586.0 1.048","chan":"stdout","logger":"task"}
{"timestamp":"2025-12-07T11:47:34.906691Z","level":"info","event":"صندوق بازنشستگي نيروهاي مسلح 40611697809.0 18.801","chan":"stdout","logger":"task"}
{"timestamp":"2025-12-07T11:47:34.907296Z","level":"info","event":"صندوق بيمه عمروحوادث نيروهاي مسلح 34401229389.0 15.926","chan":"stdout","logger":"task"}
{"timestamp":"2025-12-07T11:47:34.989621Z","level":"info","event":"شركت سرمايه گذاري ملي ايران -سهامي عام - 4396591595.0 2.035","chan":"stdout","logger":"task"}
{"timestamp":"2025-12-07T11:47:34.990798Z","level":"info","event":"صندوق بيمه عمروحوادث نيروهاي مسلح 34401229389.0 15.926","chan":"stdout","logger":"task"}
{"timestamp":"2025-12-07T11:47:34.991233Z","level":"info","event":"شركت بيمه مركزي جمهوري اسلامي ايران 2265294586.0 1.048","chan":"stdout","logger":"task"}
{"timestamp":"2025-12-07T11:47:34.991698Z","level":"info","event":"صندوق بازنشستگي نيروهاي مسلح 40611697809.0 18.801","chan":"stdout","logger":"task"}
{"timestamp":"2025-12-07T11:47:34.992330Z","level":"info","event":"موسسه صندوق بيمه اجتماعي روستائيان وعشاير 9440129361.0 4.37","chan":"stdout","logger":"task"}
{"timestamp":"2025-12-07T11:47:34.992820Z","level":"info","event":"شركت سرمايه گذاري تجاري شستان -س .خ - 31410392019.0 14.541","chan":"stdout","logger":"task"}
{"timestamp":"2025-12-07T11:47:34.993198Z","level":"info","event":"موسسه صندوق بازنشستگي  ،وظيفه  ،ازكارافتادگي وپ 55807104080.0 25.836","chan":"stdout","logger":"task"}
{"timestamp":"2025-12-07T11:47:34.993603Z","level":"info","event":"شركت واسط مالي مرداد-بامسئوليت محدود- 4576659039.0 2.118","chan":"stdout","logger":"task"}
{"timestamp":"2025-12-07T11:47:34.993980Z","level":"info","event":"شركت سرمايه گذاري ملي ايران -سهامي عام - 4396591595.0 2.035","chan":"stdout","logger":"task"}
{"timestamp":"2025-12-07T11:47:34.994327Z","level":"info","event":"صندوق بيمه عمروحوادث نيروهاي مسلح 34401229389.0 15.926","chan":"stdout","logger":"task"}
{"timestamp":"2025-12-07T11:47:34.994639Z","level":"info","event":"شركت بيمه مركزي جمهوري اسلامي ايران 2265294586.0 1.048","chan":"stdout","logger":"task"}
{"timestamp":"2025-12-07T11:47:34.995074Z","level":"info","event":"صندوق بازنشستگي نيروهاي مسلح 40611697809.0 18.801","chan":"stdout","logger":"task"}
{"timestamp":"2025-12-07T11:47:34.995664Z","level":"info","event":"موسسه صندوق بيمه اجتماعي روستائيان وعشاير 9440129361.0 4.37","chan":"stdout","logger":"task"}
{"timestamp":"2025-12-07T11:47:34.996207Z","level":"info","event":"شركت سرمايه گذاري تجاري شستان -س .خ - 31410392019.0 14.541","chan":"stdout","logger":"task"}
{"timestamp":"2025-12-07T11:47:34.996948Z","level":"info","event":"موسسه صندوق بازنشستگي  ،وظيفه  ،ازكارافتادگي وپ 55807104080.0 25.836","chan":"stdout","logger":"task"}
{"timestamp":"2025-12-07T11:47:34.997839Z","level":"info","event":"شركت واسط مالي مرداد-بامسئوليت محدود- 4576659039.0 2.118","chan":"stdout","logger":"task"}
{"timestamp":"2025-12-07T11:47:35.036290Z","level":"info","event":"Failed to fetch https://cdn.tsetmc.com/api/Shareholder/26014913469567886/20251124: HTTPSConnectionPool(host='cdn.tsetmc.com', port=443): Max retries exceeded with url: /api/Shareholder/26014913469567886/20251124 (Caused by SSLError(SSLCertVerificationError(1, '[SSL: CERTIFICATE_VERIFY_FAILED] certificate verify failed: unable to get local issuer certificate (_ssl.c:1010)')))","chan":"stdout","logger":"task"}
{"timestamp":"2025-12-07T11:47:35.084044Z","level":"info","event":"شركت سرمايه گذاري تجاري شستان -س .خ - 31410392019.0 14.541","chan":"stdout","logger":"task"}
{"timestamp":"2025-12-07T11:47:35.084879Z","level":"info","event":"شركت سرمايه گذاري ملي ايران -سهامي عام - 4396591595.0 2.035","chan":"stdout","logger":"task"}
{"timestamp":"2025-12-07T11:47:35.085468Z","level":"info","event":"شركت بيمه مركزي جمهوري اسلامي ايران 2265294586.0 1.048","chan":"stdout","logger":"task"}
{"timestamp":"2025-12-07T11:47:35.086160Z","level":"info","event":"صندوق بيمه عمروحوادث نيروهاي مسلح 34401229389.0 15.926","chan":"stdout","logger":"task"}
{"timestamp":"2025-12-07T11:47:35.086735Z","level":"info","event":"موسسه صندوق بيمه اجتماعي روستائيان وعشاير 9440129361.0 4.37","chan":"stdout","logger":"task"}
{"timestamp":"2025-12-07T11:47:35.087379Z","level":"info","event":"صندوق بازنشستگي نيروهاي مسلح 40611697809.0 18.801","chan":"stdout","logger":"task"}
{"timestamp":"2025-12-07T11:47:35.087869Z","level":"info","event":"شركت واسط مالي مرداد-بامسئوليت محدود- 4576659039.0 2.118","chan":"stdout","logger":"task"}
{"timestamp":"2025-12-07T11:47:35.088343Z","level":"info","event":"موسسه صندوق بازنشستگي  ،وظيفه  ،ازكارافتادگي وپ 55807104080.0 25.836","chan":"stdout","logger":"task"}
{"timestamp":"2025-12-07T11:47:35.088665Z","level":"info","event":"موسسه صندوق بازنشستگي  ،وظيفه  ،ازكارافتادگي وپ 55807104080.0 25.836","chan":"stdout","logger":"task"}
{"timestamp":"2025-12-07T11:47:35.088965Z","level":"info","event":"شركت سرمايه گذاري تجاري شستان -س .خ - 31410392019.0 14.541","chan":"stdout","logger":"task"}
{"timestamp":"2025-12-07T11:47:35.089227Z","level":"info","event":"شركت واسط مالي مرداد-بامسئوليت محدود- 4576659039.0 2.118","chan":"stdout","logger":"task"}
{"timestamp":"2025-12-07T11:47:35.089519Z","level":"info","event":"شركت سرمايه گذاري ملي ايران -سهامي عام - 4396591595.0 2.035","chan":"stdout","logger":"task"}
{"timestamp":"2025-12-07T11:47:35.089803Z","level":"info","event":"موسسه صندوق بيمه اجتماعي روستائيان وعشاير 9440129361.0 4.37","chan":"stdout","logger":"task"}
{"timestamp":"2025-12-07T11:47:35.090061Z","level":"info","event":"شركت بيمه مركزي جمهوري اسلامي ايران 2265294586.0 1.048","chan":"stdout","logger":"task"}
{"timestamp":"2025-12-07T11:47:35.090349Z","level":"info","event":"صندوق بازنشستگي نيروهاي مسلح 40611697809.0 18.801","chan":"stdout","logger":"task"}
{"timestamp":"2025-12-07T11:47:35.090669Z","level":"info","event":"صندوق بيمه عمروحوادث نيروهاي مسلح 34401229389.0 15.926","chan":"stdout","logger":"task"}
{"timestamp":"2025-12-07T11:47:35.155358Z","level":"info","event":"شركت سرمايه گذاري ملي ايران -سهامي عام - 4396591595.0 2.035","chan":"stdout","logger":"task"}
{"timestamp":"2025-12-07T11:47:35.156564Z","level":"info","event":"صندوق بيمه عمروحوادث نيروهاي مسلح 34401229389.0 15.926","chan":"stdout","logger":"task"}
{"timestamp":"2025-12-07T11:47:35.157192Z","level":"info","event":"شركت بيمه مركزي جمهوري اسلامي ايران 2273794586.0 1.052","chan":"stdout","logger":"task"}
{"timestamp":"2025-12-07T11:47:35.157700Z","level":"info","event":"صندوق بازنشستگي نيروهاي مسلح 40611697809.0 18.801","chan":"stdout","logger":"task"}
{"timestamp":"2025-12-07T11:47:35.158106Z","level":"info","event":"موسسه صندوق بيمه اجتماعي روستائيان وعشاير 9440129361.0 4.37","chan":"stdout","logger":"task"}
{"timestamp":"2025-12-07T11:47:35.158487Z","level":"info","event":"شركت سرمايه گذاري تجاري شستان -س .خ - 31410392019.0 14.541","chan":"stdout","logger":"task"}
{"timestamp":"2025-12-07T11:47:35.158753Z","level":"info","event":"موسسه صندوق بازنشستگي  ،وظيفه  ،ازكارافتادگي وپ 55807104080.0 25.836","chan":"stdout","logger":"task"}
{"timestamp":"2025-12-07T11:47:35.159008Z","level":"info","event":"شركت واسط مالي مرداد-بامسئوليت محدود- 4576659039.0 2.118","chan":"stdout","logger":"task"}
{"timestamp":"2025-12-07T11:47:35.159267Z","level":"info","event":"شركت سرمايه گذاري ملي ايران -سهامي عام - 4396591595.0 2.035","chan":"stdout","logger":"task"}
{"timestamp":"2025-12-07T11:47:35.159562Z","level":"info","event":"صندوق بيمه عمروحوادث نيروهاي مسلح 34401229389.0 15.926","chan":"stdout","logger":"task"}
{"timestamp":"2025-12-07T11:47:35.159782Z","level":"info","event":"شركت بيمه مركزي جمهوري اسلامي ايران 2265294586.0 1.048","chan":"stdout","logger":"task"}
{"timestamp":"2025-12-07T11:47:35.159996Z","level":"info","event":"صندوق بازنشستگي نيروهاي مسلح 40611697809.0 18.801","chan":"stdout","logger":"task"}
{"timestamp":"2025-12-07T11:47:35.160225Z","level":"info","event":"موسسه صندوق بيمه اجتماعي روستائيان وعشاير 9440129361.0 4.37","chan":"stdout","logger":"task"}
{"timestamp":"2025-12-07T11:47:35.160468Z","level":"info","event":"شركت سرمايه گذاري تجاري شستان -س .خ - 31410392019.0 14.541","chan":"stdout","logger":"task"}
{"timestamp":"2025-12-07T11:47:35.160705Z","level":"info","event":"موسسه صندوق بازنشستگي  ،وظيفه  ،ازكارافتادگي وپ 55807104080.0 25.836","chan":"stdout","logger":"task"}
{"timestamp":"2025-12-07T11:47:35.160923Z","level":"info","event":"شركت واسط مالي مرداد-بامسئوليت محدود- 4576659039.0 2.118","chan":"stdout","logger":"task"}
{"timestamp":"2025-12-07T11:47:35.211481Z","level":"info","event":"Failed to fetch https://cdn.tsetmc.com/api/Shareholder/26014913469567886/20251127: HTTPSConnectionPool(host='cdn.tsetmc.com', port=443): Max retries exceeded with url: /api/Shareholder/26014913469567886/20251127 (Caused by SSLError(SSLCertVerificationError(1, '[SSL: CERTIFICATE_VERIFY_FAILED] certificate verify failed: unable to get local issuer certificate (_ssl.c:1010)')))","chan":"stdout","logger":"task"}
{"timestamp":"2025-12-07T11:47:35.257170Z","level":"info","event":"صندوق بازنشستگي نيروهاي مسلح 40611697809.0 18.801","chan":"stdout","logger":"task"}
{"timestamp":"2025-12-07T11:47:35.258568Z","level":"info","event":"شركت سرمايه گذاري تجاري شستان -س .خ - 31410392019.0 14.541","chan":"stdout","logger":"task"}
{"timestamp":"2025-12-07T11:47:35.259216Z","level":"info","event":"شركت بيمه مركزي جمهوري اسلامي ايران 2273794586.0 1.052","chan":"stdout","logger":"task"}
{"timestamp":"2025-12-07T11:47:35.259659Z","level":"info","event":"صندوق بيمه عمروحوادث نيروهاي مسلح 34401229389.0 15.926","chan":"stdout","logger":"task"}
{"timestamp":"2025-12-07T11:47:35.260228Z","level":"info","event":"شركت سرمايه گذاري ملي ايران -سهامي عام - 4396591595.0 2.035","chan":"stdout","logger":"task"}
{"timestamp":"2025-12-07T11:47:35.260804Z","level":"info","event":"شركت واسط مالي مرداد-بامسئوليت محدود- 4576659039.0 2.118","chan":"stdout","logger":"task"}
{"timestamp":"2025-12-07T11:47:35.261283Z","level":"info","event":"موسسه صندوق بازنشستگي  ،وظيفه  ،ازكارافتادگي وپ 55807104080.0 25.836","chan":"stdout","logger":"task"}
{"timestamp":"2025-12-07T11:47:35.261759Z","level":"info","event":"موسسه صندوق بيمه اجتماعي روستائيان وعشاير 9440129361.0 4.37","chan":"stdout","logger":"task"}
{"timestamp":"2025-12-07T11:47:35.263405Z","level":"info","event":"شركت سرمايه گذاري تجاري شستان -س .خ - 31410392019.0 14.541","chan":"stdout","logger":"task"}
{"timestamp":"2025-12-07T11:47:35.264389Z","level":"info","event":"شركت سرمايه گذاري ملي ايران -سهامي عام - 4396591595.0 2.035","chan":"stdout","logger":"task"}
{"timestamp":"2025-12-07T11:47:35.265068Z","level":"info","event":"شركت بيمه مركزي جمهوري اسلامي ايران 2265294586.0 1.048","chan":"stdout","logger":"task"}
{"timestamp":"2025-12-07T11:47:35.265827Z","level":"info","event":"صندوق بيمه عمروحوادث نيروهاي مسلح 34401229389.0 15.926","chan":"stdout","logger":"task"}
{"timestamp":"2025-12-07T11:47:35.266623Z","level":"info","event":"موسسه صندوق بيمه اجتماعي روستائيان وعشاير 9440129361.0 4.37","chan":"stdout","logger":"task"}
{"timestamp":"2025-12-07T11:47:35.267178Z","level":"info","event":"صندوق بازنشستگي نيروهاي مسلح 40611697809.0 18.801","chan":"stdout","logger":"task"}
{"timestamp":"2025-12-07T11:47:35.267650Z","level":"info","event":"شركت واسط مالي مرداد-بامسئوليت محدود- 4576659039.0 2.118","chan":"stdout","logger":"task"}
{"timestamp":"2025-12-07T11:47:35.268199Z","level":"info","event":"موسسه صندوق بازنشستگي  ،وظيفه  ،ازكارافتادگي وپ 55807104080.0 25.836","chan":"stdout","logger":"task"}
{"timestamp":"2025-12-07T11:47:35.341218Z","level":"info","event":"شركت سرمايه گذاري ملي ايران -سهامي عام - 4396591595.0 2.035","chan":"stdout","logger":"task"}
{"timestamp":"2025-12-07T11:47:35.341804Z","level":"info","event":"صندوق بيمه عمروحوادث نيروهاي مسلح 34401229389.0 15.926","chan":"stdout","logger":"task"}
{"timestamp":"2025-12-07T11:47:35.342234Z","level":"info","event":"شركت بيمه مركزي جمهوري اسلامي ايران 2274594586.0 1.053","chan":"stdout","logger":"task"}
{"timestamp":"2025-12-07T11:47:35.342769Z","level":"info","event":"صندوق بازنشستگي نيروهاي مسلح 40611697809.0 18.801","chan":"stdout","logger":"task"}
{"timestamp":"2025-12-07T11:47:35.343258Z","level":"info","event":"موسسه صندوق بيمه اجتماعي روستائيان وعشاير 9440129361.0 4.37","chan":"stdout","logger":"task"}
{"timestamp":"2025-12-07T11:47:35.343695Z","level":"info","event":"شركت سرمايه گذاري تجاري شستان -س .خ - 31410392019.0 14.541","chan":"stdout","logger":"task"}
{"timestamp":"2025-12-07T11:47:35.344085Z","level":"info","event":"موسسه صندوق بازنشستگي  ،وظيفه  ،ازكارافتادگي وپ 55807104080.0 25.836","chan":"stdout","logger":"task"}
{"timestamp":"2025-12-07T11:47:35.344547Z","level":"info","event":"شركت واسط مالي مرداد-بامسئوليت محدود- 4576659039.0 2.118","chan":"stdout","logger":"task"}
{"timestamp":"2025-12-07T11:47:35.344954Z","level":"info","event":"شركت سرمايه گذاري ملي ايران -سهامي عام - 4396591595.0 2.035","chan":"stdout","logger":"task"}
{"timestamp":"2025-12-07T11:47:35.345526Z","level":"info","event":"صندوق بيمه عمروحوادث نيروهاي مسلح 34401229389.0 15.926","chan":"stdout","logger":"task"}
{"timestamp":"2025-12-07T11:47:35.346535Z","level":"info","event":"شركت بيمه مركزي جمهوري اسلامي ايران 2273794586.0 1.052","chan":"stdout","logger":"task"}
{"timestamp":"2025-12-07T11:47:35.347514Z","level":"info","event":"صندوق بازنشستگي نيروهاي مسلح 40611697809.0 18.801","chan":"stdout","logger":"task"}
{"timestamp":"2025-12-07T11:47:35.348387Z","level":"info","event":"موسسه صندوق بيمه اجتماعي روستائيان وعشاير 9440129361.0 4.37","chan":"stdout","logger":"task"}
{"timestamp":"2025-12-07T11:47:35.349071Z","level":"info","event":"شركت سرمايه گذاري تجاري شستان -س .خ - 31410392019.0 14.541","chan":"stdout","logger":"task"}
{"timestamp":"2025-12-07T11:47:35.350002Z","level":"info","event":"موسسه صندوق بازنشستگي  ،وظيفه  ،ازكارافتادگي وپ 55807104080.0 25.836","chan":"stdout","logger":"task"}
{"timestamp":"2025-12-07T11:47:35.350629Z","level":"info","event":"شركت واسط مالي مرداد-بامسئوليت محدود- 4576659039.0 2.118","chan":"stdout","logger":"task"}
{"timestamp":"2025-12-07T11:47:35.400326Z","level":"info","event":"Failed to fetch https://cdn.tsetmc.com/api/Shareholder/26014913469567886/20251130: HTTPSConnectionPool(host='cdn.tsetmc.com', port=443): Max retries exceeded with url: /api/Shareholder/26014913469567886/20251130 (Caused by SSLError(SSLCertVerificationError(1, '[SSL: CERTIFICATE_VERIFY_FAILED] certificate verify failed: unable to get local issuer certificate (_ssl.c:1010)')))","chan":"stdout","logger":"task"}
{"timestamp":"2025-12-07T11:47:35.440077Z","level":"info","event":"شركت بيمه مركزي جمهوري اسلامي ايران 2283094586.0 1.056","chan":"stdout","logger":"task"}
{"timestamp":"2025-12-07T11:47:35.441849Z","level":"info","event":"شركت سرمايه گذاري ملي ايران -سهامي عام - 4396591595.0 2.035","chan":"stdout","logger":"task"}
{"timestamp":"2025-12-07T11:47:35.442886Z","level":"info","event":"موسسه صندوق بيمه اجتماعي روستائيان وعشاير 9440129361.0 4.37","chan":"stdout","logger":"task"}
{"timestamp":"2025-12-07T11:47:35.443602Z","level":"info","event":"صندوق بازنشستگي نيروهاي مسلح 40611697809.0 18.801","chan":"stdout","logger":"task"}
{"timestamp":"2025-12-07T11:47:35.444262Z","level":"info","event":"شركت واسط مالي مرداد-بامسئوليت محدود- 4576659039.0 2.118","chan":"stdout","logger":"task"}
{"timestamp":"2025-12-07T11:47:35.444816Z","level":"info","event":"شركت سرمايه گذاري تجاري شستان -س .خ - 31410392019.0 14.541","chan":"stdout","logger":"task"}
{"timestamp":"2025-12-07T11:47:35.445358Z","level":"info","event":"موسسه صندوق بازنشستگي  ،وظيفه  ،ازكارافتادگي وپ 55807104080.0 25.836","chan":"stdout","logger":"task"}
{"timestamp":"2025-12-07T11:47:35.445944Z","level":"info","event":"صندوق بيمه عمروحوادث نيروهاي مسلح 34401229389.0 15.926","chan":"stdout","logger":"task"}
{"timestamp":"2025-12-07T11:47:35.446700Z","level":"info","event":"صندوق بيمه عمروحوادث نيروهاي مسلح 34401229389.0 15.926","chan":"stdout","logger":"task"}
{"timestamp":"2025-12-07T11:47:35.447839Z","level":"info","event":"موسسه صندوق بازنشستگي  ،وظيفه  ،ازكارافتادگي وپ 55807104080.0 25.836","chan":"stdout","logger":"task"}
{"timestamp":"2025-12-07T11:47:35.448880Z","level":"info","event":"شركت سرمايه گذاري تجاري شستان -س .خ - 31410392019.0 14.541","chan":"stdout","logger":"task"}
{"timestamp":"2025-12-07T11:47:35.449610Z","level":"info","event":"شركت سرمايه گذاري ملي ايران -سهامي عام - 4396591595.0 2.035","chan":"stdout","logger":"task"}
{"timestamp":"2025-12-07T11:47:35.450546Z","level":"info","event":"شركت بيمه مركزي جمهوري اسلامي ايران 2283094586.0 1.056","chan":"stdout","logger":"task"}
{"timestamp":"2025-12-07T11:47:35.451298Z","level":"info","event":"شركت واسط مالي مرداد-بامسئوليت محدود- 4576659039.0 2.118","chan":"stdout","logger":"task"}
{"timestamp":"2025-12-07T11:47:35.452008Z","level":"info","event":"صندوق بازنشستگي نيروهاي مسلح 40611697809.0 18.801","chan":"stdout","logger":"task"}
{"timestamp":"2025-12-07T11:47:35.452655Z","level":"info","event":"موسسه صندوق بيمه اجتماعي روستائيان وعشاير 9440129361.0 4.37","chan":"stdout","logger":"task"}
{"timestamp":"2025-12-07T11:47:35.526811Z","level":"info","event":"شركت سرمايه گذاري ملي ايران -سهامي عام - 4396591595.0 2.035","chan":"stdout","logger":"task"}
{"timestamp":"2025-12-07T11:47:35.527492Z","level":"info","event":"صندوق بيمه عمروحوادث نيروهاي مسلح 34401229389.0 15.926","chan":"stdout","logger":"task"}
{"timestamp":"2025-12-07T11:47:35.532518Z","level":"info","event":"شركت بيمه مركزي جمهوري اسلامي ايران 2283094586.0 1.056","chan":"stdout","logger":"task"}
{"timestamp":"2025-12-07T11:47:35.533038Z","level":"info","event":"صندوق بازنشستگي نيروهاي مسلح 40611697809.0 18.801","chan":"stdout","logger":"task"}
{"timestamp":"2025-12-07T11:47:35.533619Z","level":"info","event":"موسسه صندوق بيمه اجتماعي روستائيان وعشاير 9440129361.0 4.37","chan":"stdout","logger":"task"}
{"timestamp":"2025-12-07T11:47:35.534085Z","level":"info","event":"شركت سرمايه گذاري تجاري شستان -س .خ - 31410392019.0 14.541","chan":"stdout","logger":"task"}
{"timestamp":"2025-12-07T11:47:35.534561Z","level":"info","event":"موسسه صندوق بازنشستگي  ،وظيفه  ،ازكارافتادگي وپ 55807104080.0 25.836","chan":"stdout","logger":"task"}
{"timestamp":"2025-12-07T11:47:35.535145Z","level":"info","event":"شركت واسط مالي مرداد-بامسئوليت محدود- 4576659039.0 2.118","chan":"stdout","logger":"task"}
{"timestamp":"2025-12-07T11:47:35.535520Z","level":"info","event":"شركت سرمايه گذاري ملي ايران -سهامي عام - 4396591595.0 2.035","chan":"stdout","logger":"task"}
{"timestamp":"2025-12-07T11:47:35.535822Z","level":"info","event":"صندوق بيمه عمروحوادث نيروهاي مسلح 34401229389.0 15.926","chan":"stdout","logger":"task"}
{"timestamp":"2025-12-07T11:47:35.536120Z","level":"info","event":"شركت بيمه مركزي جمهوري اسلامي ايران 2283094586.0 1.056","chan":"stdout","logger":"task"}
{"timestamp":"2025-12-07T11:47:35.536488Z","level":"info","event":"صندوق بازنشستگي نيروهاي مسلح 40611697809.0 18.801","chan":"stdout","logger":"task"}
{"timestamp":"2025-12-07T11:47:35.536757Z","level":"info","event":"موسسه صندوق بيمه اجتماعي روستائيان وعشاير 9440129361.0 4.37","chan":"stdout","logger":"task"}
{"timestamp":"2025-12-07T11:47:35.537071Z","level":"info","event":"شركت سرمايه گذاري تجاري شستان -س .خ - 31410392019.0 14.541","chan":"stdout","logger":"task"}
{"timestamp":"2025-12-07T11:47:35.537346Z","level":"info","event":"موسسه صندوق بازنشستگي  ،وظيفه  ،ازكارافتادگي وپ 55807104080.0 25.836","chan":"stdout","logger":"task"}
{"timestamp":"2025-12-07T11:47:35.537618Z","level":"info","event":"شركت واسط مالي مرداد-بامسئوليت محدود- 4576659039.0 2.118","chan":"stdout","logger":"task"}
{"timestamp":"2025-12-07T11:47:35.574581Z","level":"info","event":"Failed to fetch https://cdn.tsetmc.com/api/Shareholder/26014913469567886/20251203: HTTPSConnectionPool(host='cdn.tsetmc.com', port=443): Max retries exceeded with url: /api/Shareholder/26014913469567886/20251203 (Caused by SSLError(SSLCertVerificationError(1, '[SSL: CERTIFICATE_VERIFY_FAILED] certificate verify failed: unable to get local issuer certificate (_ssl.c:1010)')))","chan":"stdout","logger":"task"}
{"timestamp":"2025-12-07T11:47:35.620076Z","level":"info","event":"شركت واسط مالي مرداد-بامسئوليت محدود- 4576659039.0 2.118","chan":"stdout","logger":"task"}
{"timestamp":"2025-12-07T11:47:35.620665Z","level":"info","event":"صندوق بازنشستگي نيروهاي مسلح 40611697809.0 18.801","chan":"stdout","logger":"task"}
{"timestamp":"2025-12-07T11:47:35.621091Z","level":"info","event":"موسسه صندوق بازنشستگي  ،وظيفه  ،ازكارافتادگي وپ 55807104080.0 25.836","chan":"stdout","logger":"task"}
{"timestamp":"2025-12-07T11:47:35.621643Z","level":"info","event":"شركت سرمايه گذاري تجاري شستان -س .خ - 31410392019.0 14.541","chan":"stdout","logger":"task"}
{"timestamp":"2025-12-07T11:47:35.622773Z","level":"info","event":"صندوق بيمه عمروحوادث نيروهاي مسلح 34401229389.0 15.926","chan":"stdout","logger":"task"}
{"timestamp":"2025-12-07T11:47:35.623337Z","level":"info","event":"شركت سرمايه گذاري ملي ايران -سهامي عام - 4396591595.0 2.035","chan":"stdout","logger":"task"}
{"timestamp":"2025-12-07T11:47:35.623695Z","level":"info","event":"موسسه صندوق بيمه اجتماعي روستائيان وعشاير 9440129361.0 4.37","chan":"stdout","logger":"task"}
{"timestamp":"2025-12-07T11:47:35.624039Z","level":"info","event":"شركت بيمه مركزي جمهوري اسلامي ايران 2283094586.0 1.056","chan":"stdout","logger":"task"}
{"timestamp":"2025-12-07T11:47:35.624364Z","level":"info","event":"شركت سرمايه گذاري ملي ايران -سهامي عام - 4396591595.0 2.035","chan":"stdout","logger":"task"}
{"timestamp":"2025-12-07T11:47:35.624685Z","level":"info","event":"شركت بيمه مركزي جمهوري اسلامي ايران 2283094586.0 1.056","chan":"stdout","logger":"task"}
{"timestamp":"2025-12-07T11:47:35.624998Z","level":"info","event":"شركت واسط مالي مرداد-بامسئوليت محدود- 4576659039.0 2.118","chan":"stdout","logger":"task"}
{"timestamp":"2025-12-07T11:47:35.625460Z","level":"info","event":"موسسه صندوق بيمه اجتماعي روستائيان وعشاير 9440129361.0 4.37","chan":"stdout","logger":"task"}
{"timestamp":"2025-12-07T11:47:35.625854Z","level":"info","event":"صندوق بازنشستگي نيروهاي مسلح 40611697809.0 18.801","chan":"stdout","logger":"task"}
{"timestamp":"2025-12-07T11:47:35.626264Z","level":"info","event":"صندوق بيمه عمروحوادث نيروهاي مسلح 34401229389.0 15.926","chan":"stdout","logger":"task"}
{"timestamp":"2025-12-07T11:47:35.626769Z","level":"info","event":"شركت سرمايه گذاري تجاري شستان -س .خ - 31410392019.0 14.541","chan":"stdout","logger":"task"}
{"timestamp":"2025-12-07T11:47:35.627215Z","level":"info","event":"موسسه صندوق بازنشستگي  ،وظيفه  ،ازكارافتادگي وپ 55807104080.0 25.836","chan":"stdout","logger":"task"}
{"timestamp":"2025-12-07T11:47:35.693189Z","level":"info","event":"شركت سرمايه گذاري ملي ايران -سهامي عام - 4396591595.0 2.035","chan":"stdout","logger":"task"}
{"timestamp":"2025-12-07T11:47:35.693788Z","level":"info","event":"صندوق بيمه عمروحوادث نيروهاي مسلح 34401229389.0 15.926","chan":"stdout","logger":"task"}
{"timestamp":"2025-12-07T11:47:35.694227Z","level":"info","event":"شركت بيمه مركزي جمهوري اسلامي ايران 2283094586.0 1.056","chan":"stdout","logger":"task"}
{"timestamp":"2025-12-07T11:47:35.695257Z","level":"info","event":"صندوق بازنشستگي نيروهاي مسلح 40611697809.0 18.801","chan":"stdout","logger":"task"}
{"timestamp":"2025-12-07T11:47:35.695917Z","level":"info","event":"موسسه صندوق بيمه اجتماعي روستائيان وعشاير 9440129361.0 4.37","chan":"stdout","logger":"task"}
{"timestamp":"2025-12-07T11:47:35.696511Z","level":"info","event":"شركت سرمايه گذاري تجاري شستان -س .خ - 31410392019.0 14.541","chan":"stdout","logger":"task"}
{"timestamp":"2025-12-07T11:47:35.697212Z","level":"info","event":"موسسه صندوق بازنشستگي  ،وظيفه  ،ازكارافتادگي وپ 55807104080.0 25.836","chan":"stdout","logger":"task"}
{"timestamp":"2025-12-07T11:47:35.699098Z","level":"info","event":"شركت واسط مالي مرداد-بامسئوليت محدود- 4576659039.0 2.118","chan":"stdout","logger":"task"}
{"timestamp":"2025-12-07T11:47:35.699636Z","level":"info","event":"شركت سرمايه گذاري ملي ايران -سهامي عام - 4396591595.0 2.035","chan":"stdout","logger":"task"}
{"timestamp":"2025-12-07T11:47:35.700279Z","level":"info","event":"صندوق بيمه عمروحوادث نيروهاي مسلح 34401229389.0 15.926","chan":"stdout","logger":"task"}
{"timestamp":"2025-12-07T11:47:35.700980Z","level":"info","event":"شركت بيمه مركزي جمهوري اسلامي ايران 2283094586.0 1.056","chan":"stdout","logger":"task"}
{"timestamp":"2025-12-07T11:47:35.701661Z","level":"info","event":"صندوق بازنشستگي نيروهاي مسلح 40611697809.0 18.801","chan":"stdout","logger":"task"}
{"timestamp":"2025-12-07T11:47:35.702128Z","level":"info","event":"موسسه صندوق بيمه اجتماعي روستائيان وعشاير 9440129361.0 4.37","chan":"stdout","logger":"task"}
{"timestamp":"2025-12-07T11:47:35.702643Z","level":"info","event":"شركت سرمايه گذاري تجاري شستان -س .خ - 31410392019.0 14.541","chan":"stdout","logger":"task"}
{"timestamp":"2025-12-07T11:47:35.703144Z","level":"info","event":"موسسه صندوق بازنشستگي  ،وظيفه  ،ازكارافتادگي وپ 55807104080.0 25.836","chan":"stdout","logger":"task"}
{"timestamp":"2025-12-07T11:47:35.703671Z","level":"info","event":"شركت واسط مالي مرداد-بامسئوليت محدود- 4576659039.0 2.118","chan":"stdout","logger":"task"}
{"timestamp":"2025-12-07T11:47:35.755363Z","level":"info","event":"Failed to fetch https://cdn.tsetmc.com/api/Shareholder/26014913469567886/20251206: HTTPSConnectionPool(host='cdn.tsetmc.com', port=443): Max retries exceeded with url: /api/Shareholder/26014913469567886/20251206 (Caused by SSLError(SSLCertVerificationError(1, '[SSL: CERTIFICATE_VERIFY_FAILED] certificate verify failed: unable to get local issuer certificate (_ssl.c:1010)')))","chan":"stdout","logger":"task"}
{"timestamp":"2025-12-07T11:47:35.802139Z","level":"info","event":"شركت واسط مالي مرداد-بامسئوليت محدود- 4576659039.0 2.118","chan":"stdout","logger":"task"}
{"timestamp":"2025-12-07T11:47:35.802740Z","level":"info","event":"شركت سرمايه گذاري ملي ايران -سهامي عام - 4396591595.0 2.035","chan":"stdout","logger":"task"}
{"timestamp":"2025-12-07T11:47:35.803306Z","level":"info","event":"صندوق بيمه عمروحوادث نيروهاي مسلح 34401229389.0 15.926","chan":"stdout","logger":"task"}
{"timestamp":"2025-12-07T11:47:35.804338Z","level":"info","event":"موسسه صندوق بازنشستگي  ،وظيفه  ،ازكارافتادگي وپ 55807104080.0 25.836","chan":"stdout","logger":"task"}
{"timestamp":"2025-12-07T11:47:35.804916Z","level":"info","event":"شركت بيمه مركزي جمهوري اسلامي ايران 2283094586.0 1.056","chan":"stdout","logger":"task"}
{"timestamp":"2025-12-07T11:47:35.805358Z","level":"info","event":"صندوق بازنشستگي نيروهاي مسلح 40611697809.0 18.801","chan":"stdout","logger":"task"}
{"timestamp":"2025-12-07T11:47:35.805764Z","level":"info","event":"شركت سرمايه گذاري تجاري شستان -س .خ - 31410392019.0 14.541","chan":"stdout","logger":"task"}
{"timestamp":"2025-12-07T11:47:35.806202Z","level":"info","event":"موسسه صندوق بيمه اجتماعي روستائيان وعشاير 9440129361.0 4.37","chan":"stdout","logger":"task"}
{"timestamp":"2025-12-07T11:47:35.880876Z","level":"info","event":"صندوق سرمايه گذاري نوع دوم كارا 53738593.0 1.791","chan":"stdout","logger":"task"}
{"timestamp":"2025-12-07T11:47:35.882920Z","level":"info","event":"شركت سام الكترونيك -سهامي عام - 57793660.0 1.926","chan":"stdout","logger":"task"}
{"timestamp":"2025-12-07T11:47:35.883770Z","level":"info","event":"ETFكدرزروصندوقهاي سرمايه گذاري قابل معامله 124600000.0 4.153","chan":"stdout","logger":"task"}
{"timestamp":"2025-12-07T11:47:35.884597Z","level":"info","event":"شركت بيمه پاسارگاد-سهامي عام - 38300000.0 1.276","chan":"stdout","logger":"task"}
{"timestamp":"2025-12-07T11:47:35.885239Z","level":"info","event":"شركت سرمايه گذاري آينده نگرالگوريتم -سهامي خاص 32882963.0 1.096","chan":"stdout","logger":"task"}
{"timestamp":"2025-12-07T11:47:35.885833Z","level":"info","event":"شركت صنعتي آرين برد-سهامي خاص - 30379739.0 1.012","chan":"stdout","logger":"task"}
{"timestamp":"2025-12-07T11:47:35.886255Z","level":"info","event":"شركت بيمه زندگي كاريزما-سهامي عام - 158954072.0 5.298","chan":"stdout","logger":"task"}
{"timestamp":"2025-12-07T11:47:35.886713Z","level":"info","event":"صندوق سرمايه گذاري نوع دوم كارا 53738593.0 1.791","chan":"stdout","logger":"task"}
{"timestamp":"2025-12-07T11:47:35.887113Z","level":"info","event":"شركت سام الكترونيك -سهامي عام - 57793660.0 1.926","chan":"stdout","logger":"task"}
{"timestamp":"2025-12-07T11:47:35.887479Z","level":"info","event":"ETFكدرزروصندوقهاي سرمايه گذاري قابل معامله 128700000.0 4.29","chan":"stdout","logger":"task"}
{"timestamp":"2025-12-07T11:47:35.887920Z","level":"info","event":"شركت بيمه پاسارگاد-سهامي عام - 38300000.0 1.276","chan":"stdout","logger":"task"}
{"timestamp":"2025-12-07T11:47:35.888433Z","level":"info","event":"شركت سرمايه گذاري آينده نگرالگوريتم -سهامي خاص 32882963.0 1.096","chan":"stdout","logger":"task"}
{"timestamp":"2025-12-07T11:47:35.888846Z","level":"info","event":"شركت صنعتي آرين برد-سهامي خاص - 30379739.0 1.012","chan":"stdout","logger":"task"}
{"timestamp":"2025-12-07T11:47:35.889349Z","level":"info","event":"شركت بيمه زندگي كاريزما-سهامي عام - 159914072.0 5.33","chan":"stdout","logger":"task"}
{"timestamp":"2025-12-07T11:47:35.949748Z","level":"info","event":"Failed to fetch https://cdn.tsetmc.com/api/Shareholder/25559236668122210/20251108: HTTPSConnectionPool(host='cdn.tsetmc.com', port=443): Max retries exceeded with url: /api/Shareholder/25559236668122210/20251108 (Caused by SSLError(SSLCertVerificationError(1, '[SSL: CERTIFICATE_VERIFY_FAILED] certificate verify failed: unable to get local issuer certificate (_ssl.c:1010)')))","chan":"stdout","logger":"task"}
{"timestamp":"2025-12-07T11:47:36.003279Z","level":"info","event":"ETFكدرزروصندوقهاي سرمايه گذاري قابل معامله 111600000.0 3.72","chan":"stdout","logger":"task"}
{"timestamp":"2025-12-07T11:47:36.003776Z","level":"info","event":"صندوق سرمايه گذاري نوع دوم كارا 53738593.0 1.791","chan":"stdout","logger":"task"}
{"timestamp":"2025-12-07T11:47:36.004267Z","level":"info","event":"شركت صنعتي آرين برد-سهامي خاص - 30389151.0 1.012","chan":"stdout","logger":"task"}
{"timestamp":"2025-12-07T11:47:36.004798Z","level":"info","event":"شركت بيمه پاسارگاد-سهامي عام - 38300000.0 1.276","chan":"stdout","logger":"task"}
{"timestamp":"2025-12-07T11:47:36.005325Z","level":"info","event":"شركت سام الكترونيك -سهامي عام - 57793660.0 1.926","chan":"stdout","logger":"task"}
{"timestamp":"2025-12-07T11:47:36.005882Z","level":"info","event":"شركت سرمايه گذاري آينده نگرالگوريتم -سهامي خاص 32882963.0 1.096","chan":"stdout","logger":"task"}
{"timestamp":"2025-12-07T11:47:36.006270Z","level":"info","event":"شركت بيمه زندگي كاريزما-سهامي عام - 157514690.0 5.25","chan":"stdout","logger":"task"}
{"timestamp":"2025-12-07T11:47:36.006725Z","level":"info","event":"شركت بيمه زندگي كاريزما-سهامي عام - 157514690.0 5.25","chan":"stdout","logger":"task"}
{"timestamp":"2025-12-07T11:47:36.007222Z","level":"info","event":"صندوق سرمايه گذاري نوع دوم كارا 53738593.0 1.791","chan":"stdout","logger":"task"}
{"timestamp":"2025-12-07T11:47:36.007581Z","level":"info","event":"شركت سام الكترونيك -سهامي عام - 57793660.0 1.926","chan":"stdout","logger":"task"}
{"timestamp":"2025-12-07T11:47:36.008010Z","level":"info","event":"شركت بيمه پاسارگاد-سهامي عام - 38300000.0 1.276","chan":"stdout","logger":"task"}
{"timestamp":"2025-12-07T11:47:36.008401Z","level":"info","event":"شركت صنعتي آرين برد-سهامي خاص - 30379739.0 1.012","chan":"stdout","logger":"task"}
{"timestamp":"2025-12-07T11:47:36.008754Z","level":"info","event":"شركت سرمايه گذاري آينده نگرالگوريتم -سهامي خاص 32882963.0 1.096","chan":"stdout","logger":"task"}
{"timestamp":"2025-12-07T11:47:36.009123Z","level":"info","event":"ETFكدرزروصندوقهاي سرمايه گذاري قابل معامله 122300000.0 4.076","chan":"stdout","logger":"task"}
{"timestamp":"2025-12-07T11:47:36.087102Z","level":"info","event":"صندوق سرمايه گذاري نوع دوم كارا 53738593.0 1.791","chan":"stdout","logger":"task"}
{"timestamp":"2025-12-07T11:47:36.087704Z","level":"info","event":"شركت سام الكترونيك -سهامي عام - 57793660.0 1.926","chan":"stdout","logger":"task"}
{"timestamp":"2025-12-07T11:47:36.088156Z","level":"info","event":"ETFكدرزروصندوقهاي سرمايه گذاري قابل معامله 106300000.0 3.543","chan":"stdout","logger":"task"}
{"timestamp":"2025-12-07T11:47:36.088831Z","level":"info","event":"شركت بيمه پاسارگاد-سهامي عام - 38300000.0 1.276","chan":"stdout","logger":"task"}
{"timestamp":"2025-12-07T11:47:36.089431Z","level":"info","event":"شركت سرمايه گذاري آينده نگرالگوريتم -سهامي خاص 32882963.0 1.096","chan":"stdout","logger":"task"}
{"timestamp":"2025-12-07T11:47:36.089959Z","level":"info","event":"شركت صنعتي آرين برد-سهامي خاص - 30389151.0 1.012","chan":"stdout","logger":"task"}
{"timestamp":"2025-12-07T11:47:36.090448Z","level":"info","event":"شركت بيمه زندگي كاريزما-سهامي عام - 157514690.0 5.25","chan":"stdout","logger":"task"}
{"timestamp":"2025-12-07T11:47:36.090920Z","level":"info","event":"صندوق سرمايه گذاري نوع دوم كارا 53738593.0 1.791","chan":"stdout","logger":"task"}
{"timestamp":"2025-12-07T11:47:36.091306Z","level":"info","event":"شركت سام الكترونيك -سهامي عام - 57793660.0 1.926","chan":"stdout","logger":"task"}
{"timestamp":"2025-12-07T11:47:36.091723Z","level":"info","event":"ETFكدرزروصندوقهاي سرمايه گذاري قابل معامله 111600000.0 3.72","chan":"stdout","logger":"task"}
{"timestamp":"2025-12-07T11:47:36.092233Z","level":"info","event":"شركت بيمه پاسارگاد-سهامي عام - 38300000.0 1.276","chan":"stdout","logger":"task"}
{"timestamp":"2025-12-07T11:47:36.092611Z","level":"info","event":"شركت سرمايه گذاري آينده نگرالگوريتم -سهامي خاص 32882963.0 1.096","chan":"stdout","logger":"task"}
{"timestamp":"2025-12-07T11:47:36.093070Z","level":"info","event":"شركت صنعتي آرين برد-سهامي خاص - 30389151.0 1.012","chan":"stdout","logger":"task"}
{"timestamp":"2025-12-07T11:47:36.093505Z","level":"info","event":"شركت بيمه زندگي كاريزما-سهامي عام - 157514690.0 5.25","chan":"stdout","logger":"task"}
{"timestamp":"2025-12-07T11:47:36.129447Z","level":"info","event":"Failed to fetch https://cdn.tsetmc.com/api/Shareholder/25559236668122210/20251111: HTTPSConnectionPool(host='cdn.tsetmc.com', port=443): Max retries exceeded with url: /api/Shareholder/25559236668122210/20251111 (Caused by SSLError(SSLCertVerificationError(1, '[SSL: CERTIFICATE_VERIFY_FAILED] certificate verify failed: unable to get local issuer certificate (_ssl.c:1010)')))","chan":"stdout","logger":"task"}
{"timestamp":"2025-12-07T11:47:36.168047Z","level":"info","event":"ETFكدرزروصندوقهاي سرمايه گذاري قابل معامله 72900000.0 2.43","chan":"stdout","logger":"task"}
{"timestamp":"2025-12-07T11:47:36.168865Z","level":"info","event":"صندوق سرمايه گذاري نوع دوم كارا 53738593.0 1.791","chan":"stdout","logger":"task"}
{"timestamp":"2025-12-07T11:47:36.169466Z","level":"info","event":"شركت صنعتي آرين برد-سهامي خاص - 30389151.0 1.012","chan":"stdout","logger":"task"}
{"timestamp":"2025-12-07T11:47:36.170154Z","level":"info","event":"شركت بيمه زندگي كاريزما-سهامي عام - 156712450.0 5.223","chan":"stdout","logger":"task"}
{"timestamp":"2025-12-07T11:47:36.170847Z","level":"info","event":"شركت سام الكترونيك -سهامي عام - 57793660.0 1.926","chan":"stdout","logger":"task"}
{"timestamp":"2025-12-07T11:47:36.171532Z","level":"info","event":"شركت سرمايه گذاري آينده نگرالگوريتم -سهامي خاص 32882963.0 1.096","chan":"stdout","logger":"task"}
{"timestamp":"2025-12-07T11:47:36.172045Z","level":"info","event":"شركت بيمه پاسارگاد-سهامي عام - 38300000.0 1.276","chan":"stdout","logger":"task"}
{"timestamp":"2025-12-07T11:47:36.172740Z","level":"info","event":"شركت صنعتي آرين برد-سهامي خاص - 30389151.0 1.012","chan":"stdout","logger":"task"}
{"timestamp":"2025-12-07T11:47:36.173209Z","level":"info","event":"شركت بيمه زندگي كاريزما-سهامي عام - 158712450.0 5.29","chan":"stdout","logger":"task"}
{"timestamp":"2025-12-07T11:47:36.173630Z","level":"info","event":"شركت بيمه پاسارگاد-سهامي عام - 38300000.0 1.276","chan":"stdout","logger":"task"}
{"timestamp":"2025-12-07T11:47:36.174154Z","level":"info","event":"ETFكدرزروصندوقهاي سرمايه گذاري قابل معامله 94100000.0 3.136","chan":"stdout","logger":"task"}
{"timestamp":"2025-12-07T11:47:36.174841Z","level":"info","event":"شركت سام الكترونيك -سهامي عام - 57793660.0 1.926","chan":"stdout","logger":"task"}
{"timestamp":"2025-12-07T11:47:36.177472Z","level":"info","event":"شركت سرمايه گذاري آينده نگرالگوريتم -سهامي خاص 32882963.0 1.096","chan":"stdout","logger":"task"}
{"timestamp":"2025-12-07T11:47:36.182813Z","level":"info","event":"صندوق سرمايه گذاري نوع دوم كارا 53738593.0 1.791","chan":"stdout","logger":"task"}
{"timestamp":"2025-12-07T11:47:36.241529Z","level":"info","event":"صندوق سرمايه گذاري نوع دوم كارا 53738593.0 1.791","chan":"stdout","logger":"task"}
{"timestamp":"2025-12-07T11:47:36.242059Z","level":"info","event":"شركت سام الكترونيك -سهامي عام - 57793660.0 1.926","chan":"stdout","logger":"task"}
{"timestamp":"2025-12-07T11:47:36.242511Z","level":"info","event":"ETFكدرزروصندوقهاي سرمايه گذاري قابل معامله 72900000.0 2.43","chan":"stdout","logger":"task"}
{"timestamp":"2025-12-07T11:47:36.243212Z","level":"info","event":"شركت بيمه پاسارگاد-سهامي عام - 38300000.0 1.276","chan":"stdout","logger":"task"}
{"timestamp":"2025-12-07T11:47:36.243760Z","level":"info","event":"شركت سرمايه گذاري آينده نگرالگوريتم -سهامي خاص 32882963.0 1.096","chan":"stdout","logger":"task"}
{"timestamp":"2025-12-07T11:47:36.244329Z","level":"info","event":"شركت صنعتي آرين برد-سهامي خاص - 30389151.0 1.012","chan":"stdout","logger":"task"}
{"timestamp":"2025-12-07T11:47:36.244809Z","level":"info","event":"شركت بيمه زندگي كاريزما-سهامي عام - 156712450.0 5.223","chan":"stdout","logger":"task"}
{"timestamp":"2025-12-07T11:47:36.245150Z","level":"info","event":"صندوق سرمايه گذاري نوع دوم كارا 53738593.0 1.791","chan":"stdout","logger":"task"}
{"timestamp":"2025-12-07T11:47:36.245502Z","level":"info","event":"شركت سام الكترونيك -سهامي عام - 57793660.0 1.926","chan":"stdout","logger":"task"}
{"timestamp":"2025-12-07T11:47:36.246177Z","level":"info","event":"ETFكدرزروصندوقهاي سرمايه گذاري قابل معامله 94100000.0 3.136","chan":"stdout","logger":"task"}
{"timestamp":"2025-12-07T11:47:36.246924Z","level":"info","event":"شركت بيمه پاسارگاد-سهامي عام - 38300000.0 1.276","chan":"stdout","logger":"task"}
{"timestamp":"2025-12-07T11:47:36.247886Z","level":"info","event":"شركت سرمايه گذاري آينده نگرالگوريتم -سهامي خاص 32882963.0 1.096","chan":"stdout","logger":"task"}
{"timestamp":"2025-12-07T11:47:36.248864Z","level":"info","event":"شركت صنعتي آرين برد-سهامي خاص - 30389151.0 1.012","chan":"stdout","logger":"task"}
{"timestamp":"2025-12-07T11:47:36.251819Z","level":"info","event":"شركت بيمه زندگي كاريزما-سهامي عام - 158712450.0 5.29","chan":"stdout","logger":"task"}
{"timestamp":"2025-12-07T11:47:37.289000Z","level":"info","event":"Failed to fetch https://cdn.tsetmc.com/api/Shareholder/25559236668122210/20251114: HTTPSConnectionPool(host='cdn.tsetmc.com', port=443): Max retries exceeded with url: /api/Shareholder/25559236668122210/20251114 (Caused by SSLError(SSLCertVerificationError(1, '[SSL: CERTIFICATE_VERIFY_FAILED] certificate verify failed: unable to get local issuer certificate (_ssl.c:1010)')))","chan":"stdout","logger":"task"}
{"timestamp":"2025-12-07T11:47:37.320932Z","level":"info","event":"شركت سام الكترونيك -سهامي عام - 57793660.0 1.926","chan":"stdout","logger":"task"}
{"timestamp":"2025-12-07T11:47:37.321591Z","level":"info","event":"شركت سرمايه گذاري آينده نگرالگوريتم -سهامي خاص 32882963.0 1.096","chan":"stdout","logger":"task"}
{"timestamp":"2025-12-07T11:47:37.322134Z","level":"info","event":"صندوق سرمايه گذاري نوع دوم كارا 53738593.0 1.791","chan":"stdout","logger":"task"}
{"timestamp":"2025-12-07T11:47:37.322581Z","level":"info","event":"شركت بيمه پاسارگاد-سهامي عام - 38300000.0 1.276","chan":"stdout","logger":"task"}
{"timestamp":"2025-12-07T11:47:37.323123Z","level":"info","event":"شركت صنعتي آرين برد-سهامي خاص - 30389151.0 1.012","chan":"stdout","logger":"task"}
{"timestamp":"2025-12-07T11:47:37.323607Z","level":"info","event":"ETFكدرزروصندوقهاي سرمايه گذاري قابل معامله 51500000.0 1.716","chan":"stdout","logger":"task"}
{"timestamp":"2025-12-07T11:47:37.324135Z","level":"info","event":"شركت بيمه زندگي كاريزما-سهامي عام - 156712450.0 5.223","chan":"stdout","logger":"task"}
{"timestamp":"2025-12-07T11:47:37.324638Z","level":"info","event":"ETFكدرزروصندوقهاي سرمايه گذاري قابل معامله 72900000.0 2.43","chan":"stdout","logger":"task"}
{"timestamp":"2025-12-07T11:47:37.325147Z","level":"info","event":"صندوق سرمايه گذاري نوع دوم كارا 53738593.0 1.791","chan":"stdout","logger":"task"}
{"timestamp":"2025-12-07T11:47:37.325617Z","level":"info","event":"شركت صنعتي آرين برد-سهامي خاص - 30389151.0 1.012","chan":"stdout","logger":"task"}
{"timestamp":"2025-12-07T11:47:37.325923Z","level":"info","event":"شركت بيمه زندگي كاريزما-سهامي عام - 156712450.0 5.223","chan":"stdout","logger":"task"}
{"timestamp":"2025-12-07T11:47:37.326339Z","level":"info","event":"شركت سام الكترونيك -سهامي عام - 57793660.0 1.926","chan":"stdout","logger":"task"}
{"timestamp":"2025-12-07T11:47:37.326679Z","level":"info","event":"شركت سرمايه گذاري آينده نگرالگوريتم -سهامي خاص 32882963.0 1.096","chan":"stdout","logger":"task"}
{"timestamp":"2025-12-07T11:47:37.327114Z","level":"info","event":"شركت بيمه پاسارگاد-سهامي عام - 38300000.0 1.276","chan":"stdout","logger":"task"}
{"timestamp":"2025-12-07T11:47:37.384615Z","level":"info","event":"صندوق سرمايه گذاري نوع دوم كارا 53738593.0 1.791","chan":"stdout","logger":"task"}
{"timestamp":"2025-12-07T11:47:37.385165Z","level":"info","event":"شركت سام الكترونيك -سهامي عام - 57793660.0 1.926","chan":"stdout","logger":"task"}
{"timestamp":"2025-12-07T11:47:37.385654Z","level":"info","event":"شركت بيمه پاسارگاد-سهامي عام - 38300000.0 1.276","chan":"stdout","logger":"task"}
{"timestamp":"2025-12-07T11:47:37.386504Z","level":"info","event":"شركت سرمايه گذاري آينده نگرالگوريتم -سهامي خاص 32882963.0 1.096","chan":"stdout","logger":"task"}
{"timestamp":"2025-12-07T11:47:37.387209Z","level":"info","event":"شركت صنعتي آرين برد-سهامي خاص - 30389151.0 1.012","chan":"stdout","logger":"task"}
{"timestamp":"2025-12-07T11:47:37.387927Z","level":"info","event":"شركت بيمه زندگي كاريزما-سهامي عام - 157262450.0 5.242","chan":"stdout","logger":"task"}
{"timestamp":"2025-12-07T11:47:37.388350Z","level":"info","event":"صندوق سرمايه گذاري نوع دوم كارا 53738593.0 1.791","chan":"stdout","logger":"task"}
{"timestamp":"2025-12-07T11:47:37.388839Z","level":"info","event":"شركت سام الكترونيك -سهامي عام - 57793660.0 1.926","chan":"stdout","logger":"task"}
{"timestamp":"2025-12-07T11:47:37.389319Z","level":"info","event":"ETFكدرزروصندوقهاي سرمايه گذاري قابل معامله 51500000.0 1.716","chan":"stdout","logger":"task"}
{"timestamp":"2025-12-07T11:47:37.389724Z","level":"info","event":"شركت بيمه پاسارگاد-سهامي عام - 38300000.0 1.276","chan":"stdout","logger":"task"}
{"timestamp":"2025-12-07T11:47:37.390221Z","level":"info","event":"شركت سرمايه گذاري آينده نگرالگوريتم -سهامي خاص 32882963.0 1.096","chan":"stdout","logger":"task"}
{"timestamp":"2025-12-07T11:47:37.390664Z","level":"info","event":"شركت صنعتي آرين برد-سهامي خاص - 30389151.0 1.012","chan":"stdout","logger":"task"}
{"timestamp":"2025-12-07T11:47:37.391040Z","level":"info","event":"شركت بيمه زندگي كاريزما-سهامي عام - 156712450.0 5.223","chan":"stdout","logger":"task"}
{"timestamp":"2025-12-07T11:47:37.512618Z","level":"info","event":"Failed to fetch https://cdn.tsetmc.com/api/Shareholder/25559236668122210/20251117: HTTPSConnectionPool(host='cdn.tsetmc.com', port=443): Max retries exceeded with url: /api/Shareholder/25559236668122210/20251117 (Caused by SSLError(SSLCertVerificationError(1, '[SSL: CERTIFICATE_VERIFY_FAILED] certificate verify failed: unable to get local issuer certificate (_ssl.c:1010)')))","chan":"stdout","logger":"task"}
{"timestamp":"2025-12-07T11:47:37.544474Z","level":"info","event":"شركت سرمايه گذاري آينده نگرالگوريتم -سهامي خاص 32882963.0 1.096","chan":"stdout","logger":"task"}
{"timestamp":"2025-12-07T11:47:37.545125Z","level":"info","event":"صندوق سرمايه گذاري نوع دوم كارا 48738593.0 1.624","chan":"stdout","logger":"task"}
{"timestamp":"2025-12-07T11:47:37.545631Z","level":"info","event":"شركت صنعتي آرين برد-سهامي خاص - 30409151.0 1.013","chan":"stdout","logger":"task"}
{"timestamp":"2025-12-07T11:47:37.546061Z","level":"info","event":"شركت سام الكترونيك -سهامي عام - 57793660.0 1.926","chan":"stdout","logger":"task"}
{"timestamp":"2025-12-07T11:47:37.546544Z","level":"info","event":"شركت بيمه زندگي كاريزما-سهامي عام - 157712534.0 5.257","chan":"stdout","logger":"task"}
{"timestamp":"2025-12-07T11:47:37.547135Z","level":"info","event":"شركت بيمه پاسارگاد-سهامي عام - 38300000.0 1.276","chan":"stdout","logger":"task"}
{"timestamp":"2025-12-07T11:47:37.547712Z","level":"info","event":"شركت سام الكترونيك -سهامي عام - 57793660.0 1.926","chan":"stdout","logger":"task"}
{"timestamp":"2025-12-07T11:47:37.548381Z","level":"info","event":"شركت صنعتي آرين برد-سهامي خاص - 30389151.0 1.012","chan":"stdout","logger":"task"}
{"timestamp":"2025-12-07T11:47:37.549236Z","level":"info","event":"شركت سرمايه گذاري آينده نگرالگوريتم -سهامي خاص 32882963.0 1.096","chan":"stdout","logger":"task"}
{"timestamp":"2025-12-07T11:47:37.549913Z","level":"info","event":"شركت بيمه پاسارگاد-سهامي عام - 38300000.0 1.276","chan":"stdout","logger":"task"}
{"timestamp":"2025-12-07T11:47:37.550692Z","level":"info","event":"شركت بيمه زندگي كاريزما-سهامي عام - 157712534.0 5.257","chan":"stdout","logger":"task"}
{"timestamp":"2025-12-07T11:47:37.551400Z","level":"info","event":"صندوق سرمايه گذاري نوع دوم كارا 53738593.0 1.791","chan":"stdout","logger":"task"}
{"timestamp":"2025-12-07T11:47:37.624501Z","level":"info","event":"صندوق سرمايه گذاري نوع دوم كارا 39785893.0 1.326","chan":"stdout","logger":"task"}
{"timestamp":"2025-12-07T11:47:37.625240Z","level":"info","event":"شركت سام الكترونيك -سهامي عام - 57793660.0 1.926","chan":"stdout","logger":"task"}
{"timestamp":"2025-12-07T11:47:37.625888Z","level":"info","event":"شركت بيمه پاسارگاد-سهامي عام - 38300000.0 1.276","chan":"stdout","logger":"task"}
{"timestamp":"2025-12-07T11:47:37.626563Z","level":"info","event":"شركت سرمايه گذاري آينده نگرالگوريتم -سهامي خاص 32882963.0 1.096","chan":"stdout","logger":"task"}
{"timestamp":"2025-12-07T11:47:37.627294Z","level":"info","event":"شركت صنعتي آرين برد-سهامي خاص - 30409151.0 1.013","chan":"stdout","logger":"task"}
{"timestamp":"2025-12-07T11:47:37.628055Z","level":"info","event":"شركت بيمه زندگي كاريزما-سهامي عام - 157712534.0 5.257","chan":"stdout","logger":"task"}
{"timestamp":"2025-12-07T11:47:37.628761Z","level":"info","event":"صندوق سرمايه گذاري نوع دوم كارا 48738593.0 1.624","chan":"stdout","logger":"task"}
{"timestamp":"2025-12-07T11:47:37.629266Z","level":"info","event":"شركت سام الكترونيك -سهامي عام - 57793660.0 1.926","chan":"stdout","logger":"task"}
{"timestamp":"2025-12-07T11:47:37.629833Z","level":"info","event":"شركت بيمه پاسارگاد-سهامي عام - 38300000.0 1.276","chan":"stdout","logger":"task"}
{"timestamp":"2025-12-07T11:47:37.630475Z","level":"info","event":"شركت سرمايه گذاري آينده نگرالگوريتم -سهامي خاص 32882963.0 1.096","chan":"stdout","logger":"task"}
{"timestamp":"2025-12-07T11:47:37.631569Z","level":"info","event":"شركت صنعتي آرين برد-سهامي خاص - 30409151.0 1.013","chan":"stdout","logger":"task"}
{"timestamp":"2025-12-07T11:47:37.632438Z","level":"info","event":"شركت بيمه زندگي كاريزما-سهامي عام - 157712534.0 5.257","chan":"stdout","logger":"task"}
{"timestamp":"2025-12-07T11:47:37.684937Z","level":"info","event":"Failed to fetch https://cdn.tsetmc.com/api/Shareholder/25559236668122210/20251120: HTTPSConnectionPool(host='cdn.tsetmc.com', port=443): Max retries exceeded with url: /api/Shareholder/25559236668122210/20251120 (Caused by SSLError(SSLCertVerificationError(1, '[SSL: CERTIFICATE_VERIFY_FAILED] certificate verify failed: unable to get local issuer certificate (_ssl.c:1010)')))","chan":"stdout","logger":"task"}
{"timestamp":"2025-12-07T11:47:37.724519Z","level":"info","event":"شركت صنعتي آرين برد-سهامي خاص - 30409151.0 1.013","chan":"stdout","logger":"task"}
{"timestamp":"2025-12-07T11:47:37.725079Z","level":"info","event":"شركت سرمايه گذاري آينده نگرالگوريتم -سهامي خاص 32882963.0 1.096","chan":"stdout","logger":"task"}
{"timestamp":"2025-12-07T11:47:37.725452Z","level":"info","event":"شركت سام الكترونيك -سهامي عام - 57793660.0 1.926","chan":"stdout","logger":"task"}
{"timestamp":"2025-12-07T11:47:37.726087Z","level":"info","event":"شركت بيمه زندگي كاريزما-سهامي عام - 157712534.0 5.257","chan":"stdout","logger":"task"}
{"timestamp":"2025-12-07T11:47:37.727563Z","level":"info","event":"شركت بيمه پاسارگاد-سهامي عام - 38300000.0 1.276","chan":"stdout","logger":"task"}
{"timestamp":"2025-12-07T11:47:37.728338Z","level":"info","event":"صندوق سرمايه گذاري نوع دوم كارا 39785893.0 1.326","chan":"stdout","logger":"task"}
{"timestamp":"2025-12-07T11:47:37.728795Z","level":"info","event":"شركت سرمايه گذاري آينده نگرالگوريتم -سهامي خاص 32882963.0 1.096","chan":"stdout","logger":"task"}
{"timestamp":"2025-12-07T11:47:37.729254Z","level":"info","event":"صندوق سرمايه گذاري نوع دوم كارا 48738593.0 1.624","chan":"stdout","logger":"task"}
{"timestamp":"2025-12-07T11:47:37.729783Z","level":"info","event":"شركت صنعتي آرين برد-سهامي خاص - 30409151.0 1.013","chan":"stdout","logger":"task"}
{"timestamp":"2025-12-07T11:47:37.730225Z","level":"info","event":"شركت سام الكترونيك -سهامي عام - 57793660.0 1.926","chan":"stdout","logger":"task"}
{"timestamp":"2025-12-07T11:47:37.730651Z","level":"info","event":"شركت بيمه زندگي كاريزما-سهامي عام - 157712534.0 5.257","chan":"stdout","logger":"task"}
{"timestamp":"2025-12-07T11:47:37.731300Z","level":"info","event":"شركت بيمه پاسارگاد-سهامي عام - 38300000.0 1.276","chan":"stdout","logger":"task"}
{"timestamp":"2025-12-07T11:47:37.796092Z","level":"info","event":"صندوق سرمايه گذاري نوع دوم كارا 38247493.0 1.274","chan":"stdout","logger":"task"}
{"timestamp":"2025-12-07T11:47:37.796775Z","level":"info","event":"شركت سام الكترونيك -سهامي عام - 57793660.0 1.926","chan":"stdout","logger":"task"}
{"timestamp":"2025-12-07T11:47:37.797173Z","level":"info","event":"شركت بيمه پاسارگاد-سهامي عام - 38300000.0 1.276","chan":"stdout","logger":"task"}
{"timestamp":"2025-12-07T11:47:37.797706Z","level":"info","event":"شركت سرمايه گذاري آينده نگرالگوريتم -سهامي خاص 32882963.0 1.096","chan":"stdout","logger":"task"}
{"timestamp":"2025-12-07T11:47:37.801063Z","level":"info","event":"شركت صنعتي آرين برد-سهامي خاص - 30409151.0 1.013","chan":"stdout","logger":"task"}
{"timestamp":"2025-12-07T11:47:37.802150Z","level":"info","event":"شركت بيمه زندگي كاريزما-سهامي عام - 155545405.0 5.184","chan":"stdout","logger":"task"}
{"timestamp":"2025-12-07T11:47:37.802918Z","level":"info","event":"صندوق سرمايه گذاري نوع دوم كارا 39785893.0 1.326","chan":"stdout","logger":"task"}
{"timestamp":"2025-12-07T11:47:37.803819Z","level":"info","event":"شركت سام الكترونيك -سهامي عام - 57793660.0 1.926","chan":"stdout","logger":"task"}
{"timestamp":"2025-12-07T11:47:37.804564Z","level":"info","event":"شركت بيمه پاسارگاد-سهامي عام - 38300000.0 1.276","chan":"stdout","logger":"task"}
{"timestamp":"2025-12-07T11:47:37.805843Z","level":"info","event":"شركت سرمايه گذاري آينده نگرالگوريتم -سهامي خاص 32882963.0 1.096","chan":"stdout","logger":"task"}
{"timestamp":"2025-12-07T11:47:37.806726Z","level":"info","event":"شركت صنعتي آرين برد-سهامي خاص - 30409151.0 1.013","chan":"stdout","logger":"task"}
{"timestamp":"2025-12-07T11:47:37.807290Z","level":"info","event":"شركت بيمه زندگي كاريزما-سهامي عام - 157712534.0 5.257","chan":"stdout","logger":"task"}
{"timestamp":"2025-12-07T11:47:37.850148Z","level":"info","event":"Failed to fetch https://cdn.tsetmc.com/api/Shareholder/25559236668122210/20251123: HTTPSConnectionPool(host='cdn.tsetmc.com', port=443): Max retries exceeded with url: /api/Shareholder/25559236668122210/20251123 (Caused by SSLError(SSLCertVerificationError(1, '[SSL: CERTIFICATE_VERIFY_FAILED] certificate verify failed: unable to get local issuer certificate (_ssl.c:1010)')))","chan":"stdout","logger":"task"}
{"timestamp":"2025-12-07T11:47:37.886323Z","level":"info","event":"شركت بيمه پاسارگاد-سهامي عام - 38300000.0 1.276","chan":"stdout","logger":"task"}
{"timestamp":"2025-12-07T11:47:37.886934Z","level":"info","event":"شركت سرمايه گذاري آينده نگرالگوريتم -سهامي خاص 31302000.0 1.043","chan":"stdout","logger":"task"}
{"timestamp":"2025-12-07T11:47:37.887436Z","level":"info","event":"شركت صنعتي آرين برد-سهامي خاص - 30509151.0 1.016","chan":"stdout","logger":"task"}
{"timestamp":"2025-12-07T11:47:37.887976Z","level":"info","event":"شركت سام الكترونيك -سهامي عام - 48807320.0 1.626","chan":"stdout","logger":"task"}
{"timestamp":"2025-12-07T11:47:37.888537Z","level":"info","event":"صندوق سرمايه گذاري نوع دوم كارا 33753191.0 1.125","chan":"stdout","logger":"task"}
{"timestamp":"2025-12-07T11:47:37.889482Z","level":"info","event":"شركت بيمه زندگي كاريزما-سهامي عام - 154035585.0 5.134","chan":"stdout","logger":"task"}
{"timestamp":"2025-12-07T11:47:37.890387Z","level":"info","event":"شركت بيمه پاسارگاد-سهامي عام - 38300000.0 1.276","chan":"stdout","logger":"task"}
{"timestamp":"2025-12-07T11:47:37.891077Z","level":"info","event":"شركت سام الكترونيك -سهامي عام - 57793660.0 1.926","chan":"stdout","logger":"task"}
{"timestamp":"2025-12-07T11:47:37.891573Z","level":"info","event":"شركت سرمايه گذاري آينده نگرالگوريتم -سهامي خاص 32882963.0 1.096","chan":"stdout","logger":"task"}
{"timestamp":"2025-12-07T11:47:37.892127Z","level":"info","event":"شركت بيمه زندگي كاريزما-سهامي عام - 155545405.0 5.184","chan":"stdout","logger":"task"}
{"timestamp":"2025-12-07T11:47:37.892570Z","level":"info","event":"شركت صنعتي آرين برد-سهامي خاص - 30409151.0 1.013","chan":"stdout","logger":"task"}
{"timestamp":"2025-12-07T11:47:37.892904Z","level":"info","event":"صندوق سرمايه گذاري نوع دوم كارا 38247493.0 1.274","chan":"stdout","logger":"task"}
{"timestamp":"2025-12-07T11:47:37.956613Z","level":"info","event":"شركت سام الكترونيك -سهامي عام - 48807320.0 1.626","chan":"stdout","logger":"task"}
{"timestamp":"2025-12-07T11:47:37.957253Z","level":"info","event":"شركت بيمه پاسارگاد-سهامي عام - 38300000.0 1.276","chan":"stdout","logger":"task"}
{"timestamp":"2025-12-07T11:47:37.957713Z","level":"info","event":"شركت سرمايه گذاري آينده نگرالگوريتم -سهامي خاص 31302000.0 1.043","chan":"stdout","logger":"task"}
{"timestamp":"2025-12-07T11:47:37.958149Z","level":"info","event":"شركت صنعتي آرين برد-سهامي خاص - 30509151.0 1.016","chan":"stdout","logger":"task"}
{"timestamp":"2025-12-07T11:47:37.958678Z","level":"info","event":"شركت بيمه زندگي كاريزما-سهامي عام - 151784799.0 5.059","chan":"stdout","logger":"task"}
{"timestamp":"2025-12-07T11:47:37.959191Z","level":"info","event":"صندوق سرمايه گذاري نوع دوم كارا 33753191.0 1.125","chan":"stdout","logger":"task"}
{"timestamp":"2025-12-07T11:47:37.959935Z","level":"info","event":"شركت سام الكترونيك -سهامي عام - 48807320.0 1.626","chan":"stdout","logger":"task"}
{"timestamp":"2025-12-07T11:47:37.960530Z","level":"info","event":"شركت بيمه پاسارگاد-سهامي عام - 38300000.0 1.276","chan":"stdout","logger":"task"}
{"timestamp":"2025-12-07T11:47:37.960969Z","level":"info","event":"شركت سرمايه گذاري آينده نگرالگوريتم -سهامي خاص 31302000.0 1.043","chan":"stdout","logger":"task"}
{"timestamp":"2025-12-07T11:47:37.961338Z","level":"info","event":"شركت صنعتي آرين برد-سهامي خاص - 30509151.0 1.016","chan":"stdout","logger":"task"}
{"timestamp":"2025-12-07T11:47:37.961779Z","level":"info","event":"شركت بيمه زندگي كاريزما-سهامي عام - 154035585.0 5.134","chan":"stdout","logger":"task"}
{"timestamp":"2025-12-07T11:47:38.003118Z","level":"info","event":"Failed to fetch https://cdn.tsetmc.com/api/Shareholder/25559236668122210/20251126: HTTPSConnectionPool(host='cdn.tsetmc.com', port=443): Max retries exceeded with url: /api/Shareholder/25559236668122210/20251126 (Caused by SSLError(SSLCertVerificationError(1, '[SSL: CERTIFICATE_VERIFY_FAILED] certificate verify failed: unable to get local issuer certificate (_ssl.c:1010)')))","chan":"stdout","logger":"task"}
{"timestamp":"2025-12-07T11:47:38.057118Z","level":"info","event":"شركت سرمايه گذاري آينده نگرالگوريتم -سهامي خاص 31302000.0 1.043","chan":"stdout","logger":"task"}
{"timestamp":"2025-12-07T11:47:38.058118Z","level":"info","event":"شركت سام الكترونيك -سهامي عام - 48807320.0 1.626","chan":"stdout","logger":"task"}
{"timestamp":"2025-12-07T11:47:38.058730Z","level":"info","event":"شركت بيمه پاسارگاد-سهامي عام - 38300000.0 1.276","chan":"stdout","logger":"task"}
{"timestamp":"2025-12-07T11:47:38.059227Z","level":"info","event":"شركت بيمه زندگي كاريزما-سهامي عام - 151333095.0 5.044","chan":"stdout","logger":"task"}
{"timestamp":"2025-12-07T11:47:38.059798Z","level":"info","event":"شركت صنعتي آرين برد-سهامي خاص - 30529151.0 1.017","chan":"stdout","logger":"task"}
{"timestamp":"2025-12-07T11:47:38.060493Z","level":"info","event":"شركت صنعتي آرين برد-سهامي خاص - 30509151.0 1.016","chan":"stdout","logger":"task"}
{"timestamp":"2025-12-07T11:47:38.061033Z","level":"info","event":"شركت سرمايه گذاري آينده نگرالگوريتم -سهامي خاص 31302000.0 1.043","chan":"stdout","logger":"task"}
{"timestamp":"2025-12-07T11:47:38.061474Z","level":"info","event":"شركت بيمه زندگي كاريزما-سهامي عام - 151784799.0 5.059","chan":"stdout","logger":"task"}
{"timestamp":"2025-12-07T11:47:38.061830Z","level":"info","event":"شركت سام الكترونيك -سهامي عام - 48807320.0 1.626","chan":"stdout","logger":"task"}
{"timestamp":"2025-12-07T11:47:38.062339Z","level":"info","event":"شركت بيمه پاسارگاد-سهامي عام - 38300000.0 1.276","chan":"stdout","logger":"task"}
{"timestamp":"2025-12-07T11:47:38.214387Z","level":"info","event":"شركت سام الكترونيك -سهامي عام - 48807320.0 1.626","chan":"stdout","logger":"task"}
{"timestamp":"2025-12-07T11:47:38.216753Z","level":"info","event":"شركت بيمه پاسارگاد-سهامي عام - 38300000.0 1.276","chan":"stdout","logger":"task"}
{"timestamp":"2025-12-07T11:47:38.218051Z","level":"info","event":"شركت سرمايه گذاري آينده نگرالگوريتم -سهامي خاص 31302000.0 1.043","chan":"stdout","logger":"task"}
{"timestamp":"2025-12-07T11:47:38.218946Z","level":"info","event":"شركت صنعتي آرين برد-سهامي خاص - 30529151.0 1.017","chan":"stdout","logger":"task"}
{"timestamp":"2025-12-07T11:47:38.219797Z","level":"info","event":"شركت بيمه زندگي كاريزما-سهامي عام - 151333095.0 5.044","chan":"stdout","logger":"task"}
{"timestamp":"2025-12-07T11:47:38.220857Z","level":"info","event":"شركت سام الكترونيك -سهامي عام - 48807320.0 1.626","chan":"stdout","logger":"task"}
{"timestamp":"2025-12-07T11:47:38.221789Z","level":"info","event":"شركت بيمه پاسارگاد-سهامي عام - 38300000.0 1.276","chan":"stdout","logger":"task"}
{"timestamp":"2025-12-07T11:47:38.222400Z","level":"info","event":"شركت سرمايه گذاري آينده نگرالگوريتم -سهامي خاص 31302000.0 1.043","chan":"stdout","logger":"task"}
{"timestamp":"2025-12-07T11:47:38.222937Z","level":"info","event":"شركت صنعتي آرين برد-سهامي خاص - 30509151.0 1.016","chan":"stdout","logger":"task"}
{"timestamp":"2025-12-07T11:47:38.223370Z","level":"info","event":"شركت بيمه زندگي كاريزما-سهامي عام - 151784799.0 5.059","chan":"stdout","logger":"task"}
{"timestamp":"2025-12-07T11:47:38.299088Z","level":"info","event":"Failed to fetch https://cdn.tsetmc.com/api/Shareholder/25559236668122210/20251129: HTTPSConnectionPool(host='cdn.tsetmc.com', port=443): Max retries exceeded with url: /api/Shareholder/25559236668122210/20251129 (Caused by SSLError(SSLCertVerificationError(1, '[SSL: CERTIFICATE_VERIFY_FAILED] certificate verify failed: unable to get local issuer certificate (_ssl.c:1010)')))","chan":"stdout","logger":"task"}
{"timestamp":"2025-12-07T11:47:38.355251Z","level":"info","event":"شركت سام الكترونيك -سهامي عام - 48807320.0 1.626","chan":"stdout","logger":"task"}
{"timestamp":"2025-12-07T11:47:38.355862Z","level":"info","event":"شركت بيمه زندگي كاريزما-سهامي عام - 147791653.0 4.926","chan":"stdout","logger":"task"}
{"timestamp":"2025-12-07T11:47:38.356455Z","level":"info","event":"شركت صنعتي آرين برد-سهامي خاص - 30629151.0 1.02","chan":"stdout","logger":"task"}
{"timestamp":"2025-12-07T11:47:38.356983Z","level":"info","event":"شركت بيمه پاسارگاد-سهامي عام - 38300000.0 1.276","chan":"stdout","logger":"task"}
{"timestamp":"2025-12-07T11:47:38.357718Z","level":"info","event":"شركت سرمايه گذاري آينده نگرالگوريتم -سهامي خاص 31302000.0 1.043","chan":"stdout","logger":"task"}
{"timestamp":"2025-12-07T11:47:38.359095Z","level":"info","event":"شركت بيمه زندگي كاريزما-سهامي عام - 151333095.0 5.044","chan":"stdout","logger":"task"}
{"timestamp":"2025-12-07T11:47:38.359830Z","level":"info","event":"شركت سام الكترونيك -سهامي عام - 48807320.0 1.626","chan":"stdout","logger":"task"}
{"timestamp":"2025-12-07T11:47:38.360535Z","level":"info","event":"شركت بيمه پاسارگاد-سهامي عام - 38300000.0 1.276","chan":"stdout","logger":"task"}
{"timestamp":"2025-12-07T11:47:38.361221Z","level":"info","event":"شركت سرمايه گذاري آينده نگرالگوريتم -سهامي خاص 31302000.0 1.043","chan":"stdout","logger":"task"}
{"timestamp":"2025-12-07T11:47:38.362091Z","level":"info","event":"شركت صنعتي آرين برد-سهامي خاص - 30629151.0 1.02","chan":"stdout","logger":"task"}
{"timestamp":"2025-12-07T11:47:38.430212Z","level":"info","event":"شركت سام الكترونيك -سهامي عام - 48807320.0 1.626","chan":"stdout","logger":"task"}
{"timestamp":"2025-12-07T11:47:38.430827Z","level":"info","event":"شركت بيمه پاسارگاد-سهامي عام - 38300000.0 1.276","chan":"stdout","logger":"task"}
{"timestamp":"2025-12-07T11:47:38.431323Z","level":"info","event":"شركت صنعتي آرين برد-سهامي خاص - 30679151.0 1.022","chan":"stdout","logger":"task"}
{"timestamp":"2025-12-07T11:47:38.432863Z","level":"info","event":"شركت بيمه زندگي كاريزما-سهامي عام - 147791653.0 4.926","chan":"stdout","logger":"task"}
{"timestamp":"2025-12-07T11:47:38.435021Z","level":"info","event":"شركت سام الكترونيك -سهامي عام - 48807320.0 1.626","chan":"stdout","logger":"task"}
{"timestamp":"2025-12-07T11:47:38.437143Z","level":"info","event":"شركت بيمه پاسارگاد-سهامي عام - 38300000.0 1.276","chan":"stdout","logger":"task"}
{"timestamp":"2025-12-07T11:47:38.441973Z","level":"info","event":"شركت سرمايه گذاري آينده نگرالگوريتم -سهامي خاص 31302000.0 1.043","chan":"stdout","logger":"task"}
{"timestamp":"2025-12-07T11:47:38.442824Z","level":"info","event":"شركت صنعتي آرين برد-سهامي خاص - 30629151.0 1.02","chan":"stdout","logger":"task"}
{"timestamp":"2025-12-07T11:47:38.443525Z","level":"info","event":"شركت بيمه زندگي كاريزما-سهامي عام - 147791653.0 4.926","chan":"stdout","logger":"task"}
{"timestamp":"2025-12-07T11:47:38.481718Z","level":"info","event":"Failed to fetch https://cdn.tsetmc.com/api/Shareholder/25559236668122210/20251202: HTTPSConnectionPool(host='cdn.tsetmc.com', port=443): Max retries exceeded with url: /api/Shareholder/25559236668122210/20251202 (Caused by SSLError(SSLCertVerificationError(1, '[SSL: CERTIFICATE_VERIFY_FAILED] certificate verify failed: unable to get local issuer certificate (_ssl.c:1010)')))","chan":"stdout","logger":"task"}
{"timestamp":"2025-12-07T11:47:38.537524Z","level":"info","event":"شركت صنعتي آرين برد-سهامي خاص - 31219151.0 1.04","chan":"stdout","logger":"task"}
{"timestamp":"2025-12-07T11:47:38.538484Z","level":"info","event":"شركت بيمه زندگي كاريزما-سهامي عام - 143366861.0 4.778","chan":"stdout","logger":"task"}
{"timestamp":"2025-12-07T11:47:38.539690Z","level":"info","event":"شركت سام الكترونيك -سهامي عام - 48807320.0 1.626","chan":"stdout","logger":"task"}
{"timestamp":"2025-12-07T11:47:38.540613Z","level":"info","event":"شركت بيمه پاسارگاد-سهامي عام - 38300000.0 1.276","chan":"stdout","logger":"task"}
{"timestamp":"2025-12-07T11:47:38.541267Z","level":"info","event":"شركت صنعتي آرين برد-سهامي خاص - 30919151.0 1.03","chan":"stdout","logger":"task"}
{"timestamp":"2025-12-07T11:47:38.541816Z","level":"info","event":"شركت بيمه پاسارگاد-سهامي عام - 38300000.0 1.276","chan":"stdout","logger":"task"}
{"timestamp":"2025-12-07T11:47:38.542251Z","level":"info","event":"شركت بيمه زندگي كاريزما-سهامي عام - 143366861.0 4.778","chan":"stdout","logger":"task"}
{"timestamp":"2025-12-07T11:47:38.542560Z","level":"info","event":"شركت سام الكترونيك -سهامي عام - 48807320.0 1.626","chan":"stdout","logger":"task"}
{"timestamp":"2025-12-07T11:47:38.605547Z","level":"info","event":"شركت سام الكترونيك -سهامي عام - 48807320.0 1.626","chan":"stdout","logger":"task"}
{"timestamp":"2025-12-07T11:47:38.606182Z","level":"info","event":"شركت بيمه پاسارگاد-سهامي عام - 38300000.0 1.276","chan":"stdout","logger":"task"}
{"timestamp":"2025-12-07T11:47:38.606781Z","level":"info","event":"شركت صنعتي آرين برد-سهامي خاص - 31219151.0 1.04","chan":"stdout","logger":"task"}
{"timestamp":"2025-12-07T11:47:38.607224Z","level":"info","event":"شركت بيمه زندگي كاريزما-سهامي عام - 143366861.0 4.778","chan":"stdout","logger":"task"}
{"timestamp":"2025-12-07T11:47:38.607831Z","level":"info","event":"شركت سام الكترونيك -سهامي عام - 48807320.0 1.626","chan":"stdout","logger":"task"}
{"timestamp":"2025-12-07T11:47:38.608586Z","level":"info","event":"شركت بيمه پاسارگاد-سهامي عام - 38300000.0 1.276","chan":"stdout","logger":"task"}
{"timestamp":"2025-12-07T11:47:38.609029Z","level":"info","event":"شركت صنعتي آرين برد-سهامي خاص - 30919151.0 1.03","chan":"stdout","logger":"task"}
{"timestamp":"2025-12-07T11:47:38.609470Z","level":"info","event":"شركت بيمه زندگي كاريزما-سهامي عام - 143366861.0 4.778","chan":"stdout","logger":"task"}
{"timestamp":"2025-12-07T11:47:38.666471Z","level":"info","event":"Failed to fetch https://cdn.tsetmc.com/api/Shareholder/25559236668122210/20251205: HTTPSConnectionPool(host='cdn.tsetmc.com', port=443): Max retries exceeded with url: /api/Shareholder/25559236668122210/20251205 (Caused by SSLError(SSLCertVerificationError(1, '[SSL: CERTIFICATE_VERIFY_FAILED] certificate verify failed: unable to get local issuer certificate (_ssl.c:1010)')))","chan":"stdout","logger":"task"}
{"timestamp":"2025-12-07T11:47:38.710435Z","level":"info","event":"شركت صنعتي آرين برد-سهامي خاص - 31219151.0 1.04","chan":"stdout","logger":"task"}
{"timestamp":"2025-12-07T11:47:38.711260Z","level":"info","event":"شركت سام الكترونيك -سهامي عام - 48807320.0 1.626","chan":"stdout","logger":"task"}
{"timestamp":"2025-12-07T11:47:38.711831Z","level":"info","event":"شركت بيمه پاسارگاد-سهامي عام - 38300000.0 1.276","chan":"stdout","logger":"task"}
{"timestamp":"2025-12-07T11:47:38.712392Z","level":"info","event":"شركت بيمه زندگي كاريزما-سهامي عام - 143366861.0 4.778","chan":"stdout","logger":"task"}
{"timestamp":"2025-12-07T11:47:38.712970Z","level":"info","event":"شركت صنعتي آرين برد-سهامي خاص - 31219151.0 1.04","chan":"stdout","logger":"task"}
{"timestamp":"2025-12-07T11:47:38.713532Z","level":"info","event":"شركت بيمه زندگي كاريزما-سهامي عام - 143366861.0 4.778","chan":"stdout","logger":"task"}
{"timestamp":"2025-12-07T11:47:38.714586Z","level":"info","event":"شركت سام الكترونيك -سهامي عام - 48807320.0 1.626","chan":"stdout","logger":"task"}
{"timestamp":"2025-12-07T11:47:38.717777Z","level":"info","event":"شركت بيمه پاسارگاد-سهامي عام - 38300000.0 1.276","chan":"stdout","logger":"task"}
{"timestamp":"2025-12-07T11:47:38.793305Z","level":"info","event":"شركت سام الكترونيك -سهامي عام - 48807320.0 1.626","chan":"stdout","logger":"task"}
{"timestamp":"2025-12-07T11:47:38.793732Z","level":"info","event":"شركت بيمه پاسارگاد-سهامي عام - 38300000.0 1.276","chan":"stdout","logger":"task"}
{"timestamp":"2025-12-07T11:47:38.794054Z","level":"info","event":"شركت صنعتي آرين برد-سهامي خاص - 31219151.0 1.04","chan":"stdout","logger":"task"}
{"timestamp":"2025-12-07T11:47:38.794625Z","level":"info","event":"شركت بيمه زندگي كاريزما-سهامي عام - 143366861.0 4.778","chan":"stdout","logger":"task"}
{"timestamp":"2025-12-07T11:47:38.853545Z","level":"info","event":"Failed to fetch https://cdn.tsetmc.com/api/Shareholder/17914401175772326/20251107: HTTPSConnectionPool(host='cdn.tsetmc.com', port=443): Max retries exceeded with url: /api/Shareholder/17914401175772326/20251107 (Caused by SSLError(SSLCertVerificationError(1, '[SSL: CERTIFICATE_VERIFY_FAILED] certificate verify failed: unable to get local issuer certificate (_ssl.c:1010)')))","chan":"stdout","logger":"task"}
{"timestamp":"2025-12-07T11:47:38.890498Z","level":"info","event":"PRXسبد-شرك10999--شرك05487- 63843557.0 1.16","chan":"stdout","logger":"task"}
{"timestamp":"2025-12-07T11:47:38.891068Z","level":"info","event":"PRXسبد-شرك84321--شرك49162- 60795000.0 1.105","chan":"stdout","logger":"task"}
{"timestamp":"2025-12-07T11:47:38.891458Z","level":"info","event":"شركت ارزش آفرينان ترمس -سهامي خاص - 124685028.0 2.267","chan":"stdout","logger":"task"}
{"timestamp":"2025-12-07T11:47:38.891966Z","level":"info","event":"ETFكدرزروصندوقهاي سرمايه گذاري قابل معامله 1687000000.0 30.672","chan":"stdout","logger":"task"}
{"timestamp":"2025-12-07T11:47:38.892425Z","level":"info","event":"PRXسبد-شرك10999--شرك05487- 63843557.0 1.16","chan":"stdout","logger":"task"}
{"timestamp":"2025-12-07T11:47:38.892984Z","level":"info","event":"PRXسبد-شرك84321--شرك49162- 60795000.0 1.105","chan":"stdout","logger":"task"}
{"timestamp":"2025-12-07T11:47:38.893385Z","level":"info","event":"شركت ارزش آفرينان ترمس -سهامي خاص - 123529978.0 2.245","chan":"stdout","logger":"task"}
{"timestamp":"2025-12-07T11:47:38.893778Z","level":"info","event":"ETFكدرزروصندوقهاي سرمايه گذاري قابل معامله 1687000000.0 30.672","chan":"stdout","logger":"task"}
{"timestamp":"2025-12-07T11:47:38.960881Z","level":"info","event":"PRXسبد-شرك84321--شرك49162- 60795000.0 1.105","chan":"stdout","logger":"task"}
{"timestamp":"2025-12-07T11:47:38.961453Z","level":"info","event":"PRXسبد-شرك10999--شرك05487- 63843557.0 1.16","chan":"stdout","logger":"task"}
{"timestamp":"2025-12-07T11:47:38.961942Z","level":"info","event":"ETFكدرزروصندوقهاي سرمايه گذاري قابل معامله 1687000000.0 30.672","chan":"stdout","logger":"task"}
{"timestamp":"2025-12-07T11:47:38.962443Z","level":"info","event":"شركت ارزش آفرينان ترمس -سهامي خاص - 124730028.0 2.267","chan":"stdout","logger":"task"}
{"timestamp":"2025-12-07T11:47:38.962864Z","level":"info","event":"PRXسبد-شرك84321--شرك49162- 60795000.0 1.105","chan":"stdout","logger":"task"}
{"timestamp":"2025-12-07T11:47:38.963421Z","level":"info","event":"PRXسبد-شرك10999--شرك05487- 63843557.0 1.16","chan":"stdout","logger":"task"}
{"timestamp":"2025-12-07T11:47:38.963914Z","level":"info","event":"ETFكدرزروصندوقهاي سرمايه گذاري قابل معامله 1687000000.0 30.672","chan":"stdout","logger":"task"}
{"timestamp":"2025-12-07T11:47:38.964337Z","level":"info","event":"شركت ارزش آفرينان ترمس -سهامي خاص - 124685028.0 2.267","chan":"stdout","logger":"task"}
{"timestamp":"2025-12-07T11:47:39.011222Z","level":"info","event":"Failed to fetch https://cdn.tsetmc.com/api/Shareholder/17914401175772326/20251110: HTTPSConnectionPool(host='cdn.tsetmc.com', port=443): Max retries exceeded with url: /api/Shareholder/17914401175772326/20251110 (Caused by SSLError(SSLCertVerificationError(1, '[SSL: CERTIFICATE_VERIFY_FAILED] certificate verify failed: unable to get local issuer certificate (_ssl.c:1010)')))","chan":"stdout","logger":"task"}
{"timestamp":"2025-12-07T11:47:39.072635Z","level":"info","event":"ETFكدرزروصندوقهاي سرمايه گذاري قابل معامله 1687000000.0 30.672","chan":"stdout","logger":"task"}
{"timestamp":"2025-12-07T11:47:39.073446Z","level":"info","event":"PRXسبد-شرك10999--شرك05487- 63251234.0 1.15","chan":"stdout","logger":"task"}
{"timestamp":"2025-12-07T11:47:39.073979Z","level":"info","event":"PRXسبد-شرك84321--شرك49162- 63014000.0 1.145","chan":"stdout","logger":"task"}
{"timestamp":"2025-12-07T11:47:39.074395Z","level":"info","event":"شركت ارزش آفرينان ترمس -سهامي خاص - 126386137.0 2.297","chan":"stdout","logger":"task"}
{"timestamp":"2025-12-07T11:47:39.074881Z","level":"info","event":"ETFكدرزروصندوقهاي سرمايه گذاري قابل معامله 1687000000.0 30.672","chan":"stdout","logger":"task"}
{"timestamp":"2025-12-07T11:47:39.075410Z","level":"info","event":"PRXسبد-شرك84321--شرك49162- 62490000.0 1.136","chan":"stdout","logger":"task"}
{"timestamp":"2025-12-07T11:47:39.075971Z","level":"info","event":"PRXسبد-شرك10999--شرك05487- 63843557.0 1.16","chan":"stdout","logger":"task"}
{"timestamp":"2025-12-07T11:47:39.076439Z","level":"info","event":"شركت ارزش آفرينان ترمس -سهامي خاص - 124866028.0 2.27","chan":"stdout","logger":"task"}
{"timestamp":"2025-12-07T11:47:39.155477Z","level":"info","event":"PRXسبد-شرك84321--شرك49162- 63014000.0 1.145","chan":"stdout","logger":"task"}
{"timestamp":"2025-12-07T11:47:39.156867Z","level":"info","event":"PRXسبد-شرك10999--شرك05487- 63251234.0 1.15","chan":"stdout","logger":"task"}
{"timestamp":"2025-12-07T11:47:39.158104Z","level":"info","event":"ETFكدرزروصندوقهاي سرمايه گذاري قابل معامله 1687000000.0 30.672","chan":"stdout","logger":"task"}
{"timestamp":"2025-12-07T11:47:39.159114Z","level":"info","event":"شركت ارزش آفرينان ترمس -سهامي خاص - 126564137.0 2.301","chan":"stdout","logger":"task"}
{"timestamp":"2025-12-07T11:47:39.160296Z","level":"info","event":"PRXسبد-شرك84321--شرك49162- 63014000.0 1.145","chan":"stdout","logger":"task"}
{"timestamp":"2025-12-07T11:47:39.161008Z","level":"info","event":"PRXسبد-شرك10999--شرك05487- 63251234.0 1.15","chan":"stdout","logger":"task"}
{"timestamp":"2025-12-07T11:47:39.161577Z","level":"info","event":"ETFكدرزروصندوقهاي سرمايه گذاري قابل معامله 1687000000.0 30.672","chan":"stdout","logger":"task"}
{"timestamp":"2025-12-07T11:47:39.162133Z","level":"info","event":"شركت ارزش آفرينان ترمس -سهامي خاص - 126386137.0 2.297","chan":"stdout","logger":"task"}
{"timestamp":"2025-12-07T11:47:39.216671Z","level":"info","event":"Failed to fetch https://cdn.tsetmc.com/api/Shareholder/17914401175772326/20251113: HTTPSConnectionPool(host='cdn.tsetmc.com', port=443): Max retries exceeded with url: /api/Shareholder/17914401175772326/20251113 (Caused by SSLError(SSLCertVerificationError(1, '[SSL: CERTIFICATE_VERIFY_FAILED] certificate verify failed: unable to get local issuer certificate (_ssl.c:1010)')))","chan":"stdout","logger":"task"}
{"timestamp":"2025-12-07T11:47:39.272866Z","level":"info","event":"شركت ارزش آفرينان ترمس -سهامي خاص - 126564137.0 2.301","chan":"stdout","logger":"task"}
{"timestamp":"2025-12-07T11:47:39.274142Z","level":"info","event":"PRXسبد-شرك10999--شرك05487- 63251234.0 1.15","chan":"stdout","logger":"task"}
{"timestamp":"2025-12-07T11:47:39.275007Z","level":"info","event":"PRXسبد-شرك84321--شرك49162- 63014000.0 1.145","chan":"stdout","logger":"task"}
{"timestamp":"2025-12-07T11:47:39.279089Z","level":"info","event":"ETFكدرزروصندوقهاي سرمايه گذاري قابل معامله 1687000000.0 30.672","chan":"stdout","logger":"task"}
{"timestamp":"2025-12-07T11:47:39.279989Z","level":"info","event":"ETFكدرزروصندوقهاي سرمايه گذاري قابل معامله 1687000000.0 30.672","chan":"stdout","logger":"task"}
{"timestamp":"2025-12-07T11:47:39.280723Z","level":"info","event":"PRXسبد-شرك10999--شرك05487- 63251234.0 1.15","chan":"stdout","logger":"task"}
{"timestamp":"2025-12-07T11:47:39.281235Z","level":"info","event":"PRXسبد-شرك84321--شرك49162- 63014000.0 1.145","chan":"stdout","logger":"task"}
{"timestamp":"2025-12-07T11:47:39.281919Z","level":"info","event":"شركت ارزش آفرينان ترمس -سهامي خاص - 126386137.0 2.297","chan":"stdout","logger":"task"}
{"timestamp":"2025-12-07T11:47:39.402560Z","level":"info","event":"PRXسبد-شرك84321--شرك49162- 63014000.0 1.145","chan":"stdout","logger":"task"}
{"timestamp":"2025-12-07T11:47:39.403671Z","level":"info","event":"PRXسبد-شرك10999--شرك05487- 63251234.0 1.15","chan":"stdout","logger":"task"}
{"timestamp":"2025-12-07T11:47:39.404649Z","level":"info","event":"ETFكدرزروصندوقهاي سرمايه گذاري قابل معامله 1687000000.0 30.672","chan":"stdout","logger":"task"}
{"timestamp":"2025-12-07T11:47:39.405689Z","level":"info","event":"شركت ارزش آفرينان ترمس -سهامي خاص - 126685137.0 2.303","chan":"stdout","logger":"task"}
{"timestamp":"2025-12-07T11:47:39.406576Z","level":"info","event":"PRXسبد-شرك19399--شرك81598- 56422253.0 1.025","chan":"stdout","logger":"task"}
{"timestamp":"2025-12-07T11:47:39.407357Z","level":"info","event":"PRXسبد-شرك84321--شرك49162- 63014000.0 1.145","chan":"stdout","logger":"task"}
{"timestamp":"2025-12-07T11:47:39.408067Z","level":"info","event":"PRXسبد-شرك10999--شرك05487- 63251234.0 1.15","chan":"stdout","logger":"task"}
{"timestamp":"2025-12-07T11:47:39.408966Z","level":"info","event":"ETFكدرزروصندوقهاي سرمايه گذاري قابل معامله 1687000000.0 30.672","chan":"stdout","logger":"task"}
{"timestamp":"2025-12-07T11:47:39.409853Z","level":"info","event":"شركت ارزش آفرينان ترمس -سهامي خاص - 126564137.0 2.301","chan":"stdout","logger":"task"}
{"timestamp":"2025-12-07T11:47:39.445831Z","level":"info","event":"Failed to fetch https://cdn.tsetmc.com/api/Shareholder/17914401175772326/20251116: HTTPSConnectionPool(host='cdn.tsetmc.com', port=443): Max retries exceeded with url: /api/Shareholder/17914401175772326/20251116 (Caused by SSLError(SSLCertVerificationError(1, '[SSL: CERTIFICATE_VERIFY_FAILED] certificate verify failed: unable to get local issuer certificate (_ssl.c:1010)')))","chan":"stdout","logger":"task"}
{"timestamp":"2025-12-07T11:47:39.492433Z","level":"info","event":"PRXسبد-شرك84321--شرك49162- 63014000.0 1.145","chan":"stdout","logger":"task"}
{"timestamp":"2025-12-07T11:47:39.493157Z","level":"info","event":"شركت ارزش آفرينان ترمس -سهامي خاص - 126746137.0 2.304","chan":"stdout","logger":"task"}
{"timestamp":"2025-12-07T11:47:39.493751Z","level":"info","event":"PRXسبد-شرك19399--شرك81598- 56422253.0 1.025","chan":"stdout","logger":"task"}
{"timestamp":"2025-12-07T11:47:39.494658Z","level":"info","event":"PRXسبد-شرك10999--شرك05487- 61251234.0 1.113","chan":"stdout","logger":"task"}
{"timestamp":"2025-12-07T11:47:39.495289Z","level":"info","event":"ETFكدرزروصندوقهاي سرمايه گذاري قابل معامله 1687000000.0 30.672","chan":"stdout","logger":"task"}
{"timestamp":"2025-12-07T11:47:39.496063Z","level":"info","event":"PRXسبد-شرك19399--شرك81598- 56422253.0 1.025","chan":"stdout","logger":"task"}
{"timestamp":"2025-12-07T11:47:39.496590Z","level":"info","event":"شركت ارزش آفرينان ترمس -سهامي خاص - 126743137.0 2.304","chan":"stdout","logger":"task"}
{"timestamp":"2025-12-07T11:47:39.497052Z","level":"info","event":"ETFكدرزروصندوقهاي سرمايه گذاري قابل معامله 1687000000.0 30.672","chan":"stdout","logger":"task"}
{"timestamp":"2025-12-07T11:47:39.497506Z","level":"info","event":"PRXسبد-شرك84321--شرك49162- 63014000.0 1.145","chan":"stdout","logger":"task"}
{"timestamp":"2025-12-07T11:47:39.497916Z","level":"info","event":"PRXسبد-شرك10999--شرك05487- 63251234.0 1.15","chan":"stdout","logger":"task"}
{"timestamp":"2025-12-07T11:47:39.575902Z","level":"info","event":"PRXسبد-شرك84321--شرك49162- 63014000.0 1.145","chan":"stdout","logger":"task"}
{"timestamp":"2025-12-07T11:47:39.576335Z","level":"info","event":"PRXسبد-شرك10999--شرك05487- 61251234.0 1.113","chan":"stdout","logger":"task"}
{"timestamp":"2025-12-07T11:47:39.576790Z","level":"info","event":"ETFكدرزروصندوقهاي سرمايه گذاري قابل معامله 1687000000.0 30.672","chan":"stdout","logger":"task"}
{"timestamp":"2025-12-07T11:47:39.577246Z","level":"info","event":"شركت ارزش آفرينان ترمس -سهامي خاص - 127376137.0 2.315","chan":"stdout","logger":"task"}
{"timestamp":"2025-12-07T11:47:39.577637Z","level":"info","event":"PRXسبد-شرك19399--شرك81598- 56422253.0 1.025","chan":"stdout","logger":"task"}
{"timestamp":"2025-12-07T11:47:39.578150Z","level":"info","event":"PRXسبد-شرك84321--شرك49162- 63014000.0 1.145","chan":"stdout","logger":"task"}
{"timestamp":"2025-12-07T11:47:39.578587Z","level":"info","event":"PRXسبد-شرك10999--شرك05487- 61251234.0 1.113","chan":"stdout","logger":"task"}
{"timestamp":"2025-12-07T11:47:39.579006Z","level":"info","event":"ETFكدرزروصندوقهاي سرمايه گذاري قابل معامله 1687000000.0 30.672","chan":"stdout","logger":"task"}
{"timestamp":"2025-12-07T11:47:39.579449Z","level":"info","event":"شركت ارزش آفرينان ترمس -سهامي خاص - 126746137.0 2.304","chan":"stdout","logger":"task"}
{"timestamp":"2025-12-07T11:47:39.579862Z","level":"info","event":"PRXسبد-شرك19399--شرك81598- 56422253.0 1.025","chan":"stdout","logger":"task"}
{"timestamp":"2025-12-07T11:47:39.627615Z","level":"info","event":"Failed to fetch https://cdn.tsetmc.com/api/Shareholder/17914401175772326/20251119: HTTPSConnectionPool(host='cdn.tsetmc.com', port=443): Max retries exceeded with url: /api/Shareholder/17914401175772326/20251119 (Caused by SSLError(SSLCertVerificationError(1, '[SSL: CERTIFICATE_VERIFY_FAILED] certificate verify failed: unable to get local issuer certificate (_ssl.c:1010)')))","chan":"stdout","logger":"task"}
{"timestamp":"2025-12-07T11:47:39.667795Z","level":"info","event":"PRXسبد-شرك84321--شرك49162- 63014000.0 1.145","chan":"stdout","logger":"task"}
{"timestamp":"2025-12-07T11:47:39.669928Z","level":"info","event":"ETFكدرزروصندوقهاي سرمايه گذاري قابل معامله 1687000000.0 30.672","chan":"stdout","logger":"task"}
{"timestamp":"2025-12-07T11:47:39.670846Z","level":"info","event":"PRXسبد-شرك10999--شرك05487- 59809234.0 1.087","chan":"stdout","logger":"task"}
{"timestamp":"2025-12-07T11:47:39.671747Z","level":"info","event":"شركت ارزش آفرينان ترمس -سهامي خاص - 74648137.0 1.357","chan":"stdout","logger":"task"}
{"timestamp":"2025-12-07T11:47:39.672387Z","level":"info","event":"PRXسبد-شرك19399--شرك81598- 56422253.0 1.025","chan":"stdout","logger":"task"}
{"timestamp":"2025-12-07T11:47:39.672949Z","level":"info","event":"PRXسبد-شرك19399--شرك81598- 56422253.0 1.025","chan":"stdout","logger":"task"}
{"timestamp":"2025-12-07T11:47:39.673391Z","level":"info","event":"شركت ارزش آفرينان ترمس -سهامي خاص - 127376137.0 2.315","chan":"stdout","logger":"task"}
{"timestamp":"2025-12-07T11:47:39.673867Z","level":"info","event":"ETFكدرزروصندوقهاي سرمايه گذاري قابل معامله 1687000000.0 30.672","chan":"stdout","logger":"task"}
{"timestamp":"2025-12-07T11:47:39.674507Z","level":"info","event":"PRXسبد-شرك84321--شرك49162- 63014000.0 1.145","chan":"stdout","logger":"task"}
{"timestamp":"2025-12-07T11:47:39.674960Z","level":"info","event":"PRXسبد-شرك10999--شرك05487- 61251234.0 1.113","chan":"stdout","logger":"task"}
{"timestamp":"2025-12-07T11:47:39.737532Z","level":"info","event":"PRXسبد-شرك84321--شرك49162- 63014000.0 1.145","chan":"stdout","logger":"task"}
{"timestamp":"2025-12-07T11:47:39.738445Z","level":"info","event":"PRXسبد-شرك10999--شرك05487- 59809234.0 1.087","chan":"stdout","logger":"task"}
{"timestamp":"2025-12-07T11:47:39.739098Z","level":"info","event":"ETFكدرزروصندوقهاي سرمايه گذاري قابل معامله 1687000000.0 30.672","chan":"stdout","logger":"task"}
{"timestamp":"2025-12-07T11:47:39.739676Z","level":"info","event":"شركت ارزش آفرينان ترمس -سهامي خاص - 74648137.0 1.357","chan":"stdout","logger":"task"}
{"timestamp":"2025-12-07T11:47:39.740375Z","level":"info","event":"PRXسبد-شرك19399--شرك81598- 56422253.0 1.025","chan":"stdout","logger":"task"}
{"timestamp":"2025-12-07T11:47:39.740865Z","level":"info","event":"PRXسبد-شرك84321--شرك49162- 63014000.0 1.145","chan":"stdout","logger":"task"}
{"timestamp":"2025-12-07T11:47:39.741261Z","level":"info","event":"PRXسبد-شرك10999--شرك05487- 61251234.0 1.113","chan":"stdout","logger":"task"}
{"timestamp":"2025-12-07T11:47:39.741682Z","level":"info","event":"ETFكدرزروصندوقهاي سرمايه گذاري قابل معامله 1687000000.0 30.672","chan":"stdout","logger":"task"}
{"timestamp":"2025-12-07T11:47:39.742130Z","level":"info","event":"شركت ارزش آفرينان ترمس -سهامي خاص - 127376137.0 2.315","chan":"stdout","logger":"task"}
{"timestamp":"2025-12-07T11:47:39.742633Z","level":"info","event":"PRXسبد-شرك19399--شرك81598- 56422253.0 1.025","chan":"stdout","logger":"task"}
{"timestamp":"2025-12-07T11:47:39.787329Z","level":"info","event":"Failed to fetch https://cdn.tsetmc.com/api/Shareholder/17914401175772326/20251122: HTTPSConnectionPool(host='cdn.tsetmc.com', port=443): Max retries exceeded with url: /api/Shareholder/17914401175772326/20251122 (Caused by SSLError(SSLCertVerificationError(1, '[SSL: CERTIFICATE_VERIFY_FAILED] certificate verify failed: unable to get local issuer certificate (_ssl.c:1010)')))","chan":"stdout","logger":"task"}
{"timestamp":"2025-12-07T11:47:39.839048Z","level":"info","event":"PRXسبد-شرك19399--شرك81598- 56422253.0 1.025","chan":"stdout","logger":"task"}
{"timestamp":"2025-12-07T11:47:39.839612Z","level":"info","event":"ETFكدرزروصندوقهاي سرمايه گذاري قابل معامله 1687000000.0 30.672","chan":"stdout","logger":"task"}
{"timestamp":"2025-12-07T11:47:39.840144Z","level":"info","event":"PRXسبد-شرك84321--شرك49162- 63014000.0 1.145","chan":"stdout","logger":"task"}
{"timestamp":"2025-12-07T11:47:39.840753Z","level":"info","event":"شركت ارزش آفرينان ترمس -سهامي خاص - 76723137.0 1.394","chan":"stdout","logger":"task"}
{"timestamp":"2025-12-07T11:47:39.841202Z","level":"info","event":"PRXسبد-شرك10999--شرك05487- 55475148.0 1.008","chan":"stdout","logger":"task"}
{"timestamp":"2025-12-07T11:47:39.841647Z","level":"info","event":"PRXسبد-شرك19399--شرك81598- 56422253.0 1.025","chan":"stdout","logger":"task"}
{"timestamp":"2025-12-07T11:47:39.842104Z","level":"info","event":"PRXسبد-شرك84321--شرك49162- 63014000.0 1.145","chan":"stdout","logger":"task"}
{"timestamp":"2025-12-07T11:47:39.842488Z","level":"info","event":"ETFكدرزروصندوقهاي سرمايه گذاري قابل معامله 1687000000.0 30.672","chan":"stdout","logger":"task"}
{"timestamp":"2025-12-07T11:47:39.842884Z","level":"info","event":"شركت ارزش آفرينان ترمس -سهامي خاص - 76374137.0 1.388","chan":"stdout","logger":"task"}
{"timestamp":"2025-12-07T11:47:39.843209Z","level":"info","event":"PRXسبد-شرك10999--شرك05487- 55475148.0 1.008","chan":"stdout","logger":"task"}
{"timestamp":"2025-12-07T11:47:39.923569Z","level":"info","event":"PRXسبد-شرك84321--شرك49162- 63014000.0 1.145","chan":"stdout","logger":"task"}
{"timestamp":"2025-12-07T11:47:39.924225Z","level":"info","event":"PRXسبد-شرك10999--شرك05487- 55475148.0 1.008","chan":"stdout","logger":"task"}
{"timestamp":"2025-12-07T11:47:39.924756Z","level":"info","event":"ETFكدرزروصندوقهاي سرمايه گذاري قابل معامله 1687000000.0 30.672","chan":"stdout","logger":"task"}
{"timestamp":"2025-12-07T11:47:39.925274Z","level":"info","event":"شركت ارزش آفرينان ترمس -سهامي خاص - 76723137.0 1.394","chan":"stdout","logger":"task"}
{"timestamp":"2025-12-07T11:47:39.925718Z","level":"info","event":"PRXسبد-شرك19399--شرك81598- 56422253.0 1.025","chan":"stdout","logger":"task"}
{"timestamp":"2025-12-07T11:47:39.926214Z","level":"info","event":"PRXسبد-شرك84321--شرك49162- 63014000.0 1.145","chan":"stdout","logger":"task"}
{"timestamp":"2025-12-07T11:47:39.926787Z","level":"info","event":"PRXسبد-شرك10999--شرك05487- 55475148.0 1.008","chan":"stdout","logger":"task"}
{"timestamp":"2025-12-07T11:47:39.927162Z","level":"info","event":"ETFكدرزروصندوقهاي سرمايه گذاري قابل معامله 1687000000.0 30.672","chan":"stdout","logger":"task"}
{"timestamp":"2025-12-07T11:47:39.927517Z","level":"info","event":"شركت ارزش آفرينان ترمس -سهامي خاص - 76374137.0 1.388","chan":"stdout","logger":"task"}
{"timestamp":"2025-12-07T11:47:39.927892Z","level":"info","event":"PRXسبد-شرك19399--شرك81598- 56422253.0 1.025","chan":"stdout","logger":"task"}
{"timestamp":"2025-12-07T11:47:39.976454Z","level":"info","event":"Failed to fetch https://cdn.tsetmc.com/api/Shareholder/17914401175772326/20251125: HTTPSConnectionPool(host='cdn.tsetmc.com', port=443): Max retries exceeded with url: /api/Shareholder/17914401175772326/20251125 (Caused by SSLError(SSLCertVerificationError(1, '[SSL: CERTIFICATE_VERIFY_FAILED] certificate verify failed: unable to get local issuer certificate (_ssl.c:1010)')))","chan":"stdout","logger":"task"}
{"timestamp":"2025-12-07T11:47:40.020700Z","level":"info","event":"PRXسبد-شرك19399--شرك81598- 56422253.0 1.025","chan":"stdout","logger":"task"}
{"timestamp":"2025-12-07T11:47:40.021882Z","level":"info","event":"شركت ارزش آفرينان ترمس -سهامي خاص - 80591259.0 1.465","chan":"stdout","logger":"task"}
{"timestamp":"2025-12-07T11:47:40.022578Z","level":"info","event":"PRXسبد-شرك10999--شرك05487- 55475148.0 1.008","chan":"stdout","logger":"task"}
{"timestamp":"2025-12-07T11:47:40.023206Z","level":"info","event":"ETFكدرزروصندوقهاي سرمايه گذاري قابل معامله 1687000000.0 30.672","chan":"stdout","logger":"task"}
{"timestamp":"2025-12-07T11:47:40.023876Z","level":"info","event":"PRXسبد-شرك84321--شرك49162- 63014000.0 1.145","chan":"stdout","logger":"task"}
{"timestamp":"2025-12-07T11:47:40.024289Z","level":"info","event":"PRXسبد-شرك84321--شرك49162- 63014000.0 1.145","chan":"stdout","logger":"task"}
{"timestamp":"2025-12-07T11:47:40.024689Z","level":"info","event":"شركت ارزش آفرينان ترمس -سهامي خاص - 77114037.0 1.402","chan":"stdout","logger":"task"}
{"timestamp":"2025-12-07T11:47:40.025302Z","level":"info","event":"ETFكدرزروصندوقهاي سرمايه گذاري قابل معامله 1687000000.0 30.672","chan":"stdout","logger":"task"}
{"timestamp":"2025-12-07T11:47:40.027311Z","level":"info","event":"PRXسبد-شرك19399--شرك81598- 56422253.0 1.025","chan":"stdout","logger":"task"}
{"timestamp":"2025-12-07T11:47:40.027850Z","level":"info","event":"PRXسبد-شرك10999--شرك05487- 55475148.0 1.008","chan":"stdout","logger":"task"}
{"timestamp":"2025-12-07T11:47:40.097093Z","level":"info","event":"PRXسبد-شرك84321--شرك49162- 63014000.0 1.145","chan":"stdout","logger":"task"}
{"timestamp":"2025-12-07T11:47:40.098076Z","level":"info","event":"PRXسبد-شرك10999--شرك05487- 55475148.0 1.008","chan":"stdout","logger":"task"}
{"timestamp":"2025-12-07T11:47:40.099320Z","level":"info","event":"ETFكدرزروصندوقهاي سرمايه گذاري قابل معامله 1687000000.0 30.672","chan":"stdout","logger":"task"}
{"timestamp":"2025-12-07T11:47:40.100013Z","level":"info","event":"شركت ارزش آفرينان ترمس -سهامي خاص - 80591259.0 1.465","chan":"stdout","logger":"task"}
{"timestamp":"2025-12-07T11:47:40.102064Z","level":"info","event":"PRXسبد-شرك19399--شرك81598- 56422253.0 1.025","chan":"stdout","logger":"task"}
{"timestamp":"2025-12-07T11:47:40.103329Z","level":"info","event":"PRXسبد-شرك84321--شرك49162- 63014000.0 1.145","chan":"stdout","logger":"task"}
{"timestamp":"2025-12-07T11:47:40.104482Z","level":"info","event":"PRXسبد-شرك10999--شرك05487- 55475148.0 1.008","chan":"stdout","logger":"task"}
{"timestamp":"2025-12-07T11:47:40.105205Z","level":"info","event":"ETFكدرزروصندوقهاي سرمايه گذاري قابل معامله 1687000000.0 30.672","chan":"stdout","logger":"task"}
{"timestamp":"2025-12-07T11:47:40.105790Z","level":"info","event":"شركت ارزش آفرينان ترمس -سهامي خاص - 77114037.0 1.402","chan":"stdout","logger":"task"}
{"timestamp":"2025-12-07T11:47:40.106285Z","level":"info","event":"PRXسبد-شرك19399--شرك81598- 56422253.0 1.025","chan":"stdout","logger":"task"}
{"timestamp":"2025-12-07T11:47:40.149738Z","level":"info","event":"Failed to fetch https://cdn.tsetmc.com/api/Shareholder/17914401175772326/20251128: HTTPSConnectionPool(host='cdn.tsetmc.com', port=443): Max retries exceeded with url: /api/Shareholder/17914401175772326/20251128 (Caused by SSLError(SSLCertVerificationError(1, '[SSL: CERTIFICATE_VERIFY_FAILED] certificate verify failed: unable to get local issuer certificate (_ssl.c:1010)')))","chan":"stdout","logger":"task"}
{"timestamp":"2025-12-07T11:47:40.215635Z","level":"info","event":"شركت ارزش آفرينان ترمس -سهامي خاص - 80740259.0 1.468","chan":"stdout","logger":"task"}
{"timestamp":"2025-12-07T11:47:40.216149Z","level":"info","event":"PRXسبد-شرك19399--شرك81598- 56422253.0 1.025","chan":"stdout","logger":"task"}
{"timestamp":"2025-12-07T11:47:40.216563Z","level":"info","event":"PRXسبد-شرك84321--شرك49162- 63014000.0 1.145","chan":"stdout","logger":"task"}
{"timestamp":"2025-12-07T11:47:40.217244Z","level":"info","event":"PRXسبد-شرك10999--شرك05487- 55475148.0 1.008","chan":"stdout","logger":"task"}
{"timestamp":"2025-12-07T11:47:40.217811Z","level":"info","event":"ETFكدرزروصندوقهاي سرمايه گذاري قابل معامله 1687000000.0 30.672","chan":"stdout","logger":"task"}
{"timestamp":"2025-12-07T11:47:40.218604Z","level":"info","event":"PRXسبد-شرك19399--شرك81598- 56422253.0 1.025","chan":"stdout","logger":"task"}
{"timestamp":"2025-12-07T11:47:40.219489Z","level":"info","event":"شركت ارزش آفرينان ترمس -سهامي خاص - 80591259.0 1.465","chan":"stdout","logger":"task"}
{"timestamp":"2025-12-07T11:47:40.221715Z","level":"info","event":"PRXسبد-شرك10999--شرك05487- 55475148.0 1.008","chan":"stdout","logger":"task"}
{"timestamp":"2025-12-07T11:47:40.222586Z","level":"info","event":"ETFكدرزروصندوقهاي سرمايه گذاري قابل معامله 1687000000.0 30.672","chan":"stdout","logger":"task"}
{"timestamp":"2025-12-07T11:47:40.223212Z","level":"info","event":"PRXسبد-شرك84321--شرك49162- 63014000.0 1.145","chan":"stdout","logger":"task"}
{"timestamp":"2025-12-07T11:47:40.290733Z","level":"info","event":"PRXسبد-شرك84321--شرك49162- 63014000.0 1.145","chan":"stdout","logger":"task"}
{"timestamp":"2025-12-07T11:47:40.291282Z","level":"info","event":"PRXسبد-شرك10999--شرك05487- 55449287.0 1.008","chan":"stdout","logger":"task"}
{"timestamp":"2025-12-07T11:47:40.291683Z","level":"info","event":"ETFكدرزروصندوقهاي سرمايه گذاري قابل معامله 1687000000.0 30.672","chan":"stdout","logger":"task"}
{"timestamp":"2025-12-07T11:47:40.292124Z","level":"info","event":"شركت ارزش آفرينان ترمس -سهامي خاص - 81845259.0 1.488","chan":"stdout","logger":"task"}
{"timestamp":"2025-12-07T11:47:40.292642Z","level":"info","event":"PRXسبد-شرك19399--شرك81598- 56422253.0 1.025","chan":"stdout","logger":"task"}
{"timestamp":"2025-12-07T11:47:40.293062Z","level":"info","event":"PRXسبد-شرك84321--شرك49162- 63014000.0 1.145","chan":"stdout","logger":"task"}
{"timestamp":"2025-12-07T11:47:40.293417Z","level":"info","event":"PRXسبد-شرك10999--شرك05487- 55475148.0 1.008","chan":"stdout","logger":"task"}
{"timestamp":"2025-12-07T11:47:40.293775Z","level":"info","event":"ETFكدرزروصندوقهاي سرمايه گذاري قابل معامله 1687000000.0 30.672","chan":"stdout","logger":"task"}
{"timestamp":"2025-12-07T11:47:40.294107Z","level":"info","event":"شركت ارزش آفرينان ترمس -سهامي خاص - 80740259.0 1.468","chan":"stdout","logger":"task"}
{"timestamp":"2025-12-07T11:47:40.294438Z","level":"info","event":"PRXسبد-شرك19399--شرك81598- 56422253.0 1.025","chan":"stdout","logger":"task"}
{"timestamp":"2025-12-07T11:47:40.328287Z","level":"info","event":"Failed to fetch https://cdn.tsetmc.com/api/Shareholder/17914401175772326/20251201: HTTPSConnectionPool(host='cdn.tsetmc.com', port=443): Max retries exceeded with url: /api/Shareholder/17914401175772326/20251201 (Caused by SSLError(SSLCertVerificationError(1, '[SSL: CERTIFICATE_VERIFY_FAILED] certificate verify failed: unable to get local issuer certificate (_ssl.c:1010)')))","chan":"stdout","logger":"task"}
{"timestamp":"2025-12-07T11:47:40.364736Z","level":"info","event":"شركت ارزش آفرينان ترمس -سهامي خاص - 82244259.0 1.495","chan":"stdout","logger":"task"}
{"timestamp":"2025-12-07T11:47:40.365267Z","level":"info","event":"PRXسبد-شرك19399--شرك81598- 56422253.0 1.025","chan":"stdout","logger":"task"}
{"timestamp":"2025-12-07T11:47:40.365646Z","level":"info","event":"PRXسبد-شرك10999--شرك05487- 59128194.0 1.075","chan":"stdout","logger":"task"}
{"timestamp":"2025-12-07T11:47:40.365982Z","level":"info","event":"ETFكدرزروصندوقهاي سرمايه گذاري قابل معامله 1687000000.0 30.672","chan":"stdout","logger":"task"}
{"timestamp":"2025-12-07T11:47:40.366413Z","level":"info","event":"PRXسبد-شرك84321--شرك49162- 63014000.0 1.145","chan":"stdout","logger":"task"}
{"timestamp":"2025-12-07T11:47:40.366931Z","level":"info","event":"PRXسبد-شرك84321--شرك49162- 63014000.0 1.145","chan":"stdout","logger":"task"}
{"timestamp":"2025-12-07T11:47:40.367593Z","level":"info","event":"ETFكدرزروصندوقهاي سرمايه گذاري قابل معامله 1687000000.0 30.672","chan":"stdout","logger":"task"}
{"timestamp":"2025-12-07T11:47:40.368325Z","level":"info","event":"شركت ارزش آفرينان ترمس -سهامي خاص - 82209259.0 1.494","chan":"stdout","logger":"task"}
{"timestamp":"2025-12-07T11:47:40.371575Z","level":"info","event":"PRXسبد-شرك10999--شرك05487- 57967356.0 1.053","chan":"stdout","logger":"task"}
{"timestamp":"2025-12-07T11:47:40.372139Z","level":"info","event":"PRXسبد-شرك19399--شرك81598- 56422253.0 1.025","chan":"stdout","logger":"task"}
{"timestamp":"2025-12-07T11:47:40.441038Z","level":"info","event":"PRXسبد-شرك84321--شرك49162- 63014000.0 1.145","chan":"stdout","logger":"task"}
{"timestamp":"2025-12-07T11:47:40.441644Z","level":"info","event":"PRXسبد-شرك10999--شرك05487- 59128194.0 1.075","chan":"stdout","logger":"task"}
{"timestamp":"2025-12-07T11:47:40.442107Z","level":"info","event":"ETFكدرزروصندوقهاي سرمايه گذاري قابل معامله 1687000000.0 30.672","chan":"stdout","logger":"task"}
{"timestamp":"2025-12-07T11:47:40.442568Z","level":"info","event":"شركت ارزش آفرينان ترمس -سهامي خاص - 82312259.0 1.496","chan":"stdout","logger":"task"}
{"timestamp":"2025-12-07T11:47:40.442962Z","level":"info","event":"PRXسبد-شرك19399--شرك81598- 56422253.0 1.025","chan":"stdout","logger":"task"}
{"timestamp":"2025-12-07T11:47:40.443513Z","level":"info","event":"PRXسبد-شرك84321--شرك49162- 63014000.0 1.145","chan":"stdout","logger":"task"}
{"timestamp":"2025-12-07T11:47:40.444069Z","level":"info","event":"PRXسبد-شرك10999--شرك05487- 59128194.0 1.075","chan":"stdout","logger":"task"}
{"timestamp":"2025-12-07T11:47:40.444644Z","level":"info","event":"ETFكدرزروصندوقهاي سرمايه گذاري قابل معامله 1687000000.0 30.672","chan":"stdout","logger":"task"}
{"timestamp":"2025-12-07T11:47:40.445109Z","level":"info","event":"شركت ارزش آفرينان ترمس -سهامي خاص - 82244259.0 1.495","chan":"stdout","logger":"task"}
{"timestamp":"2025-12-07T11:47:40.445565Z","level":"info","event":"PRXسبد-شرك19399--شرك81598- 56422253.0 1.025","chan":"stdout","logger":"task"}
{"timestamp":"2025-12-07T11:47:40.489602Z","level":"info","event":"Failed to fetch https://cdn.tsetmc.com/api/Shareholder/17914401175772326/20251204: HTTPSConnectionPool(host='cdn.tsetmc.com', port=443): Max retries exceeded with url: /api/Shareholder/17914401175772326/20251204 (Caused by SSLError(SSLCertVerificationError(1, '[SSL: CERTIFICATE_VERIFY_FAILED] certificate verify failed: unable to get local issuer certificate (_ssl.c:1010)')))","chan":"stdout","logger":"task"}
{"timestamp":"2025-12-07T11:47:40.525093Z","level":"info","event":"PRXسبد-شرك19399--شرك81598- 56422253.0 1.025","chan":"stdout","logger":"task"}
{"timestamp":"2025-12-07T11:47:40.525659Z","level":"info","event":"ETFكدرزروصندوقهاي سرمايه گذاري قابل معامله 1687000000.0 30.672","chan":"stdout","logger":"task"}
{"timestamp":"2025-12-07T11:47:40.526112Z","level":"info","event":"PRXسبد-شرك10999--شرك05487- 59128194.0 1.075","chan":"stdout","logger":"task"}
{"timestamp":"2025-12-07T11:47:40.526589Z","level":"info","event":"PRXسبد-شرك84321--شرك49162- 63014000.0 1.145","chan":"stdout","logger":"task"}
{"timestamp":"2025-12-07T11:47:40.527173Z","level":"info","event":"شركت ارزش آفرينان ترمس -سهامي خاص - 82312259.0 1.496","chan":"stdout","logger":"task"}
{"timestamp":"2025-12-07T11:47:40.527655Z","level":"info","event":"شركت ارزش آفرينان ترمس -سهامي خاص - 82244259.0 1.495","chan":"stdout","logger":"task"}
{"timestamp":"2025-12-07T11:47:40.528228Z","level":"info","event":"PRXسبد-شرك19399--شرك81598- 56422253.0 1.025","chan":"stdout","logger":"task"}
{"timestamp":"2025-12-07T11:47:40.528754Z","level":"info","event":"PRXسبد-شرك10999--شرك05487- 59128194.0 1.075","chan":"stdout","logger":"task"}
{"timestamp":"2025-12-07T11:47:40.529214Z","level":"info","event":"ETFكدرزروصندوقهاي سرمايه گذاري قابل معامله 1687000000.0 30.672","chan":"stdout","logger":"task"}
{"timestamp":"2025-12-07T11:47:40.529703Z","level":"info","event":"PRXسبد-شرك84321--شرك49162- 63014000.0 1.145","chan":"stdout","logger":"task"}
{"timestamp":"2025-12-07T11:47:40.593494Z","level":"info","event":"PRXسبد-شرك84321--شرك49162- 63014000.0 1.145","chan":"stdout","logger":"task"}
{"timestamp":"2025-12-07T11:47:40.594022Z","level":"info","event":"PRXسبد-شرك10999--شرك05487- 59128194.0 1.075","chan":"stdout","logger":"task"}
{"timestamp":"2025-12-07T11:47:40.594520Z","level":"info","event":"ETFكدرزروصندوقهاي سرمايه گذاري قابل معامله 1687000000.0 30.672","chan":"stdout","logger":"task"}
{"timestamp":"2025-12-07T11:47:40.594971Z","level":"info","event":"شركت ارزش آفرينان ترمس -سهامي خاص - 82414259.0 1.498","chan":"stdout","logger":"task"}
{"timestamp":"2025-12-07T11:47:40.595450Z","level":"info","event":"PRXسبد-شرك19399--شرك81598- 56422253.0 1.025","chan":"stdout","logger":"task"}
{"timestamp":"2025-12-07T11:47:40.596048Z","level":"info","event":"PRXسبد-شرك84321--شرك49162- 63014000.0 1.145","chan":"stdout","logger":"task"}
{"timestamp":"2025-12-07T11:47:40.596555Z","level":"info","event":"PRXسبد-شرك10999--شرك05487- 59128194.0 1.075","chan":"stdout","logger":"task"}
{"timestamp":"2025-12-07T11:47:40.597000Z","level":"info","event":"ETFكدرزروصندوقهاي سرمايه گذاري قابل معامله 1687000000.0 30.672","chan":"stdout","logger":"task"}
{"timestamp":"2025-12-07T11:47:40.597443Z","level":"info","event":"شركت ارزش آفرينان ترمس -سهامي خاص - 82312259.0 1.496","chan":"stdout","logger":"task"}
{"timestamp":"2025-12-07T11:47:40.597772Z","level":"info","event":"PRXسبد-شرك19399--شرك81598- 56422253.0 1.025","chan":"stdout","logger":"task"}
{"timestamp":"2025-12-07T11:47:40.643123Z","level":"info","event":"Failed to fetch https://cdn.tsetmc.com/api/Shareholder/17914401175772326/20251207: HTTPSConnectionPool(host='cdn.tsetmc.com', port=443): Max retries exceeded with url: /api/Shareholder/17914401175772326/20251207 (Caused by SSLError(SSLCertVerificationError(1, '[SSL: CERTIFICATE_VERIFY_FAILED] certificate verify failed: unable to get local issuer certificate (_ssl.c:1010)')))","chan":"stdout","logger":"task"}
{"timestamp":"2025-12-07T11:47:40.643184","level":"info","event":"Done. Returned value was: []","logger":"airflow.task.operators.airflow.providers.standard.decorators.python._PythonDecoratedOperator"}
{"timestamp":"2025-12-07T11:47:40.643430","level":"info","event":"Pushing xcom","ti":"RuntimeTaskInstance(id=UUID('019af8a3-2489-7f45-9f95-6f01264b5e01'), task_id='fetch_and_save_csv', dag_id='tsetmc_data_pipeline', run_id='manual__2025-12-07T10:15:14.103735+00:00', try_number=4, map_index=-1, hostname='da7b7117e734', context_carrier=None, task=<Task(_PythonDecoratedOperator): fetch_and_save_csv>, bundle_instance=LocalDagBundle(name=dags-folder), max_tries=6, start_date=datetime.datetime(2025, 12, 7, 11, 47, 16, 696430, tzinfo=datetime.timezone.utc), end_date=None, state=<TaskInstanceState.RUNNING: 'running'>, is_mapped=False, rendered_map_index=None, log_url='http://localhost:8080/dags/tsetmc_data_pipeline/runs/manual__2025-12-07T10%3A15%3A14.103735%2B00%3A00/tasks/fetch_and_save_csv?try_number=4')","logger":"task"}
